x;y;z;v_x;v_y;v_z;a_x;a_y;a_z;L_x;L_y;L_z;particles_number;time
5.4633756;-5.789265;-2.8167315;-1.9086809;-0.66723865;-1.2225475;-16.741156;-10.558696;-4.94442;12.25;12.25;12.25;686;50.00000000000713
-1.4636497;2.7047358;1.389916;-0.6015458;-0.16500892;-1.1516149;-1.4858203;-1.5832151;2.3627484;12.25;12.25;12.25;686;50.00000000000713
-3.0841694;-0.25393814;0.91514295;-2.1809945;-0.9733427;0.27370128;-1.5242803;0.10165424;-1.143646;12.25;12.25;12.25;686;50.00000000000713
4.164402;-5.6975346;-0.8196395;-1.2607951;-1.1493448;-0.8024345;1.7753427;-22.821304;1.5554569;12.25;12.25;12.25;686;50.00000000000713
-0.6854031;-2.7619882;1.6377496;-1.1095285;-1.3581444;-0.9472664;-1.1087378;1.5503429;-0.61104506;12.25;12.25;12.25;686;50.00000000000713
-5.414651;1.1905682;-2.3455186;-0.44180736;-1.3428414;-0.091735736;-4.671805;0.013295808;-1.7280855;12.25;12.25;12.25;686;50.00000000000713
0.53276116;0.98078036;-2.2109375;1.0030782;0.6826354;-1.0945126;-7.9982557;4.1968145;-7.6934347;12.25;12.25;12.25;686;50.00000000000713
-3.073921;5.060193;4.351671;1.1811236;-0.5756337;2.567168;3.9681904;-4.160793;2.15081;12.25;12.25;12.25;686;50.00000000000713
-3.6184886;1.5984998;1.4329877;-1.4916062;-2.1391041;-0.2913229;-24.61927;11.47053;-107.66431;12.25;12.25;12.25;686;50.00000000000713
0.10007715;-1.6543908;-2.991609;-1.0445867;0.24576536;0.9538528;-1.2138453;0.48537284;0.62480986;12.25;12.25;12.25;686;50.00000000000713
2.6790543;4.904699;-2.1488895;0.091905035;1.0623013;-1.5355124;0.092903696;-0.6620956;0.016301276;12.25;12.25;12.25;686;50.00000000000713
5.066613;-0.91313595;2.376877;-1.422429;-0.48192087;-0.13421062;-2.4168015;3.8047311;-2.3889043;12.25;12.25;12.25;686;50.00000000000713
1.6119428;5.5865636;5.025257;-0.5121173;0.6515946;-0.3418566;0.77780414;-1.2175412;-1.6108253;12.25;12.25;12.25;686;50.00000000000713
-4.9050517;5.6225333;4.681387;1.1105785;-1.2450968;-1.8104347;3.903771;0.41234356;-0.23815408;12.25;12.25;12.25;686;50.00000000000713
-0.2973684;4.1656356;0.39878604;0.04351914;1.2594833;-1.1334625;0.6431371;-2.7838862;-1.084303;12.25;12.25;12.25;686;50.00000000000713
1.2868439;3.0467598;5.8558793;-1.6352283;0.5706541;0.28753698;3.263977;-4.195039;-1.5298183;12.25;12.25;12.25;686;50.00000000000713
-0.7526128;-4.0180545;-4.844818;0.6510224;-1.1512767;-0.41042054;-5.398924;0.8281687;1.0706717;12.25;12.25;12.25;686;50.00000000000713
2.679641;6.0666394;-3.0508895;0.5232566;-0.6988944;-0.7991104;1.3719864;-1.9852365;-1.978123;12.25;12.25;12.25;686;50.00000000000713
1.48866;-5.478611;-4.2113724;2.3942213;-1.0817286;-0.124533504;-2.882148;-0.07646896;0.07463029;12.25;12.25;12.25;686;50.00000000000713
4.070053;-4.7860456;-1.211955;1.3210526;-0.1836201;-3.0518594;-3.3108776;26.294928;-11.931679;12.25;12.25;12.25;686;50.00000000000713
5.7526555;1.5550318;-2.7314427;-2.2178822;-3.1166587;-0.20682834;-0.7313945;2.9755044;5.0853543;12.25;12.25;12.25;686;50.00000000000713
-3.9210308;-0.44043565;-5.396384;-2.26574;-1.517658;-1.8000368;7.1249104;6.963537;-4.0931907;12.25;12.25;12.25;686;50.00000000000713
0.6275673;1.7468771;-0.9763042;0.6084717;-1.9244471;-1.7072196;11.319736;-10.118234;-12.675277;12.25;12.25;12.25;686;50.00000000000713
-2.2529252;2.288532;-2.8449345;-0.47180325;-0.39486325;-0.3186017;1.3833106;-1.1298449;1.3978738;12.25;12.25;12.25;686;50.00000000000713
4.7920804;2.1927438;4.1677117;1.3285998;-0.56434405;0.5435215;10.526142;2.48451;12.518906;12.25;12.25;12.25;686;50.00000000000713
2.7441509;4.0299106;4.437408;0.5352306;-0.13667548;0.13693503;-3.8083785;-31.443521;-11.317372;12.25;12.25;12.25;686;50.00000000000713
-0.73500764;0.7037259;0.42522958;0.39043477;-0.5054744;-0.36516517;2.099674;4.0740347;-1.078797;12.25;12.25;12.25;686;50.00000000000713
-5.624697;1.5628958;-3.3862488;-0.46767282;-1.7450312;-0.7118922;4.1644387;4.075754;-1.2483293;12.25;12.25;12.25;686;50.00000000000713
-0.8995778;-2.1302998;3.0590112;1.7069557;0.777174;1.2816532;-5.132079;6.725984;0.8491742;12.25;12.25;12.25;686;50.00000000000713
-1.0998789;3.6971514;1.1615733;1.8050011;-1.2318795;0.16104025;25.083193;-7.1088276;10.5052;12.25;12.25;12.25;686;50.00000000000713
2.26556;-1.8500869;-4.561826;1.6495695;-0.4287415;0.38417917;4.762319;13.345366;3.5288632;12.25;12.25;12.25;686;50.00000000000713
5.116469;-3.3191724;-3.0264595;0.072966084;0.7646542;1.4600532;4.6093183;-2.215503;1.3890356;12.25;12.25;12.25;686;50.00000000000713
1.9177083;6.1110225;2.4327297;-0.47264305;1.0978389;0.47564122;0.31298167;-1.1064862;1.7165618;12.25;12.25;12.25;686;50.00000000000713
-5.558847;5.5234013;-3.4417078;-0.70619565;1.4201187;-1.9452022;-0.24081537;2.8204465;-1.0925392;12.25;12.25;12.25;686;50.00000000000713
5.089055;5.243008;-4.043777;0.25489947;-1.937904;0.4632033;1.6424335;14.391612;-46.622993;12.25;12.25;12.25;686;50.00000000000713
4.6521316;1.3395524;3.5331094;-1.8615999;0.49896505;-0.3347388;-10.061285;-16.599552;15.488269;12.25;12.25;12.25;686;50.00000000000713
4.4597497;1.281735;2.1209316;-0.97885686;-2.3714988;2.922053;-16.263105;-15.40873;-18.609703;12.25;12.25;12.25;686;50.00000000000713
0.54411227;3.6003888;-5.806674;-1.8451694;0.9978603;1.5125188;2.8732023;-7.5398045;-2.1677485;12.25;12.25;12.25;686;50.00000000000713
2.9903939;-2.5122588;0.4057785;-1.6654786;-0.62752604;0.09995868;-3.230229;-0.20328431;-1.8382268;12.25;12.25;12.25;686;50.00000000000713
-2.2217174;4.535168;4.8999214;1.888163;-0.09689768;-0.9599834;-0.9085236;-1.840573;-1.1310917;12.25;12.25;12.25;686;50.00000000000713
-2.1610327;2.430253;-6.1119294;-1.6503866;-1.2413018;-1.8193411;6.6406236;-0.7511336;0.8196996;12.25;12.25;12.25;686;50.00000000000713
-0.5250462;-3.8154547;5.1460276;0.52645075;-1.8747666;2.9193451;0.42641643;1.4177159;1.6722417;12.25;12.25;12.25;686;50.00000000000713
5.2680306;4.5292873;-2.0417607;-0.4199361;0.88178813;-1.056098;3.6561608;6.750056;-2.0308015;12.25;12.25;12.25;686;50.00000000000713
3.7909017;-1.9059014;-1.383441;-1.0770639;-0.9937421;1.0703055;-2.5298178;-3.927175;7.5613537;12.25;12.25;12.25;686;50.00000000000713
4.8590317;0.32869163;-5.083107;-2.4785879;-0.7569171;-0.033536095;-0.6552213;-0.57979786;-0.52462655;12.25;12.25;12.25;686;50.00000000000713
0.751463;-2.2912638;-1.1671816;1.6352803;-0.81231713;1.3566244;10.384613;5.775939;-12.151851;12.25;12.25;12.25;686;50.00000000000713
0.40515074;-6.0171285;-0.6739584;0.6071099;2.3506246;1.7477843;-2.7513123;-1.9415518;-0.30703807;12.25;12.25;12.25;686;50.00000000000713
1.3827085;-2.656427;1.9927475;-1.5029626;1.0959767;0.30837008;3.6411426;3.4560611;-1.4383471;12.25;12.25;12.25;686;50.00000000000713
-1.977989;-2.9387736;1.2338421;1.1722926;1.7227805;1.4024711;2.0735466;0.17131518;0.8239669;12.25;12.25;12.25;686;50.00000000000713
-3.3306215;3.9826021;4.4417152;1.0835803;-0.44114137;0.3494604;-1.2578733;2.7503197;1.2042369;12.25;12.25;12.25;686;50.00000000000713
5.8481565;-3.960623;-5.709634;-1.7497077;1.2784218;-0.09160639;2.3263757;0.31811225;1.5856434;12.25;12.25;12.25;686;50.00000000000713
-0.109859265;-1.8021047;1.27604;1.231833;-0.85832006;-2.7381196;24.679905;-10.414821;10.080515;12.25;12.25;12.25;686;50.00000000000713
5.5815206;4.1729937;3.5600243;-1.2602571;-1.0812498;0.13554154;-1.9333103;-2.5647955;0.4809004;12.25;12.25;12.25;686;50.00000000000713
-3.4019349;3.1432643;0.79914904;1.2354236;-0.008960637;-0.30462772;1.2979653;0.31281534;0.87852156;12.25;12.25;12.25;686;50.00000000000713
-2.0844135;-6.0937467;-4.1892586;-0.77576464;0.45924062;0.41051215;-29.048616;24.278187;25.59064;12.25;12.25;12.25;686;50.00000000000713
3.87536;-5.4851007;-3.6550403;0.8588514;-0.1581886;0.4966131;-1.5008595;0.8245183;-0.44391665;12.25;12.25;12.25;686;50.00000000000713
-4.903347;2.395223;0.71449393;0.8104566;-1.024432;1.3776788;1.2764176;0.25549904;3.2964957;12.25;12.25;12.25;686;50.00000000000713
-0.30056316;1.8098903;0.69893056;-0.2959514;-0.45232922;2.3579855;4.611462;2.421075;-4.695319;12.25;12.25;12.25;686;50.00000000000713
-1.8887326;-3.4028592;-5.4333596;1.3639864;-0.9192208;0.29798293;5.1350656;10.034788;-13.285146;12.25;12.25;12.25;686;50.00000000000713
-3.7851226;0.6725507;-2.9586508;0.3879843;2.248126;1.0262933;0.54381573;0.47677135;-6.350617;12.25;12.25;12.25;686;50.00000000000713
-5.5591345;0.48037875;-0.9966665;-0.29856333;-0.30236617;0.969167;-1.0964706;1.4263774;-1.8375773;12.25;12.25;12.25;686;50.00000000000713
2.481756;-2.0675366;-3.020229;-0.65156794;-0.9583218;-0.9939257;5.379786;33.4282;-3.9821038;12.25;12.25;12.25;686;50.00000000000713
5.5338087;-5.6678557;-1.2287256;-0.19143216;-1.3636739;2.7338624;1.7967627;-3.1666613;-1.1333565;12.25;12.25;12.25;686;50.00000000000713
-5.8906236;3.6626494;-3.5896635;-0.93378025;0.2577136;0.8091076;-8.636769;-17.708372;-34.617596;12.25;12.25;12.25;686;50.00000000000713
-5.758713;-5.0565686;4.3361006;1.0420983;0.082418114;1.1551752;-19.118046;2.3269882;7.226701;12.25;12.25;12.25;686;50.00000000000713
0.9399115;2.1985376;1.5887549;-0.8360484;1.8340752;2.2844834;-1.3123373;5.673502;-2.9205885;12.25;12.25;12.25;686;50.00000000000713
2.4432375;-5.197099;5.8444343;1.4695599;-2.3163426;-0.65113074;8.018686;-5.0572977;-3.233364;12.25;12.25;12.25;686;50.00000000000713
2.5310075;4.783697;-0.70595294;1.0156714;-0.5783663;-0.9110436;6.194094;12.983838;5.092621;12.25;12.25;12.25;686;50.00000000000713
-3.3053424;0.3550176;-5.0474;1.7799269;-0.55573004;-1.4602754;0.0012390818;-13.673686;9.168601;12.25;12.25;12.25;686;50.00000000000713
-0.58293027;5.410334;-3.0157576;1.2766454;0.3976457;0.7788529;-2.2106144;10.264337;7.395867;12.25;12.25;12.25;686;50.00000000000713
3.746879;4.5824056;-2.5837655;-1.8492075;0.11701994;-0.08344571;0.66140527;0.4407834;-1.6316587;12.25;12.25;12.25;686;50.00000000000713
0.9535222;-1.8639488;-0.15103415;1.7235115;-0.653852;-0.13201553;-1.7343124;-3.365321;1.7775413;12.25;12.25;12.25;686;50.00000000000713
-2.1042688;0.056320276;5.379817;1.0568882;-0.29251966;0.16356955;-7.0906262;-0.9456937;-8.604344;12.25;12.25;12.25;686;50.00000000000713
3.118372;4.8337126;-3.5343654;-1.6814206;-1.0791662;-0.540149;-0.849555;-1.2762799;1.0578222;12.25;12.25;12.25;686;50.00000000000713
2.4946811;-1.5054556;1.531814;-0.02029078;0.49046335;-1.7016277;19.563715;-1.8217223;-3.0989125;12.25;12.25;12.25;686;50.00000000000713
-2.5831819;3.1725917;4.4393578;-0.4266342;3.2884932;-0.6731377;4.8841767;1.3413134;1.4927249;12.25;12.25;12.25;686;50.00000000000713
-1.1781529;2.836089;0.17052221;-0.53400666;-1.4930273;-1.0238572;2.528559;2.0398583;4.35327;12.25;12.25;12.25;686;50.00000000000713
-3.2978778;-0.38019168;-3.7098014;0.03873271;-2.6530566;-0.023801118;0.60788906;19.278963;27.13094;12.25;12.25;12.25;686;50.00000000000713
-1.0748936;4.2134285;-0.6279707;-0.04534491;1.3736361;-1.7783026;6.0157247;-5.6192183;11.656312;12.25;12.25;12.25;686;50.00000000000713
4.49193;0.039215043;1.7201246;0.3163278;0.6388887;0.27832335;15.447618;11.292715;-12.131971;12.25;12.25;12.25;686;50.00000000000713
0.18096556;-4.3826523;-0.38455513;0.5136584;-0.11800112;-1.8685548;3.7808316;2.7337492;-6.2121177;12.25;12.25;12.25;686;50.00000000000713
0.5499625;3.915289;3.3756173;-1.6438421;-1.1780237;-2.3451326;-1.651537;2.6606894;2.9115207;12.25;12.25;12.25;686;50.00000000000713
0.13191512;-2.4454737;-6.116305;0.6613924;1.0334306;-0.5160257;-3.1408443;-1.839929;0.8027613;12.25;12.25;12.25;686;50.00000000000713
-5.838262;-3.9722204;-4.7358794;0.17841686;-0.52489513;0.95040065;0.9858354;-8.420947;1.91811;12.25;12.25;12.25;686;50.00000000000713
-3.312575;5.3879795;-2.6491592;0.51456255;0.507383;-1.2528205;0.60902566;-1.3802484;-0.017573914;12.25;12.25;12.25;686;50.00000000000713
4.83893;-2.9928234;2.8822997;0.5289284;0.8517218;-0.41831958;0.19526653;-2.342205;-0.057048865;12.25;12.25;12.25;686;50.00000000000713
3.2583203;-2.336956;4.571065;0.954565;0.7618211;-1.0318786;-0.58692664;-0.8564481;-0.8918406;12.25;12.25;12.25;686;50.00000000000713
1.3343371;0.9479464;5.0643907;-0.0975269;0.9867384;0.77785957;-0.7426465;12.321666;6.5592666;12.25;12.25;12.25;686;50.00000000000713
4.6497946;1.8069092;-3.1234136;0.71950465;-1.4394681;-1.3126698;-29.878855;-33.828304;17.799046;12.25;12.25;12.25;686;50.00000000000713
0.9105683;0.2847836;-3.9073548;-1.0973984;1.4965203;-0.14746442;-0.11239236;1.9446994;2.052452;12.25;12.25;12.25;686;50.00000000000713
4.647476;3.7987213;-1.596761;0.8298876;-0.7821144;-1.6789804;-8.217107;-7.733147;2.9739518;12.25;12.25;12.25;686;50.00000000000713
0.29635465;4.59164;-2.1517165;-0.59959954;-2.4635777;0.5355057;2.8824973;1.1159947;-3.9846077;12.25;12.25;12.25;686;50.00000000000713
-3.335461;5.3342867;1.8703314;-0.7721904;-0.561293;1.7527976;3.9794683;-0.18243285;-0.0029826907;12.25;12.25;12.25;686;50.00000000000713
-0.93087703;-4.753883;-1.6185956;0.749186;1.3541961;-1.5408136;-4.7614474;-2.683252;0.13319711;12.25;12.25;12.25;686;50.00000000000713
2.5077004;6.111642;-1.9639738;-0.82429093;0.7481615;-0.111541495;8.1702175;-3.300354;-1.3795735;12.25;12.25;12.25;686;50.00000000000713
-2.3304386;-0.14980792;-4.4631453;-1.2067565;-0.18704735;-0.8674416;-8.427389;3.41429;0.3169635;12.25;12.25;12.25;686;50.00000000000713
-3.5888965;0.34007108;3.0332685;-2.3665836;0.43431008;2.886237;11.256592;-1.6683435;-5.00582;12.25;12.25;12.25;686;50.00000000000713
-0.5703128;-4.405937;-6.0844765;-3.0988173;0.41651857;2.250092;-27.071016;23.267311;-47.6724;12.25;12.25;12.25;686;50.00000000000713
0.37144133;-4.392286;-3.8957741;-0.2419817;-1.9589424;2.6377835;1.2522031;-5.8747506;1.2733623;12.25;12.25;12.25;686;50.00000000000713
5.587411;-1.9767916;5.7068906;-1.5418057;0.35751548;-1.1769334;26.789976;6.677783;-1.2611524;12.25;12.25;12.25;686;50.00000000000713
5.0922904;5.2419662;0.0338117;-1.0775583;0.5027552;0.55392766;-0.9726829;1.3129405;-1.5095234;12.25;12.25;12.25;686;50.00000000000713
-5.7118554;5.782354;-1.4734522;0.22893998;-3.3884652;-1.4846747;-8.708846;-2.214911;12.148843;12.25;12.25;12.25;686;50.00000000000713
-4.414617;-1.7118804;4.933011;0.459852;-0.90604424;1.4174923;5.8315926;1.5146883;-15.795575;12.25;12.25;12.25;686;50.00000000000713
5.444219;-0.28816965;-5.9868784;-1.6661822;1.526234;0.5618377;-0.5212031;1.3791176;1.8137807;12.25;12.25;12.25;686;50.00000000000713
1.405955;-0.21976675;-1.734596;-1.505281;0.11271593;-1.770654;-0.9875112;1.4043151;1.564491;12.25;12.25;12.25;686;50.00000000000713
-1.2737939;4.655669;-5.4629717;1.021383;-0.14446084;0.18084773;3.01737;0.86425096;-4.024892;12.25;12.25;12.25;686;50.00000000000713
1.5456848;1.2455804;-2.3452847;0.6890185;-0.794536;0.49608478;-2.9365;2.7488277;-5.652868;12.25;12.25;12.25;686;50.00000000000713
1.4653814;-1.5626276;-3.914924;-2.0856879;0.24524066;-0.55157614;-3.3870394;-0.7108372;2.6335127;12.25;12.25;12.25;686;50.00000000000713
-3.6510274;1.7328638;-2.8332558;-2.4672313;1.5787578;0.48517206;2.4198055;3.0071578;-0.3255488;12.25;12.25;12.25;686;50.00000000000713
0.056888357;-5.0998774;-1.8725837;0.7227396;-1.6126074;-1.6534652;3.8539035;-1.5245095;-2.497368;12.25;12.25;12.25;686;50.00000000000713
-3.174934;-2.3933818;2.5773325;-0.11824303;-0.7605836;2.327127;-2.1823325;17.441605;-7.9181423;12.25;12.25;12.25;686;50.00000000000713
2.2237363;0.6062313;-5.3125935;2.292063;1.3409165;-1.291863;1.5089712;3.2730482;-1.6119792;12.25;12.25;12.25;686;50.00000000000713
-4.7538776;5.805808;-4.540691;-0.83508676;1.4651216;1.1406835;-3.92771;-0.6408179;1.9417408;12.25;12.25;12.25;686;50.00000000000713
3.2465808;-2.736703;-3.6713586;2.4821973;-0.584505;-0.63799214;-3.7408736;-1.4740685;1.7584027;12.25;12.25;12.25;686;50.00000000000713
-0.08588957;-4.8386183;0.52577937;1.0472838;-0.08471642;0.9814665;-2.301571;-3.2032716;6.2916546;12.25;12.25;12.25;686;50.00000000000713
-3.3164468;-0.88341457;-4.557144;-1.7020448;1.1299671;-0.29156965;0.20208496;-13.21978;-26.870966;12.25;12.25;12.25;686;50.00000000000713
4.025308;2.3451304;1.8814756;1.0217296;1.0434579;0.8908256;14.318537;-6.828963;13.3631735;12.25;12.25;12.25;686;50.00000000000713
-2.434867;4.406762;2.3524647;-0.95548403;0.6806402;0.8669237;2.0639498;1.0172178;-2.20279;12.25;12.25;12.25;686;50.00000000000713
0.6987222;5.8815594;-3.8837912;-0.762929;-0.15325958;-1.0761266;1.4425613;-2.3038025;1.0302936;12.25;12.25;12.25;686;50.00000000000713
-2.0595665;3.6065333;-1.1863383;-1.1343223;-0.97419393;-0.45066205;4.268487;0.75192416;1.7131257;12.25;12.25;12.25;686;50.00000000000713
1.5930688;0.1365702;4.4871955;-0.5355035;-0.94015634;2.1614807;1.0880519;-16.1355;-2.628313;12.25;12.25;12.25;686;50.00000000000713
1.9071575;-5.4784746;0.84895396;-0.2533589;-0.98035926;1.038895;-26.404715;-1.3778983;-9.122987;12.25;12.25;12.25;686;50.00000000000713
-5.680908;1.3772565;3.9161522;0.6089429;-1.2150383;1.2334036;1.8288449;2.1256375;2.318262;12.25;12.25;12.25;686;50.00000000000713
0.18396157;5.3747506;-5.320116;-1.0693147;1.4873656;-1.2047014;-2.1163166;-1.8453937;0.6767148;12.25;12.25;12.25;686;50.00000000000713
0.87476236;-2.9226415;-2.197722;-0.72051764;-1.6954088;0.74280244;-4.3037496;3.5085678;-2.8074455;12.25;12.25;12.25;686;50.00000000000713
0.30954674;0.23046254;-0.3316713;0.49438787;1.7263358;-1.3179146;-5.242492;-11.136727;29.21804;12.25;12.25;12.25;686;50.00000000000713
-0.056409746;2.4529252;-4.1259418;1.9188741;-1.5525382;1.8231268;0.5635909;-2.4721045;1.0732874;12.25;12.25;12.25;686;50.00000000000713
0.23574686;2.5392768;-5.2689304;1.187081;1.4973583;-1.4937905;1.1441973;1.9276185;-0.80597;12.25;12.25;12.25;686;50.00000000000713
-0.8891919;-4.1427474;-0.22623408;-0.4269434;0.033375192;0.21553296;1.0156978;-3.0060484;3.3772244;12.25;12.25;12.25;686;50.00000000000713
2.132409;0.2813309;1.1045169;-1.2234619;-0.47540542;-1.0399805;-1.1959068;0.4612091;1.0395631;12.25;12.25;12.25;686;50.00000000000713
-5.9042163;0.6194797;5.1493626;-0.501555;0.33002266;-0.55333686;2.3914073;1.1756116;0.7021321;12.25;12.25;12.25;686;50.00000000000713
-4.2066593;5.177684;0.66074765;0.67756355;-1.292177;0.17450842;0.19956829;-0.2363469;-1.7929641;12.25;12.25;12.25;686;50.00000000000713
-1.3883517;1.9099611;5.3542447;0.30074418;0.90028375;-0.7127632;0.6315642;3.567331;1.7217678;12.25;12.25;12.25;686;50.00000000000713
-5.253555;-1.915017;-2.5496366;-0.8527738;0.24350761;-0.4944788;10.95258;1.0878742;-4.747698;12.25;12.25;12.25;686;50.00000000000713
-5.0298705;4.7738805;-2.8388371;-0.94127303;0.93635446;-1.160914;5.5738363;16.586943;-0.23004548;12.25;12.25;12.25;686;50.00000000000713
-1.1826032;3.4880319;2.226675;0.0369339;-3.3536413;-0.7920713;-1.6194845;-2.2987974;2.0796108;12.25;12.25;12.25;686;50.00000000000713
1.8484933;2.0548973;2.1943774;-0.19729295;-1.0541666;-2.454471;-0.75826603;-0.48798636;4.073545;12.25;12.25;12.25;686;50.00000000000713
-3.5760477;0.929188;0.31440213;0.010914977;-2.553204;0.7806218;-3.4300377;8.118808;7.8182087;12.25;12.25;12.25;686;50.00000000000713
1.7975293;-2.7315326;-4.7229886;1.3609133;1.6554784;2.303088;-7.2149134;-17.55847;-3.251559;12.25;12.25;12.25;686;50.00000000000713
-1.9799662;0.24284083;-5.8422747;-0.11752993;-4.035883;-0.03677706;-0.6687013;0.55307674;9.167637;12.25;12.25;12.25;686;50.00000000000713
4.1536107;-4.9341345;4.8714848;0.0912;0.16072398;1.6444529;-0.4264336;-6.103482;-2.4679565;12.25;12.25;12.25;686;50.00000000000713
-0.6093199;-2.592428;-1.8607144;0.26695737;-1.9654489;2.8405561;-1.8833152;2.3091505;0.86751044;12.25;12.25;12.25;686;50.00000000000713
0.8942162;4.8366957;-3.2196975;0.44246185;-0.62205833;1.9514463;-4.7938643;-3.9692907;-4.1586514;12.25;12.25;12.25;686;50.00000000000713
-5.362043;-5.1294847;-4.860004;0.34533414;-1.274567;-0.54075825;1.0782611;-11.847697;23.228739;12.25;12.25;12.25;686;50.00000000000713
2.8047178;-5.405999;1.2794281;2.0351682;0.43660694;-1.5235302;21.368883;0.9787125;11.563237;12.25;12.25;12.25;686;50.00000000000713
4.8557067;-4.637223;-2.885737;0.11972129;1.2026231;1.375246;-0.039413482;0.24656847;0.11234848;12.25;12.25;12.25;686;50.00000000000713
-2.3292654;-2.7645006;5.3806605;0.15931332;-0.18680483;-0.5524073;-0.49838212;-2.737868;0.06984993;12.25;12.25;12.25;686;50.00000000000713
2.1042893;-0.05520283;5.841439;-2.1312294;0.21462014;1.9491706;0.79960203;2.0847888;-0.51962227;12.25;12.25;12.25;686;50.00000000000713
0.46173248;-3.3226683;0.51977885;0.857981;2.4025676;-1.2465426;-43.12515;-27.659424;-13.5293;12.25;12.25;12.25;686;50.00000000000713
5.20429;-0.7675252;-4.525871;-1.7902627;0.25380787;-0.91864383;-6.262018;5.2594504;7.5584006;12.25;12.25;12.25;686;50.00000000000713
-1.2835121;-2.1099837;-4.2681637;1.8347585;1.8808694;-2.0736694;-0.6069109;3.3027084;0.47024906;12.25;12.25;12.25;686;50.00000000000713
0.040875845;2.1814919;-0.2678445;-0.5987164;-0.5256395;0.4522047;-6.722599;7.395507;19.958588;12.25;12.25;12.25;686;50.00000000000713
0.78321445;-5.227143;4.8315516;-0.47705442;1.2820473;0.77211463;2.0778215;1.3820697;-1.7927705;12.25;12.25;12.25;686;50.00000000000713
2.374915;3.8207235;-1.0122471;-1.8525558;0.17930703;-1.5883731;1.9095441;-15.3616085;-4.7481594;12.25;12.25;12.25;686;50.00000000000713
3.8159852;3.5383916;4.1595607;-1.3829683;0.5722783;-1.3045466;2.7152393;2.4259248;-1.1519628;12.25;12.25;12.25;686;50.00000000000713
1.2382818;1.9973713;3.1660166;-0.76787287;0.14617579;0.39440337;2.471864;-1.392466;-0.661837;12.25;12.25;12.25;686;50.00000000000713
4.464426;-5.9115686;0.16404374;0.98564136;-0.44322804;0.010819383;3.8217351;-4.3574886;8.211088;12.25;12.25;12.25;686;50.00000000000713
5.30929;-1.57977;0.15807524;-1.9162968;1.7059101;-0.60892546;33.265385;1.8787564;-1.0852197;12.25;12.25;12.25;686;50.00000000000713
-1.5040687;-4.8709865;4.2280006;-1.0065906;0.014285193;-1.1132735;1.5393572;-0.63315076;-1.5595719;12.25;12.25;12.25;686;50.00000000000713
-0.9397141;1.5509905;-0.5580986;0.21895234;-0.6976276;-0.92643493;15.204625;-9.953554;1.5905588;12.25;12.25;12.25;686;50.00000000000713
-4.3953686;4.8646207;-5.191817;-3.1903126;0.54325086;-2.4253464;-0.8712366;3.2109284;-0.06034883;12.25;12.25;12.25;686;50.00000000000713
-1.3159645;5.0432734;-2.1934774;-1.2156166;1.79376;2.4045563;4.2293725;5.358278;-2.6880987;12.25;12.25;12.25;686;50.00000000000713
1.1901978;-3.057978;-3.265981;0.13170514;-1.1328366;-1.8587122;2.3595157;-1.2169023;1.5180804;12.25;12.25;12.25;686;50.00000000000713
0.63765377;4.2855124;-4.0982237;-0.29904923;0.37586373;1.0533973;-2.0765598;-1.9018228;-4.241233;12.25;12.25;12.25;686;50.00000000000713
-1.1560575;-1.2081689;-2.1490884;-0.2716291;0.32098627;0.5208677;0.84181356;-0.5804142;2.0897408;12.25;12.25;12.25;686;50.00000000000713
-4.056059;-1.464791;-3.4195518;-2.5493398;0.85971665;2.0089517;0.2694555;-0.08249786;-6.6665144;12.25;12.25;12.25;686;50.00000000000713
-4.9415703;-4.5036974;-3.8102014;-0.7767287;-0.8459087;-1.0325509;28.64111;17.429403;-8.327026;12.25;12.25;12.25;686;50.00000000000713
2.8214056;2.279402;2.8733392;-0.5475619;-1.0616963;-1.3758874;-4.696624;-9.511623;-10.711351;12.25;12.25;12.25;686;50.00000000000713
-5.520912;-4.642178;-5.722112;1.5453544;-0.9485897;-2.2465596;-4.2829504;8.141146;-17.371649;12.25;12.25;12.25;686;50.00000000000713
3.2874343;-2.8254178;5.9956727;0.63043416;0.4371801;-0.5475901;2.671386;1.599674;-0.27222198;12.25;12.25;12.25;686;50.00000000000713
-0.29968256;-3.5321932;-2.8874745;-0.10396597;1.3386306;0.4196828;23.68053;-5.7611866;15.667137;12.25;12.25;12.25;686;50.00000000000713
4.681105;4.1840014;2.1621575;0.5026447;0.52320486;-0.42172623;-0.763326;9.373352;5.6294494;12.25;12.25;12.25;686;50.00000000000713
-6.0908813;-5.4109316;5.5993114;0.998223;-1.0871128;0.27893326;8.572849;13.849984;-1.6147722;12.25;12.25;12.25;686;50.00000000000713
-4.8294196;4.4575324;-0.94282764;0.9891919;0.030571466;-0.24740537;15.825935;-8.034786;-3.7160335;12.25;12.25;12.25;686;50.00000000000713
1.9268146;3.4943683;-3.206519;-0.45034093;1.6548188;-1.2979367;2.296762;1.3387725;1.3502547;12.25;12.25;12.25;686;50.00000000000713
4.3276043;2.2468615;5.410009;-0.97854394;-0.1452278;-2.123538;2.810821;-1.7804326;0.1787056;12.25;12.25;12.25;686;50.00000000000713
-3.9508874;-1.4044361;2.911859;-0.20905867;1.3899064;3.029141;21.734037;11.626354;-18.109337;12.25;12.25;12.25;686;50.00000000000713
-1.8441529;4.1037083;0.6650161;-1.0500226;0.82627803;-1.4917564;-14.24904;16.126375;-16.498652;12.25;12.25;12.25;686;50.00000000000713
-0.22994012;-0.24435365;-5.523544;0.45269755;0.35124564;0.554596;-0.59000474;-1.0399202;0.9373031;12.25;12.25;12.25;686;50.00000000000713
5.2757897;1.3452866;-6.0659895;0.27632222;-0.34272915;0.022398772;5.1287737;-2.6426532;-2.3810878;12.25;12.25;12.25;686;50.00000000000713
4.080139;-4.624118;2.5055153;0.9255101;1.4551293;-0.45058018;0.83941025;-1.8864477;3.5426762;12.25;12.25;12.25;686;50.00000000000713
5.361385;3.0598664;3.4015553;1.8920071;-0.0932184;-0.5922074;5.4806595;-4.494018;2.3876317;12.25;12.25;12.25;686;50.00000000000713
5.835026;3.6087039;4.700384;-0.47453275;1.995715;1.1788044;-0.6375998;-0.8861327;-3.0202806;12.25;12.25;12.25;686;50.00000000000713
-2.7296808;1.3260596;-1.3670666;0.3607939;-0.8494676;0.9256216;1.4412199;1.7940267;1.5734295;12.25;12.25;12.25;686;50.00000000000713
4.3078156;2.4970167;-3.8316755;-0.94934547;-2.4750366;1.9355642;-0.20015039;7.1763606;-5.944782;12.25;12.25;12.25;686;50.00000000000713
-4.8121953;3.7885249;4.5513043;-0.1472419;1.1870373;2.087387;0.9665628;-0.015076571;-0.00020408245;12.25;12.25;12.25;686;50.00000000000713
-1.447669;-2.2704093;4.946375;-0.113667615;-0.4015959;1.3548582;2.4643147;-0.57966256;-0.93964064;12.25;12.25;12.25;686;50.00000000000713
-6.042502;-4.1734595;-0.8231199;-1.5287063;-1.0979743;-0.06150575;-13.305266;-5.8243012;17.84339;12.25;12.25;12.25;686;50.00000000000713
-0.3092705;-5.8010573;-2.9797618;0.061364334;2.5175042;-0.41406614;1.5485076;4.6642694;3.3563607;12.25;12.25;12.25;686;50.00000000000713
-1.6237893;2.2991717;-0.67225;-0.3541951;-1.6541122;0.13487482;-13.299386;12.475637;-5.405112;12.25;12.25;12.25;686;50.00000000000713
-3.4601479;5.7207694;3.6209989;-0.54674107;-1.1626433;0.9761295;-76.80826;79.21081;62.3185;12.25;12.25;12.25;686;50.00000000000713
-1.0519552;-6.0564523;-5.5073166;-0.25877997;1.9885747;0.26523325;-6.055494;-11.193636;-8.35796;12.25;12.25;12.25;686;50.00000000000713
-4.2786727;5.034314;3.925108;0.27627388;-1.2676646;0.9337679;1.6163592;1.847352;1.711963;12.25;12.25;12.25;686;50.00000000000713
-4.8069286;1.6138532;-0.05969374;0.8430316;-3.02976;2.5979803;2.0829852;-1.7622888;-1.775167;12.25;12.25;12.25;686;50.00000000000713
-3.078124;-2.9269826;-1.950957;-0.04970131;0.66441953;-0.7443943;-4.8136725;-0.5685609;4.232388;12.25;12.25;12.25;686;50.00000000000713
6.123693;-0.83451927;-2.9353263;-2.07905;-1.4963652;-2.450349;0.35644287;4.216314;-7.340137;12.25;12.25;12.25;686;50.00000000000713
-3.0091338;3.6264307;-4.6960673;0.8446879;-1.075481;-0.86935955;4.7022634;2.7415576;-1.3657765;12.25;12.25;12.25;686;50.00000000000713
-0.41346842;-5.0451107;3.449425;-0.7393757;0.7459418;2.3702135;-1.6416227;-10.581613;14.866532;12.25;12.25;12.25;686;50.00000000000713
5.094153;-4.606824;6.1100574;0.756063;0.6167307;0.007160473;-0.05363246;4.2634215;2.8858285;12.25;12.25;12.25;686;50.00000000000713
-0.98879594;-1.477935;0.9457764;-1.2485157;-0.16047232;0.23356058;-24.745995;5.95162;-8.708851;12.25;12.25;12.25;686;50.00000000000713
2.6003194;0.2000728;4.0858636;-3.913237;1.3047854;-0.0072192037;5.8056273;13.904188;-6.0841165;12.25;12.25;12.25;686;50.00000000000713
1.508615;1.8690667;-5.2963;2.4464557;0.4806651;-2.4638903;-46.08314;5.5202937;39.486546;12.25;12.25;12.25;686;50.00000000000713
-2.069171;-4.165127;5.037292;1.8494083;-0.46350753;2.5229497;-0.61754507;-0.9987633;-1.1074483;12.25;12.25;12.25;686;50.00000000000713
3.819398;2.5322597;-1.9835981;0.8090981;1.4569367;1.9499893;2.2023523;1.456176;0.3010799;12.25;12.25;12.25;686;50.00000000000713
-0.842313;-1.9910394;-5.465714;-1.364766;2.2267084;-1.3446636;-1.051958;-1.0101106;-3.0929952;12.25;12.25;12.25;686;50.00000000000713
3.9025936;0.51066476;3.7783864;-0.59034884;2.1158931;-0.40332127;1.6275982;-1.7409476;-1.0467364;12.25;12.25;12.25;686;50.00000000000713
0.5826954;-5.8610644;3.8505185;1.3389667;0.16495085;1.4387643;-3.204595;-0.27730992;-0.47296876;12.25;12.25;12.25;686;50.00000000000713
-4.1708865;-4.123148;5.458113;2.9432096;0.19277759;-0.34599692;3.2637353;-7.654591;1.3470849;12.25;12.25;12.25;686;50.00000000000713
5.659761;-4.16532;-2.0754337;0.7137545;-0.61279625;-0.0061753634;-17.157675;-34.69425;12.441019;12.25;12.25;12.25;686;50.00000000000713
-0.72525465;0.7386465;-1.6947548;0.51518637;-0.3099538;0.48435014;3.2555218;2.7569344;0.005399833;12.25;12.25;12.25;686;50.00000000000713
0.8517417;-4.4227962;3.1694267;1.5460517;2.455073;0.581513;-2.7852328;-0.34190372;-0.74394673;12.25;12.25;12.25;686;50.00000000000713
-2.9427915;4.4431734;1.1271687;0.0024121313;1.0378386;-1.7166268;0.28483605;9.071654;-2.0326066;12.25;12.25;12.25;686;50.00000000000713
2.956133;-6.0222473;2.9375892;-0.856788;0.6147336;0.435857;-0.08766293;7.8990474;-36.109848;12.25;12.25;12.25;686;50.00000000000713
1.6156133;1.1724551;-1.1605022;0.84708285;-0.43414125;-0.6805711;-1.2134962;-0.90518767;-2.903445;12.25;12.25;12.25;686;50.00000000000713
-1.2871408;5.281748;-0.23576237;2.027623;-0.6190572;-0.88776124;-0.76409864;-2.1232636;-0.28991958;12.25;12.25;12.25;686;50.00000000000713
4.969522;2.8980157;-2.2559612;-2.0280547;-0.898876;0.27592173;-0.72755027;-1.4445534;-1.4979926;12.25;12.25;12.25;686;50.00000000000713
-4.277703;-3.0779576;5.2483087;-0.17602204;-0.5184593;-1.0956074;-0.7156285;7.7445436;-3.47924;12.25;12.25;12.25;686;50.00000000000713
-2.1705933;3.317373;2.7033799;1.061167;-0.9152815;-0.117544495;-26.910545;-1.0368023;-26.391048;12.25;12.25;12.25;686;50.00000000000713
-6.002335;5.8584485;1.3973044;-0.09009197;-0.63604605;-0.94702476;0.9989933;1.4900234;-3.3667364;12.25;12.25;12.25;686;50.00000000000713
-4.392489;-5.972515;3.7591476;0.81427836;-1.4003831;0.1054338;6.804779;-12.944403;-0.10701779;12.25;12.25;12.25;686;50.00000000000713
-1.36864;-5.1744227;2.1982377;0.32869527;-1.7723757;-0.33693737;1.0052239;1.1906972;-1.5227776;12.25;12.25;12.25;686;50.00000000000713
3.712105;4.312328;2.8011081;-2.3635101;-0.28188115;0.6183066;0.27666712;-5.2791367;-1.757689;12.25;12.25;12.25;686;50.00000000000713
-2.0411632;-0.19379753;3.885433;0.3922127;0.017324168;1.5327462;19.839685;-12.500869;-11.492269;12.25;12.25;12.25;686;50.00000000000713
0.5028207;-6.098176;-2.0590317;0.43969405;0.89443535;0.92780817;-5.934386;-1.8383245;-3.7719278;12.25;12.25;12.25;686;50.00000000000713
1.4562079;5.0136123;2.245525;-1.5538504;0.40216526;-0.9075181;15.966244;-11.239207;-11.080303;12.25;12.25;12.25;686;50.00000000000713
2.2392168;-4.349786;-1.7551537;-0.98424006;-0.19694045;-0.82870317;-8.970296;-16.485687;-7.7045355;12.25;12.25;12.25;686;50.00000000000713
-3.3925729;-3.837848;-0.90145445;0.41764688;0.5745771;-1.4654583;2.3946712;-1.472427;-1.7038215;12.25;12.25;12.25;686;50.00000000000713
-0.9937273;-5.2865963;-0.42952156;0.086193174;-0.83605325;0.082164995;1.2800128;3.7134004;3.0924995;12.25;12.25;12.25;686;50.00000000000713
5.240749;-1.9444745;1.1362449;-1.7867206;-0.7208883;1.8147216;-0.529252;-2.2154498;9.095201;12.25;12.25;12.25;686;50.00000000000713
-3.9668036;1.1463033;-6.108767;1.4520601;-1.8510116;-1.6855294;2.669471;-0.8384929;0.015941877;12.25;12.25;12.25;686;50.00000000000713
-4.9009547;-6.058707;-0.7644031;-0.58661574;-0.042258788;0.04307972;-13.988634;-7.725295;11.20455;12.25;12.25;12.25;686;50.00000000000713
-4.0943003;-1.5602564;-2.3601701;0.15372737;0.95306283;-0.12036991;-2.8196034;-1.5886633;7.9755435;12.25;12.25;12.25;686;50.00000000000713
-5.9149876;1.6670711;5.8473086;0.07886573;2.0894136;0.14007577;2.6178157;-0.90744036;1.4245111;12.25;12.25;12.25;686;50.00000000000713
-0.22011888;5.61224;-1.427584;-2.2534807;-0.38311216;1.4319218;13.13027;-34.095196;-3.118183;12.25;12.25;12.25;686;50.00000000000713
4.716732;-4.519668;0.4854368;-1.1664547;-0.81376594;-1.3950218;0.29343304;0.67251545;-0.58606136;12.25;12.25;12.25;686;50.00000000000713
0.79810303;5.631507;2.6773756;1.397302;-2.1188054;-0.5653859;-16.347265;17.463497;11.003323;12.25;12.25;12.25;686;50.00000000000713
4.457802;3.432104;3.0057745;-1.0014021;-1.344794;-0.861282;-9.576603;2.6711495;-5.2081347;12.25;12.25;12.25;686;50.00000000000713
3.161732;0.6874609;-3.731599;-0.7563856;0.002414355;-2.083367;-10.531038;-2.2755868;1.0888728;12.25;12.25;12.25;686;50.00000000000713
1.1525955;1.8146689;-3.6163507;-0.9860175;2.013903;-0.55993146;-5.8418603;-29.404163;-40.445023;12.25;12.25;12.25;686;50.00000000000713
-3.4204652;-2.84357;1.3706414;0.442788;-0.7930374;-0.08921395;5.6172266;-1.2452664;3.650035;12.25;12.25;12.25;686;50.00000000000713
-5.4230103;3.384921;-0.9004532;0.3913127;-0.43177798;0.5785048;1.0975393;3.9053364;-2.85121;12.25;12.25;12.25;686;50.00000000000713
-5.916012;-4.6413107;-3.7082093;1.2308247;0.10844511;-2.0259001;-28.680431;-6.2835336;1.4602091;12.25;12.25;12.25;686;50.00000000000713
-3.779162;1.1709138;-4.23141;0.18787143;0.1385457;-0.8752955;11.2865305;-7.125279;-10.000366;12.25;12.25;12.25;686;50.00000000000713
-2.3694022;3.6033945;1.4177691;-0.68461776;-0.74906236;-0.8487687;3.0889134;-10.313089;11.5201;12.25;12.25;12.25;686;50.00000000000713
-0.7499203;1.4915615;-2.6371934;0.45152324;1.839606;-2.0659025;0.9710001;1.4726117;0.95418686;12.25;12.25;12.25;686;50.00000000000713
0.5733075;-0.9646811;2.040867;-0.90415823;0.08520639;0.53157026;-3.0153186;-0.9324266;1.8297276;12.25;12.25;12.25;686;50.00000000000713
2.841352;-0.65771633;-2.7012272;2.1237202;0.023843719;2.5582404;-10.855628;-3.1541595;9.0817;12.25;12.25;12.25;686;50.00000000000713
-2.4974964;-4.592616;-5.6501217;-0.28622743;1.5843217;0.5076869;6.4266977;-0.05371007;14.755819;12.25;12.25;12.25;686;50.00000000000713
3.562229;2.6353498;1.023782;0.4949506;-0.26229882;0.80489796;-2.6839266;5.8910036;-12.15699;12.25;12.25;12.25;686;50.00000000000713
1.8459486;4.1729217;5.051664;1.1004455;-0.19316342;0.68947566;-1.6417186;0.44048557;1.4344863;12.25;12.25;12.25;686;50.00000000000713
3.440916;-0.6530139;1.2799369;-0.20183115;-0.8435347;0.5737013;1.9517502;23.308805;11.0583;12.25;12.25;12.25;686;50.00000000000713
3.0944834;5.335416;1.4634968;2.2689793;-1.8503716;1.3530287;-1.3477203;-0.8859824;-0.30788472;12.25;12.25;12.25;686;50.00000000000713
-3.8829117;3.4244115;5.709991;-0.035702318;-0.22530915;-0.44910797;1.2465148;-0.47873104;-1.5814612;12.25;12.25;12.25;686;50.00000000000713
-4.7751327;-3.831149;3.5945942;1.8300605;1.8122247;0.42227516;-0.7694729;-4.892859;2.4862678;12.25;12.25;12.25;686;50.00000000000713
-3.0572388;-5.22457;-4.0844145;-2.40114;3.388901;-0.6259754;2.1664279;1.1194313;-3.5137317;12.25;12.25;12.25;686;50.00000000000713
0.048135195;-2.5097055;-0.45326638;0.78400916;-2.5393054;0.17835903;-9.861777;-2.6231234;11.594718;12.25;12.25;12.25;686;50.00000000000713
2.3466601;-4.467747;4.380983;3.2691727;-3.420952;0.27991253;-2.1902978;-0.54635537;0.16074598;12.25;12.25;12.25;686;50.00000000000713
1.851623;0.9575401;3.8547003;-0.78635216;2.2804017;-0.7417793;-2.4794972;7.221081;-4.124795;12.25;12.25;12.25;686;50.00000000000713
-1.8915794;-4.6284924;-0.33886302;0.35221365;-1.1759815;2.8436563;-2.0842195;-0.14187439;-1.9087015;12.25;12.25;12.25;686;50.00000000000713
-3.2142653;-4.744508;-0.09715545;-0.08708089;-0.46135634;-0.68897223;2.2815363;-0.9060291;-2.97862;12.25;12.25;12.25;686;50.00000000000713
-0.5421142;-0.30480435;-1.2829951;1.9156469;0.03270505;-0.5348709;3.1911767;-1.3810713;0.45344642;12.25;12.25;12.25;686;50.00000000000713
-5.1383204;5.98415;0.47712103;0.09288533;0.51114357;1.7920578;7.345454;-3.2774866;2.64227;12.25;12.25;12.25;686;50.00000000000713
-2.7481608;0.41193166;4.251144;-2.011673;3.0614166;0.83819795;-16.716238;16.868017;6.6396556;12.25;12.25;12.25;686;50.00000000000713
-3.1909132;-1.2376508;4.801611;0.15951978;-0.94592583;0.8413825;-3.6018696;-0.71406156;1.0818594;12.25;12.25;12.25;686;50.00000000000713
-5.408646;-3.2008898;0.9393042;1.3863688;-0.48441023;0.20442612;-3.2369628;2.4599025;0.8327066;12.25;12.25;12.25;686;50.00000000000713
-4.008958;-3.4756143;-2.8841257;-1.4313222;-2.3515918;-1.8886207;-13.87287;-31.175753;13.524744;12.25;12.25;12.25;686;50.00000000000713
2.333134;-2.2102377;5.1898556;0.44553232;0.36648282;2.147619;0.010321606;-0.010587739;0.85308105;12.25;12.25;12.25;686;50.00000000000713
-6.0158424;-5.17598;-2.577816;1.1027642;-0.118974835;1.3962631;13.46956;13.367473;3.1363125;12.25;12.25;12.25;686;50.00000000000713
1.8759818;3.575634;-0.013990092;-0.30349392;-0.60856616;0.7292211;-8.204986;-9.755982;-28.489017;12.25;12.25;12.25;686;50.00000000000713
2.9701374;-4.139993;-1.1133507;0.54646105;-0.43737537;-2.822207;23.705065;3.4266348;22.411697;12.25;12.25;12.25;686;50.00000000000713
-3.054214;1.3141423;-5.259312;0.25356066;2.899403;1.9037479;3.8064504;16.919674;-5.2725234;12.25;12.25;12.25;686;50.00000000000713
4.3410344;-1.5370426;0.0013233889;-0.2235307;0.21228074;-0.5277716;-32.15353;-8.68295;0.37230676;12.25;12.25;12.25;686;50.00000000000713
-3.3134253;-3.0751646;4.1238794;-0.8611905;2.0943956;1.312153;13.279884;45.36941;14.703272;12.25;12.25;12.25;686;50.00000000000713
3.8667042;-3.0843031;1.6081113;0.55979884;1.5312293;-1.2965703;0.8416846;0.27893502;-1.8625541;12.25;12.25;12.25;686;50.00000000000713
-1.0542295;-4.074372;3.4304383;-1.4081048;-0.9704769;2.4366403;3.0987809;-2.3312747;-0.57009274;12.25;12.25;12.25;686;50.00000000000713
2.9923847;4.943512;4.7177005;-0.3930739;-1.5074542;0.09677792;7.3047476;31.431189;7.1395845;12.25;12.25;12.25;686;50.00000000000713
-4.505821;3.2956781;3.6014676;-0.4507547;-2.2401142;1.4906456;3.0941;2.514542;-3.595902;12.25;12.25;12.25;686;50.00000000000713
5.5108395;5.938112;-5.060274;-0.7319727;-0.6546927;-1.5304595;-2.556792;-2.909019;1.4200643;12.25;12.25;12.25;686;50.00000000000713
1.0598179;-1.3712819;3.0003984;0.1625682;3.7950804;0.2175806;2.2171576;-2.7024179;-2.3782089;12.25;12.25;12.25;686;50.00000000000713
-1.8210303;3.3180773;5.494572;0.4219103;1.5689226;-0.12806585;2.3646603;0.9997143;-1.7470833;12.25;12.25;12.25;686;50.00000000000713
4.6079507;-5.285237;3.6330361;-0.3692168;-0.09932283;0.7283712;-3.397589;0.57527673;3.6956618;12.25;12.25;12.25;686;50.00000000000713
5.7879586;4.199215;-2.943548;-0.71197546;-0.62160164;-1.6281515;0.72737306;-0.77221936;8.469814;12.25;12.25;12.25;686;50.00000000000713
1.7709064;-4.710053;2.503121;-0.81678843;1.0623062;-0.43299058;-2.8737094;-0.9029603;-1.4746491;12.25;12.25;12.25;686;50.00000000000713
-0.44280276;-0.4132435;-3.1396422;-1.2641666;-1.6697532;0.196708;0.29491028;-1.7273475;1.1973997;12.25;12.25;12.25;686;50.00000000000713
4.761529;3.8855884;-4.7022157;0.34183538;0.29889598;2.2598374;8.400098;-4.697674;5.737785;12.25;12.25;12.25;686;50.00000000000713
-4.9649873;1.6497028;1.9744781;1.0992174;0.55578256;-1.1046796;4.71492;-1.369708;-0.52934027;12.25;12.25;12.25;686;50.00000000000713
3.4428406;3.0836577;2.409032;-0.36216286;-1.3341159;0.039693527;-1.3064066;5.873082;3.6074939;12.25;12.25;12.25;686;50.00000000000713
-0.7159364;-6.062904;3.9933014;-1.7994505;-1.4741182;0.11069757;0.9238463;0.80995333;-3.862556;12.25;12.25;12.25;686;50.00000000000713
4.146868;0.9181539;-3.9651618;-2.0042553;-0.9789983;0.34763834;10.017309;0.8950255;3.3939648;12.25;12.25;12.25;686;50.00000000000713
5.368716;2.4135313;-3.3459344;0.7367922;-0.9338941;-0.49949327;33.53323;30.804466;-9.8670435;12.25;12.25;12.25;686;50.00000000000713
-1.2256577;-3.8147776;-1.216857;0.5145198;1.2937934;2.0565495;7.147443;-3.8315823;22.209425;12.25;12.25;12.25;686;50.00000000000713
-1.4916278;3.4937334;3.3853679;0.22429231;-0.9964104;1.2298361;28.465275;1.696428;23.034126;12.25;12.25;12.25;686;50.00000000000713
6.060196;-3.3400397;-2.39941;0.5981886;-0.119856544;1.0092392;16.59271;32.061176;-12.383533;12.25;12.25;12.25;686;50.00000000000713
4.8951344;-3.9149268;3.83206;1.3480572;0.8059443;-0.77530295;2.0277915;-2.1348245;-0.1314399;12.25;12.25;12.25;686;50.00000000000713
3.8084733;1.419049;-6.051141;0.20479229;1.9893587;0.6188361;2.0738811;-0.1206649;0.42412782;12.25;12.25;12.25;686;50.00000000000713
2.3558934;-3.0360103;-2.9359841;0.059419133;-1.7190771;1.3474231;6.474655;-59.176258;-46.56552;12.25;12.25;12.25;686;50.00000000000713
-2.3590257;4.760218;0.02839376;1.4483117;2.6582856;0.9723238;2.7172546;2.4474392;-3.007308;12.25;12.25;12.25;686;50.00000000000713
-5.1141434;-2.7361646;4.505284;0.56856936;1.2913941;-1.6418483;1.6431984;0.5306014;-0.011429475;12.25;12.25;12.25;686;50.00000000000713
-4.165961;-2.7039142;-2.2317264;-0.16798772;0.3147567;-0.6460603;-5.267561;14.045818;9.083534;12.25;12.25;12.25;686;50.00000000000713
-2.6482718;4.350856;-5.705827;0.118069634;-1.2629867;-0.97474945;2.6322224;-2.388778;0.7380478;12.25;12.25;12.25;686;50.00000000000713
-4.0583873;-0.26749563;-2.50908;-0.5835789;-0.25781864;2.0405407;-0.6160048;-7.3929024;1.8435963;12.25;12.25;12.25;686;50.00000000000713
5.0125914;1.8205116;2.73716;2.4120936;-1.7696862;0.20862724;22.995039;31.813124;0.65224594;12.25;12.25;12.25;686;50.00000000000713
-1.214317;-3.3255203;-3.214694;-1.1818612;0.66155356;0.29355764;-16.53458;12.470426;-0.9910196;12.25;12.25;12.25;686;50.00000000000713
0.8454845;-2.6568816;3.4832537;-1.6150866;1.4874543;1.61397;-3.3606331;-2.416947;-1.2916348;12.25;12.25;12.25;686;50.00000000000713
-0.32655594;-1.5103695;-4.6244745;1.5359907;-0.6379328;0.703744;-1.766228;-0.112151176;1.7337596;12.25;12.25;12.25;686;50.00000000000713
-0.93627334;4.8666763;0.8945227;1.655672;0.53846854;-0.5109764;12.741414;-0.94110054;-12.668243;12.25;12.25;12.25;686;50.00000000000713
5.594217;2.308894;1.9264969;-0.46736014;1.2879701;-1.5848476;3.0741417;4.223846;5.6972866;12.25;12.25;12.25;686;50.00000000000713
-0.89618343;1.6542994;-4.0794535;0.19210818;1.5699216;0.3108005;3.040409;0.81324214;1.9483659;12.25;12.25;12.25;686;50.00000000000713
-6.109621;4.4207635;-4.3355746;-1.3315274;1.0909128;-3.0249472;-3.8083072;2.4325001;-0.65043354;12.25;12.25;12.25;686;50.00000000000713
1.5592917;-3.0187387;-1.3875223;0.8208335;-3.228274;1.6189721;-1.2584491;-5.104322;19.630056;12.25;12.25;12.25;686;50.00000000000713
-0.5454994;-1.4631987;-1.1951034;-0.4714594;-1.1970755;3.3778174;-7.217077;-3.5110655;-3.5333107;12.25;12.25;12.25;686;50.00000000000713
3.163524;1.2006944;0.1369663;-0.072894625;1.6068451;0.45566773;0.0069296095;1.0198815;2.1950476;12.25;12.25;12.25;686;50.00000000000713
2.1117842;-0.4190533;2.368597;0.05151974;0.40761197;-1.478792;-1.8021268;-2.0795147;-1.9311272;12.25;12.25;12.25;686;50.00000000000713
4.4095592;-5.496942;-5.2863555;0.3032443;-1.4716563;-0.639769;4.002647;-3.143325;0.16756107;12.25;12.25;12.25;686;50.00000000000713
3.3992405;-1.5429045;0.84169054;0.14562823;-1.2104152;0.8188973;-0.034354422;-25.533264;-13.204623;12.25;12.25;12.25;686;50.00000000000713
-0.35800266;1.0196843;2.6945865;-0.504129;1.2161311;0.11928343;-3.1387568;-0.13326886;-0.8178561;12.25;12.25;12.25;686;50.00000000000713
-0.027935047;-1.7660383;4.2444906;-2.3006997;-2.1592233;1.1395429;-2.5701709;8.086248;19.750893;12.25;12.25;12.25;686;50.00000000000713
5.064775;3.1962483;-5.760269;1.8728802;-1.5283453;0.4319282;-5.487132;1.1001401;1.4807131;12.25;12.25;12.25;686;50.00000000000713
-1.8031052;-1.5156181;-3.0326726;2.63235;-0.62819624;-1.4619386;0.38282615;2.4656408;-4.053039;12.25;12.25;12.25;686;50.00000000000713
-3.7100952;-1.7034538;5.7983446;-0.18995121;-1.4437253;2.1664062;-0.8537298;1.128235;-1.1565309;12.25;12.25;12.25;686;50.00000000000713
4.6492634;2.1386557;-5.7698236;-1.230097;-0.092959225;0.26046047;-2.8216312;5.489962;4.0277123;12.25;12.25;12.25;686;50.00000000000713
3.9367797;5.6301;-5.0686507;-2.0203836;-0.39226702;1.5775592;3.9516883;0.027362965;1.6761783;12.25;12.25;12.25;686;50.00000000000713
5.172859;1.7993624;-1.5089874;-1.6120629;0.60275006;-0.015991975;-33.679344;2.6076784;-0.6000701;12.25;12.25;12.25;686;50.00000000000713
4.6276054;-2.2292001;5.7660284;-0.92558813;1.4783254;3.3669887;-26.866032;-7.3989635;1.7420049;12.25;12.25;12.25;686;50.00000000000713
2.6067667;2.4042537;1.5172719;-0.7184555;-3.2853682;-0.77472764;17.917282;2.2947226;9.843999;12.25;12.25;12.25;686;50.00000000000713
-3.6531334;5.77721;6.010158;-1.4960146;1.4727144;-0.24589366;-1.1760262;3.6792607;3.9968235;12.25;12.25;12.25;686;50.00000000000713
-5.1966176;-3.1609213;-3.696347;0.78347784;2.5914605;-0.19918986;2.631702;-1.427778;2.5458155;12.25;12.25;12.25;686;50.00000000000713
4.8325696;3.207016;1.8494306;0.26825032;0.3389411;1.9429989;-18.609657;-15.594844;18.47214;12.25;12.25;12.25;686;50.00000000000713
-1.5997875;-0.9347994;-4.621971;0.035315596;0.7697347;-0.9814183;4.220638;-5.4977093;-0.025538974;12.25;12.25;12.25;686;50.00000000000713
3.7259438;-4.114341;-3.801635;0.12095059;1.743882;0.9540504;-0.12594637;0.6798314;2.6408584;12.25;12.25;12.25;686;50.00000000000713
-1.0378013;1.2706994;4.3081775;0.685637;1.1027294;1.5976132;0.052203406;1.087597;-1.4487839;12.25;12.25;12.25;686;50.00000000000713
-1.1610973;-3.0057316;6.092566;-1.2611555;1.4691622;0.8315393;3.2042298;1.5502827;-0.8307432;12.25;12.25;12.25;686;50.00000000000713
-3.0279086;5.554977;-0.18332908;0.094058484;0.82098544;-2.1826878;2.5069878;7.668783;1.4446857;12.25;12.25;12.25;686;50.00000000000713
1.9914998;2.9470086;-2.1659212;-1.5915453;0.6660855;-1.0106418;-1.3248192;1.3197919;-3.5592604;12.25;12.25;12.25;686;50.00000000000713
-0.5081849;4.410233;3.9878666;-0.3257409;-2.6358893;0.8264476;-5.435406;-7.392245;-0.44623637;12.25;12.25;12.25;686;50.00000000000713
4.6690745;2.9833047;-0.5632418;-1.0702926;-0.64854944;0.56006247;0.18169479;2.1601503;-0.5503704;12.25;12.25;12.25;686;50.00000000000713
-4.732541;-5.2378893;2.4973147;1.161434;0.76957166;-0.13059634;12.068289;-11.479703;6.4967523;12.25;12.25;12.25;686;50.00000000000713
5.2507925;2.784339;-4.489225;0.48039526;-2.2540963;-1.5952358;-0.24811795;2.326758;-1.7736106;12.25;12.25;12.25;686;50.00000000000713
-3.8863332;-5.226107;5.7774353;-1.6597495;-0.009981244;-0.756083;0.21504378;-0.76356256;1.8127398;12.25;12.25;12.25;686;50.00000000000713
-4.7544174;-1.9730536;-4.5453286;-1.6199704;0.5420322;-0.89835346;-0.019023312;-1.4517231;1.2164987;12.25;12.25;12.25;686;50.00000000000713
1.9957203;-3.3549993;3.1062706;-1.9890424;3.0158548;-1.5800902;-1.387056;2.6967738;1.599936;12.25;12.25;12.25;686;50.00000000000713
2.3470123;1.6334658;-4.183596;1.7171918;2.7247717;0.46766534;-2.4460464;-1.0817887;2.0335124;12.25;12.25;12.25;686;50.00000000000713
4.6664333;5.799357;-2.1318455;-0.7128748;-0.9331051;-0.42222232;3.1778548;-0.5861233;-0.6705504;12.25;12.25;12.25;686;50.00000000000713
-1.6900032;-2.216251;-2.2321446;1.8926228;-2.0840573;2.2699027;2.2482424;-6.2774873;6.0657973;12.25;12.25;12.25;686;50.00000000000713
3.351657;-3.584236;-0.006948958;1.5486504;1.5949943;1.0884284;-0.60733694;2.8662517;-2.8946967;12.25;12.25;12.25;686;50.00000000000713
5.7999415;-2.3814614;-4.7092047;-0.51481533;0.14896703;0.12991203;2.1436224;0.42512277;-1.1188929;12.25;12.25;12.25;686;50.00000000000713
-0.065028824;-4.679207;-5.3294578;0.71267843;0.27924085;-0.39434224;38.258163;-15.402306;40.509823;12.25;12.25;12.25;686;50.00000000000713
5.5064664;5.364628;-1.0316362;1.4787954;0.080441095;1.5196639;2.9113302;1.6297963;-0.18833883;12.25;12.25;12.25;686;50.00000000000713
-1.8387874;1.3110669;-5.593259;-1.2783989;0.11289005;-2.3583832;-1.8203436;4.7791653;-1.3870624;12.25;12.25;12.25;686;50.00000000000713
-4.2230153;-5.5917416;-1.3676589;0.98190075;-0.8858947;1.3101728;9.550464;6.393671;-8.6319;12.25;12.25;12.25;686;50.00000000000713
-3.6624794;-5.2871475;3.1254165;2.0717456;1.4934356;-1.7685541;-0.3998767;-19.34703;14.533966;12.25;12.25;12.25;686;50.00000000000713
5.090103;-5.48782;5.558454;-0.014692532;-0.020893557;1.5481874;-2.265573;-3.633619;6.6229377;12.25;12.25;12.25;686;50.00000000000713
-1.383169;4.4003425;5.6451125;-0.25712803;0.6975015;1.9280053;0.8005926;1.1162604;-0.8377531;12.25;12.25;12.25;686;50.00000000000713
1.7824888;2.5093224;0.9326949;-0.0945872;0.47245255;-0.733555;-13.804087;4.9217424;-13.020928;12.25;12.25;12.25;686;50.00000000000713
-5.35977;-2.9913552;-4.769883;1.9810052;-0.8704663;1.4084343;0.050376564;4.476466;-1.2954698;12.25;12.25;12.25;686;50.00000000000713
-5.1964407;2.5802333;3.9813213;-0.9328462;-1.1750757;0.45538834;-7.658742;1.5393276;6.015551;12.25;12.25;12.25;686;50.00000000000713
4.507273;3.9792075;0.015269395;-0.296824;-0.2588211;-2.0506704;-2.8954556;3.609525;-1.1287081;12.25;12.25;12.25;686;50.00000000000713
-5.3927255;-4.54551;2.9083588;0.101392545;0.22110493;-0.44866273;-3.7950969;11.514328;20.960917;12.25;12.25;12.25;686;50.00000000000713
5.824789;-5.362617;-5.427722;-0.2544241;0.3186696;0.7302884;3.6061225;7.539797;-5.1621284;12.25;12.25;12.25;686;50.00000000000713
2.3570867;-2.6120503;1.3360505;-2.352595;2.7898958;-0.3640091;6.549613;-14.0656185;16.769331;12.25;12.25;12.25;686;50.00000000000713
4.7663193;3.82008;-3.3863966;0.3842305;1.3091805;-1.5916605;1.7456084;0.28687677;0.75080574;12.25;12.25;12.25;686;50.00000000000713
4.091329;-0.5749629;-0.3202307;0.1957377;0.113126084;0.081808835;-1.9094191;7.689268;-1.7596849;12.25;12.25;12.25;686;50.00000000000713
4.1042004;2.4527304;3.4454796;1.5350791;0.21477517;0.9901721;-8.059316;3.949606;-12.331807;12.25;12.25;12.25;686;50.00000000000713
-6.0487328;5.632421;0.034566846;-1.9402745;0.8595697;-0.22199613;-5.616597;-1.178469;-4.2180653;12.25;12.25;12.25;686;50.00000000000713
0.012494834;-5.9377646;1.8401424;3.2502441;-1.6269275;-1.9601243;-14.195694;-5.2085385;1.0333967;12.25;12.25;12.25;686;50.00000000000713
-5.92802;-3.9769635;3.8032782;-2.5662603;1.5533502;1.1513921;0.49396148;-4.5875793;1.6917821;12.25;12.25;12.25;686;50.00000000000713
2.4817662;1.3838667;-1.8974243;0.047189474;0.23381168;0.80446935;8.440809;1.2094091;3.1307852;12.25;12.25;12.25;686;50.00000000000713
3.6948411;4.831342;5.570166;-2.6552665;0.92905754;0.9095365;4.8926234;-8.014939;-4.0113835;12.25;12.25;12.25;686;50.00000000000713
4.3803825;5.348119;-6.001367;0.67212516;-1.6117902;1.3274572;1.183683;2.3370545;-6.269888;12.25;12.25;12.25;686;50.00000000000713
-2.418168;-5.8561835;0.2001468;-1.9667146;0.12234321;-2.605723;0.3545697;1.829671;-1.8761052;12.25;12.25;12.25;686;50.00000000000713
0.12091867;5.256439;3.9395132;0.09144087;-0.97672933;-1.643308;5.006284;7.0986924;0.74087745;12.25;12.25;12.25;686;50.00000000000713
1.4942977;-2.184894;4.2031164;0.6831546;-0.798112;-1.9788015;2.5124407;4.064764;2.3660557;12.25;12.25;12.25;686;50.00000000000713
-3.0182931;-4.5117035;5.7108483;1.054483;-0.18277572;-0.995719;-5.5426173;0.38077047;-12.256034;12.25;12.25;12.25;686;50.00000000000713
4.950583;-5.5349636;-3.8722594;-0.04126945;3.0964603;0.34638384;-31.245846;-54.811653;38.07653;12.25;12.25;12.25;686;50.00000000000713
-2.913983;5.1938887;3.1264975;2.3354037;0.98284644;2.0893505;77.93069;-74.48513;-68.94354;12.25;12.25;12.25;686;50.00000000000713
-4.530452;4.1374283;-3.7481859;0.124966085;1.9539156;-1.653643;-3.0304775;-0.018269474;1.681587;12.25;12.25;12.25;686;50.00000000000713
3.1083505;2.9978945;3.5496569;0.5929888;0.4366711;-0.51353705;7.7384133;12.161551;-0.31948385;12.25;12.25;12.25;686;50.00000000000713
-0.6384657;5.369281;5.641157;-0.64534986;-0.9794389;0.1902552;-5.019779;0.103959106;3.4493232;12.25;12.25;12.25;686;50.00000000000713
1.4568559;-5.0549946;-0.10417163;-1.1111573;2.1910737;-1.4509611;-2.7326148;2.3304958;2.8239727;12.25;12.25;12.25;686;50.00000000000713
-4.138978;2.822088;1.637057;-1.4622031;-0.7171846;1.461859;-0.19410786;-3.497425;-2.3859966;12.25;12.25;12.25;686;50.00000000000713
-4.7688484;-1.6011488;3.4476297;-0.97260016;-0.4714001;1.4062848;-20.62856;-5.2976975;15.170811;12.25;12.25;12.25;686;50.00000000000713
-1.714742;-2.5237572;-1.0861521;-0.15877895;2.81483;-0.06995802;1.1100134;-1.9170144;-6.176817;12.25;12.25;12.25;686;50.00000000000713
-1.3581804;-3.3755536;-2.1137433;0.23227857;0.96491903;-1.29528;7.464346;11.914987;-22.210423;12.25;12.25;12.25;686;50.00000000000713
-1.4982666;5.543322;-4.651668;-0.10007466;3.131932;-2.4490666;28.138254;-27.753582;-23.994936;12.25;12.25;12.25;686;50.00000000000713
-3.951684;0.2672897;4.0113845;0.16908756;0.7092302;0.72211856;9.6881485;19.607445;7.9619584;12.25;12.25;12.25;686;50.00000000000713
1.6268001;-3.256467;4.3719707;-1.4994358;-0.53649986;-1.7251852;1.3624706;-0.41693208;-2.4854;12.25;12.25;12.25;686;50.00000000000713
-5.3086348;3.8021553;-2.8100803;2.173845;2.7372093;-0.7102783;12.946732;-12.225405;18.569843;12.25;12.25;12.25;686;50.00000000000713
-3.8973296;-2.3225756;3.4180384;1.509111;-2.366469;-2.185239;0.6898106;-10.51003;6.127102;12.25;12.25;12.25;686;50.00000000000713
-3.4924905;-4.5123706;-4.966035;-2.389981;0.21450546;-0.9356658;32.37504;-19.230377;1.0425094;12.25;12.25;12.25;686;50.00000000000713
-4.324808;3.222448;-1.0442605;-0.20799747;-0.43469247;-0.10247156;2.0212877;0.83457154;4.6660657;12.25;12.25;12.25;686;50.00000000000713
-2.4661422;5.6439815;1.0678259;-0.29576126;-0.8510411;-1.1142762;-2.0383751;-2.1445384;-0.38870203;12.25;12.25;12.25;686;50.00000000000713
5.9687114;-0.036921233;1.854946;-0.8499774;0.4750908;-2.508274;-1.7852244;-1.3663757;0.43064207;12.25;12.25;12.25;686;50.00000000000713
5.59798;-5.123084;3.2493575;-0.6494244;1.532538;-1.0259917;7.4327765;-0.22378299;-1.5400984;12.25;12.25;12.25;686;50.00000000000713
1.2605363;-2.8314395;0.7111176;0.9513323;-1.937897;-1.1636729;43.35225;23.206331;10.281747;12.25;12.25;12.25;686;50.00000000000713
-0.35765254;-4.5025253;2.5905867;0.49163827;-0.74743044;0.09563542;0.97850674;8.420138;-13.440368;12.25;12.25;12.25;686;50.00000000000713
5.2853675;0.31758982;3.2743785;3.4614608;-0.09955833;0.5775809;7.284251;11.537328;-1.3577169;12.25;12.25;12.25;686;50.00000000000713
3.6254263;-0.499126;-3.351054;-0.22269632;-1.0383368;-1.5878358;9.911312;3.1752813;-9.861015;12.25;12.25;12.25;686;50.00000000000713
5.903934;-3.4634383;0.0028968183;1.205536;-1.1615701;-0.2542296;-0.11659554;0.10245396;2.7466085;12.25;12.25;12.25;686;50.00000000000713
0.64547586;2.0446632;-2.8091998;0.64384717;1.3270246;-1.0786954;-18.776594;6.607719;29.230566;12.25;12.25;12.25;686;50.00000000000713
5.8508987;3.6228511;-5.13127;0.35843068;-0.71742606;-1.140406;-1.4244436;-1.0062804;4.5540466;12.25;12.25;12.25;686;50.00000000000713
-2.8509076;1.4468257;5.0636325;0.32103246;0.92468137;-0.6006441;4.436218;3.214938;-2.7078419;12.25;12.25;12.25;686;50.00000000000713
5.530708;2.2240324;5.29617;2.570619;-1.6594698;1.9020302;-3.5113847;-0.683289;2.5964746;12.25;12.25;12.25;686;50.00000000000713
-5.0376644;-2.2435017;2.2871635;2.3542314;-2.805287;-0.742403;-0.32890874;0.29318634;0.35366347;12.25;12.25;12.25;686;50.00000000000713
-2.857228;0.80571;-3.6155043;1.3005683;-1.6175648;-2.0211847;-2.256887;-1.4055532;-0.6169918;12.25;12.25;12.25;686;50.00000000000713
2.187837;-2.629789;-2.091241;-2.3368995;-0.5494426;-1.4051965;-18.751125;50.46031;32.745907;12.25;12.25;12.25;686;50.00000000000713
-4.536378;4.0250072;0.38527635;-0.24392067;0.667999;0.20582089;1.1061949;1.4353306;-1.3902893;12.25;12.25;12.25;686;50.00000000000713
0.022058295;-3.388467;-3.8999612;0.718648;-0.22221023;-2.2992315;-2.454122;6.6021113;-5.7492714;12.25;12.25;12.25;686;50.00000000000713
5.7896543;2.399156;-5.596041;0.9121426;0.88653636;-0.1695843;-1.7401366;-3.4535043;-0.8999861;12.25;12.25;12.25;686;50.00000000000713
0.5493795;-3.7703137;6.1129775;-0.35735458;0.51687795;-0.1350037;-1.968889;-2.6704671;1.828948;12.25;12.25;12.25;686;50.00000000000713
2.182303;-2.0537486;2.696434;0.4837248;-0.40705433;0.48721316;-1.2804539;0.017820412;-3.3247974;12.25;12.25;12.25;686;50.00000000000713
-0.6028487;2.8887613;5.779324;-1.112596;1.56843;-2.3922284;4.4229407;22.400175;-11.4759445;12.25;12.25;12.25;686;50.00000000000713
-3.8472567;5.2232466;-0.7547308;-0.1655129;-0.8585074;-0.44246086;-7.5680985;-1.549998;-4.206143;12.25;12.25;12.25;686;50.00000000000713
4.125055;4.119742;1.218694;-0.1978636;1.0481794;0.70035726;0.93529814;-2.4282217;-3.9045856;12.25;12.25;12.25;686;50.00000000000713
-2.5086985;-5.9188576;2.160157;1.6189436;2.3733068;0.33419135;0.60385036;-2.6008651;-1.5148273;12.25;12.25;12.25;686;50.00000000000713
-1.6917024;2.3520627;2.5779166;-0.9414764;0.5407296;-0.9909415;-33.033848;2.5854044;-13.41437;12.25;12.25;12.25;686;50.00000000000713
-1.0655632;-4.6406035;1.1014028;1.1768517;-1.5346663;0.5477975;0.45119268;-1.4642049;0.20058466;12.25;12.25;12.25;686;50.00000000000713
-5.411862;-5.3837385;-1.6558942;0.684455;-2.0116549;0.8081787;0.8090219;-1.506076;2.9462116;12.25;12.25;12.25;686;50.00000000000713
1.4219978;0.5086117;2.68658;0.57150793;-2.186932;-0.2112086;0.78120375;0.6208343;-0.23148899;12.25;12.25;12.25;686;50.00000000000713
1.4889644;-4.774076;5.921436;0.7552058;1.3717935;-0.28517643;-10.743353;5.744075;0.67784;12.25;12.25;12.25;686;50.00000000000713
-5.4931607;-3.968091;-1.6336888;1.9236956;-1.7570074;-1.086347;10.834999;6.840526;-21.816015;12.25;12.25;12.25;686;50.00000000000713
2.0564628;1.5833861;-6.0275664;1.6970441;-0.4945561;-1.3459575;26.431597;-19.736385;-47.460835;12.25;12.25;12.25;686;50.00000000000713
-0.100037515;3.973072;1.5884272;0.5866715;-1.1372344;-1.5949469;-4.172075;-1.8375536;-1.0833498;12.25;12.25;12.25;686;50.00000000000713
-4.4628863;1.5719094;-3.5780077;0.67201203;1.8415625;-0.40191352;-12.900911;5.3350105;6.892466;12.25;12.25;12.25;686;50.00000000000713
0.2329214;1.1024224;-3.4176161;0.2771105;0.49475765;-1.0431778;0.69971627;3.3695183;4.7215333;12.25;12.25;12.25;686;50.00000000000713
4.569859;-3.653045;-1.7251164;1.4620235;0.451025;1.8584888;0.5647074;-5.6571946;3.395932;12.25;12.25;12.25;686;50.00000000000713
-3.09053;-3.337439;2.938852;1.3243878;-0.6529959;1.5926149;2.0379436;-17.764812;11.6451025;12.25;12.25;12.25;686;50.00000000000713
2.9474277;-1.3759512;6.0353074;0.201603;1.6610954;0.80496866;-1.76654;-4.289071;0.9890697;12.25;12.25;12.25;686;50.00000000000713
3.7678552;-3.973708;3.9078007;-0.2880652;0.85477346;0.5162598;1.0319742;-2.1124613;0.25033525;12.25;12.25;12.25;686;50.00000000000713
0.81894547;1.1413058;1.6317427;1.4107862;1.3213097;1.2707591;-1.1223687;-6.0344963;4.4485598;12.25;12.25;12.25;686;50.00000000000713
4.1318536;-3.6646645;-2.7773538;-0.5320176;-0.9083703;-1.4505829;-8.557276;-14.649521;-4.8935723;12.25;12.25;12.25;686;50.00000000000713
-1.2221041;0.3358577;4.8394;-2.7368846;2.414677;0.021746373;2.015407;-1.47016;-3.931249;12.25;12.25;12.25;686;50.00000000000713
1.5001702;-6.0734015;-1.6823502;0.2815407;0.82061416;1.4357576;-4.765796;-0.27819157;4.2068787;12.25;12.25;12.25;686;50.00000000000713
-5.806701;3.296168;2.723122;2.9248078;-0.09387062;2.2588506;-2.2286298;-0.51056933;0.9925259;12.25;12.25;12.25;686;50.00000000000713
-3.3264756;-3.5629199;-4.6753216;-0.7785082;-0.25165835;-0.46371847;6.217962;18.082834;7.326478;12.25;12.25;12.25;686;50.00000000000713
3.4005244;0.31275058;-5.0042224;3.49655;1.0575056;0.18462613;0.9915901;4.0844927;1.6884172;12.25;12.25;12.25;686;50.00000000000713
-4.0641346;-0.016750928;0.31629938;-1.9497907;-0.6928435;0.272969;-2.0240145;-3.9791677;3.424286;12.25;12.25;12.25;686;50.00000000000713
-5.349287;-6.110025;-5.488658;2.036561;-0.21481076;1.7235745;-0.23252109;2.4263618;0.11868343;12.25;12.25;12.25;686;50.00000000000713
-1.2242583;-5.454147;-3.8593886;-0.043939147;0.2554451;2.317027;0.43368852;-0.45460197;-1.9492682;12.25;12.25;12.25;686;50.00000000000713
-2.198361;-3.7034109;-1.5953206;0.89625216;1.9062904;-0.34579504;-11.972203;10.33395;1.5573367;12.25;12.25;12.25;686;50.00000000000713
-3.777922;-0.83612055;-1.5033742;-0.38072133;-0.6229238;-1.7087337;1.4913524;-1.7176594;-2.9142997;12.25;12.25;12.25;686;50.00000000000713
-2.3218107;-2.8281367;3.8883939;0.48751032;-1.3318808;-1.5071651;7.722275;-0.94536287;-2.8426657;12.25;12.25;12.25;686;50.00000000000713
-0.8035326;-6.035563;2.6926749;0.6602125;0.75898904;-1.7460022;0.82408077;1.2283787;2.2075746;12.25;12.25;12.25;686;50.00000000000713
-0.21675982;0.32253703;4.297192;0.8070815;-0.7181595;-0.764871;-3.3590586;1.4546541;-1.1165929;12.25;12.25;12.25;686;50.00000000000713
1.0575464;-6.03953;1.7608542;0.29997712;0.09710498;1.096055;10.996367;-7.7308116;-6.58159;12.25;12.25;12.25;686;50.00000000000713
-4.438051;-0.5984344;4.192543;0.1738373;0.42625564;0.8905643;-10.46026;-20.735397;5.0021114;12.25;12.25;12.25;686;50.00000000000713
-0.5233494;4.43983;-3.3280928;0.12465052;1.390353;0.70047486;4.3212175;-12.105568;-4.149718;12.25;12.25;12.25;686;50.00000000000713
-1.4852175;5.159467;3.0315676;0.49289444;-1.440502;2.4945025;-1.6705953;0.5875891;-0.42290467;12.25;12.25;12.25;686;50.00000000000713
3.536602;-5.295619;3.3340235;1.7437533;0.34174323;-0.36224905;11.570077;15.477877;8.096961;12.25;12.25;12.25;686;50.00000000000713
0.5293496;1.161472;-4.4756837;2.7941947;-0.17405213;-0.608448;1.3121927;4.822581;-0.4423311;12.25;12.25;12.25;686;50.00000000000713
6.0199957;4.098325;1.714909;0.7251406;-0.34928706;1.3148143;-3.3526363;-3.0418885;0.8861586;12.25;12.25;12.25;686;50.00000000000713
2.3958824;-0.58771014;-1.2494676;-0.6451516;-0.7329688;0.017202124;-2.297461;-1.163346;-1.5460911;12.25;12.25;12.25;686;50.00000000000713
-5.9084125;-2.1558042;0.91380066;-1.2312042;0.5090957;0.31666708;0.14850937;-0.4779876;-1.5082875;12.25;12.25;12.25;686;50.00000000000713
-0.64578503;-5.7642617;-1.3239843;-1.0308881;1.0753361;-0.20800674;-5.561139;27.414759;9.371526;12.25;12.25;12.25;686;50.00000000000713
2.3838394;3.2735648;6.106178;1.2990817;-0.3629993;-1.6302022;-1.0193826;-0.0108105065;2.0862408;12.25;12.25;12.25;686;50.00000000000713
3.5836637;3.1157172;-0.972596;-0.9347005;0.34412307;1.486428;1.0206635;3.6432893;-0.81337863;12.25;12.25;12.25;686;50.00000000000713
-1.7981193;3.3922675;-5.217884;0.39667702;1.4122952;0.73618704;-1.1915697;2.170098;-1.0088649;12.25;12.25;12.25;686;50.00000000000713
3.2907977;-2.3703232;-2.257127;0.4615625;0.2514631;-2.572933;-1.1011645;-4.6444335;0.92841184;12.25;12.25;12.25;686;50.00000000000713
5.8001943;-3.124825;4.9841847;1.7762401;0.9921005;3.3151164;-0.5538932;-1.0537477;-0.53998846;12.25;12.25;12.25;686;50.00000000000713
3.279474;-1.5116357;2.8155415;-1.1927841;-0.1957797;-1.1721973;-1.8712187;0.021984432;-2.0256886;12.25;12.25;12.25;686;50.00000000000713
-5.2566333;-0.9386107;0.6710049;-2.0943542;-1.6059344;-1.5421681;-0.4851539;0.12494279;1.4477613;12.25;12.25;12.25;686;50.00000000000713
3.0130813;3.6195505;-3.803315;2.0599413;-0.82830423;-1.2615718;-1.436322;2.5756862;2.135641;12.25;12.25;12.25;686;50.00000000000713
-1.5683266;-0.78503805;-1.1699836;0.788364;0.44224802;0.981098;10.565069;-3.8063612;3.2899594;12.25;12.25;12.25;686;50.00000000000713
-0.63419366;2.734003;4.755543;-0.541803;-2.0468493;0.3585199;-5.503279;-1.0423617;-11.290481;12.25;12.25;12.25;686;50.00000000000713
2.3619413;4.3687773;-4.674813;0.561469;-1.9720615;-3.5680933;0.25707442;0.301507;2.938096;12.25;12.25;12.25;686;50.00000000000713
0.6732331;2.928639;0.47538158;-1.0878767;1.9629624;-0.47066924;1.1932787;-2.8764923;0.29371494;12.25;12.25;12.25;686;50.00000000000713
0.3066218;3.1834438;-2.0358105;0.8053484;2.5286577;0.82311594;-4.1177506;-2.3332999;5.185652;12.25;12.25;12.25;686;50.00000000000713
-4.0292964;-6.0396204;2.188757;-0.75053394;0.9670651;-0.115840934;1.4373637;-0.93522054;4.103764;12.25;12.25;12.25;686;50.00000000000713
-0.75014853;3.4492972;-1.3631763;0.24516568;-0.3640042;0.6041274;0.12452558;-3.6590273;-1.5849965;12.25;12.25;12.25;686;50.00000000000713
-1.7861708;1.1015483;2.3530695;0.3213082;-0.4809719;-1.4418107;35.701607;31.03198;-75.79622;12.25;12.25;12.25;686;50.00000000000713
-4.950453;1.7321057;-1.519827;1.7478771;0.7752918;-2.2567155;-2.16685;2.1087203;2.3602903;12.25;12.25;12.25;686;50.00000000000713
-4.679456;-2.1353507;-1.3752178;0.44651723;-0.47587356;-1.1944716;2.0796835;5.3602457;-3.4628713;12.25;12.25;12.25;686;50.00000000000713
-5.716218;2.5493603;-2.7462003;0.6648486;-0.55836433;-0.42473936;-2.516681;-0.70745176;0.4295716;12.25;12.25;12.25;686;50.00000000000713
-5.606709;0.02195552;-2.442103;1.4986982;0.44812387;-1.920047;1.0416373;2.1623874;2.0798628;12.25;12.25;12.25;686;50.00000000000713
-1.9995217;-5.96318;3.8217878;-0.44738638;-1.5018717;-1.4840615;2.1599915;0.07012028;-0.47873726;12.25;12.25;12.25;686;50.00000000000713
-4.92711;-0.5972961;5.585851;-0.5239665;-0.76612705;0.73166656;0.17011435;-0.95970047;-0.2400998;12.25;12.25;12.25;686;50.00000000000713
4.7946587;-5.8401575;4.640611;-0.47147804;1.5270168;1.310831;-5.6669927;-5.455291;-13.544445;12.25;12.25;12.25;686;50.00000000000713
-0.8460798;-5.245938;-4.913844;-1.6223544;2.0520804;0.4675975;2.3418062;10.401714;11.117628;12.25;12.25;12.25;686;50.00000000000713
3.1546028;-2.8078175;3.3314388;-0.46695617;1.1236926;-0.31847745;-2.3209524;0.9025701;0.5551397;12.25;12.25;12.25;686;50.00000000000713
0.29375914;4.8598313;1.0968187;1.2995148;0.14701569;-0.23132826;-1.3156567;5.4912276;-4.8417964;12.25;12.25;12.25;686;50.00000000000713
4.331778;-1.5484805;-2.218546;0.03150996;0.892366;0.7263543;1.7191322;-1.4397268;-5.950319;12.25;12.25;12.25;686;50.00000000000713
-2.625453;1.6780216;3.551794;0.72991043;0.1521126;-0.5850364;-1.6387384;0.7676477;1.0489875;12.25;12.25;12.25;686;50.00000000000713
-1.9035957;4.75641;-3.0988653;0.7391598;1.2687142;-0.85903937;1.9876097;-0.8802436;-1.4395133;12.25;12.25;12.25;686;50.00000000000713
2.7975802;-2.4077504;-1.1101328;0.2621173;0.5790056;0.4607564;-12.094685;3.686972;-1.3143866;12.25;12.25;12.25;686;50.00000000000713
5.993213;-1.8050038;3.966789;0.9306457;-0.3600186;3.5865214;0.8683955;0.6943707;1.0340655;12.25;12.25;12.25;686;50.00000000000713
4.243133;1.2940334;-4.950477;-0.577592;1.1265873;-1.9792972;0.31333348;2.3251884;-9.955142;12.25;12.25;12.25;686;50.00000000000713
-3.7106104;-3.901904;3.8582554;-0.16097443;0.2514774;1.9742603;-19.51116;-48.273014;-16.586765;12.25;12.25;12.25;686;50.00000000000713
6.1102853;2.0289695;-1.7155284;0.47721538;-1.2776096;1.1382222;31.657038;5.20934;-9.504905;12.25;12.25;12.25;686;50.00000000000713
4.957449;2.281374;1.0950955;0.060581997;1.0392542;-0.82250154;-14.181623;12.8250265;29.197924;12.25;12.25;12.25;686;50.00000000000713
-4.680496;-1.1201954;-5.3261147;0.46852955;-0.59098804;-1.494262;-11.488353;-11.57422;-1.5363992;12.25;12.25;12.25;686;50.00000000000713
-5.6112566;-5.656827;3.2769365;-0.9562397;-0.95271075;-0.2525589;-1.5316683;0.1937607;-3.9797304;12.25;12.25;12.25;686;50.00000000000713
-2.7295618;5.135052;5.7516537;-0.7708845;-1.1992981;-1.363192;-10.33716;-5.2479205;-3.398517;12.25;12.25;12.25;686;50.00000000000713
1.5099491;-1.423129;1.7484639;0.34663406;0.42130557;1.857712;-13.695921;-3.5191917;5.5440073;12.25;12.25;12.25;686;50.00000000000713
0.9948434;5.7574964;0.40966827;0.11941223;2.8011496;-0.98716235;-3.554887;1.5858932;0.83536965;12.25;12.25;12.25;686;50.00000000000713
3.661519;-2.986314;-1.156624;-1.558497;-0.12040713;3.171057;6.3787394;-9.81941;-3.9819503;12.25;12.25;12.25;686;50.00000000000713
-2.331757;-2.4398596;-3.4093475;0.5023958;-1.3552737;0.56249005;1.9217736;6.5939035;-10.996849;12.25;12.25;12.25;686;50.00000000000713
4.7708497;5.3807893;5.1764336;-1.3482199;1.426563;-1.7946593;-3.3697865;1.9741585;0.00073301204;12.25;12.25;12.25;686;50.00000000000713
-4.444722;-4.6039867;-5.187203;0.7768018;-1.2261603;1.2395661;-33.636272;-4.934069;-8.335339;12.25;12.25;12.25;686;50.00000000000713
0.38553727;-1.0311915;-0.91564214;-0.25775295;0.16053118;2.0911973;6.510517;1.6856614;0.9902792;12.25;12.25;12.25;686;50.00000000000713
4.9814653;4.980765;-5.184508;0.4915431;-0.4315448;0.5222144;6.0985627;1.3362844;7.73447;12.25;12.25;12.25;686;50.00000000000713
3.2911296;3.877566;-0.1288478;-0.8410996;-0.4689857;-1.4874837;1.0498687;3.7566593;-4.162765;12.25;12.25;12.25;686;50.00000000000713
-2.65352;5.34565;-1.3687909;-2.3407302;-1.152207;1.7804575;-5.212924;-0.38091394;2.741033;12.25;12.25;12.25;686;50.00000000000713
-5.002563;1.865418;4.7621326;-0.47433513;0.6200271;-2.1144404;0.8501377;-5.873481;5.067101;12.25;12.25;12.25;686;50.00000000000713
1.470774;4.288674;-2.2022245;0.09090396;2.667885;3.031545;1.3781911;-11.157974;-0.50124615;12.25;12.25;12.25;686;50.00000000000713
-2.2740414;-3.0810397;-2.6151972;-1.1001456;0.738775;1.5082539;5.200329;-14.021119;4.480969;12.25;12.25;12.25;686;50.00000000000713
-5.2032437;0.16724724;1.4970253;-1.052231;-0.20496848;-0.6874051;0.12419569;-0.42387667;0.3563489;12.25;12.25;12.25;686;50.00000000000713
2.110043;-4.0296955;1.2986377;0.054289363;0.07452794;-1.1445978;-3.307239;-0.7010926;-1.4880239;12.25;12.25;12.25;686;50.00000000000713
5.76096;0.19953308;4.278394;1.4774652;0.4796196;-0.62681687;-1.8335942;0.5134501;-0.56387275;12.25;12.25;12.25;686;50.00000000000713
-1.4468699;2.103669;-1.7723453;-1.2782781;-1.9550227;-0.48949233;1.8657705;-1.2949076;-0.99500585;12.25;12.25;12.25;686;50.00000000000713
2.7970035;-3.3592155;-1.8091952;0.43766353;-1.3394619;-1.2332394;13.999133;-11.841981;2.083606;12.25;12.25;12.25;686;50.00000000000713
0.07084777;-2.6882246;4.6666193;-1.4361216;0.82284087;-1.1908706;2.1689532;-17.689215;5.482075;12.25;12.25;12.25;686;50.00000000000713
-2.0333338;-3.732827;2.4869359;-0.2061003;0.46163526;-0.8304953;0.019521194;-0.57216305;2.2570364;12.25;12.25;12.25;686;50.00000000000713
-2.4002342;-5.6209674;5.522145;2.5798514;-0.8942474;-0.48009446;-1.3918953;2.7980733;1.6523908;12.25;12.25;12.25;686;50.00000000000713
-2.3248785;-1.2434043;1.635912;1.4103503;2.0122924;-0.8773141;-0.22163059;1.2661042;1.439943;12.25;12.25;12.25;686;50.00000000000713
5.7547965;5.95998;5.967006;-0.5008949;-0.036865667;-1.4193505;-6.061506;-9.007713;8.572106;12.25;12.25;12.25;686;50.00000000000713
-5.512522;-3.4036582;2.9383445;-1.1464847;1.2845707;0.498246;-2.406016;1.6980113;-3.5921862;12.25;12.25;12.25;686;50.00000000000713
5.1815543;-5.5557284;2.2148724;0.5400338;0.421461;0.03359134;1.5130988;0.6098174;3.777316;12.25;12.25;12.25;686;50.00000000000713
0.6463855;-5.1040635;2.012813;-0.62337667;-0.5287722;0.011564756;1.7979621;14.334311;4.568191;12.25;12.25;12.25;686;50.00000000000713
-1.4108709;-0.9098614;2.8256347;-0.086531565;0.82288456;1.5588276;-0.556631;1.1304636;2.996902;12.25;12.25;12.25;686;50.00000000000713
-6.082399;-1.4473292;-2.0901692;-0.3907034;0.82889426;0.9265371;-2.9205272;-2.1245577;12.782394;12.25;12.25;12.25;686;50.00000000000713
1.1910478;1.1105229;0.60711133;2.2340016;-1.1293998;2.2422633;0.93506193;1.1474427;-2.0237505;12.25;12.25;12.25;686;50.00000000000713
-4.8607235;-5.2588606;0.07668986;-0.14192295;-0.9644444;-0.7452849;21.644745;5.8776;-3.231312;12.25;12.25;12.25;686;50.00000000000713
-5.0973253;5.967799;-2.2917893;-0.9874223;0.07387442;-1.2654248;5.097941;1.8173782;-9.591228;12.25;12.25;12.25;686;50.00000000000713
-2.1560302;-4.5706005;1.4067411;-0.6112785;2.0706954;0.9321457;2.1744952;-0.5963932;2.350913;12.25;12.25;12.25;686;50.00000000000713
-0.9764763;2.3759289;-5.7244234;-0.76647294;0.4851814;1.4099783;-16.136599;-18.099312;25.870642;12.25;12.25;12.25;686;50.00000000000713
0.8655586;-4.6545997;-2.8559887;-1.744373;0.5418244;0.8562757;-1.6567914;1.0260606;0.16178764;12.25;12.25;12.25;686;50.00000000000713
-0.2369073;4.525388;5.0690894;0.36194277;-0.2489825;-0.6880396;-0.71963143;-2.583378;-2.202006;12.25;12.25;12.25;686;50.00000000000713
-5.77039;-0.5405025;4.674191;1.0041255;-2.9000318;0.2664456;3.146024;0.079256736;2.2417016;12.25;12.25;12.25;686;50.00000000000713
-2.715832;-0.514184;2.7510648;0.3456785;-0.11290479;0.8965783;-0.26599202;2.7152386;0.12575021;12.25;12.25;12.25;686;50.00000000000713
0.8289559;4.4496;4.581022;-0.79181725;-0.19158633;-1.4659239;-2.6531584;1.3274877;-1.4879093;12.25;12.25;12.25;686;50.00000000000713
3.7952266;5.54298;0.632445;0.5542436;-0.66587424;-0.89554906;3.8510015;-1.3375787;-2.47016;12.25;12.25;12.25;686;50.00000000000713
5.3865128;-4.84771;-4.336676;0.40481913;0.5626819;-1.7048731;37.340694;53.55851;-38.67792;12.25;12.25;12.25;686;50.00000000000713
-1.6984237;4.7637553;-1.2363816;-0.6150643;-0.5664713;1.0722442;-11.283091;-30.968395;1.1541224;12.25;12.25;12.25;686;50.00000000000713
-4.124334;-2.6573389;-3.420379;-0.6732181;-1.973628;0.30003044;-5.589311;28.012833;-15.415654;12.25;12.25;12.25;686;50.00000000000713
5.5485635;-3.4818861;1.7718364;1.5372859;-1.1191245;1.9308959;-0.5960855;1.0929716;-1.0356972;12.25;12.25;12.25;686;50.00000000000713
5.678075;1.004432;-1.0613238;0.4364892;-1.0549878;-2.072273;22.31405;23.56058;11.741801;12.25;12.25;12.25;686;50.00000000000713
-1.8393266;5.673986;5.735277;-2.7927878;-0.2506503;-0.6695217;12.217173;2.299236;1.0230955;12.25;12.25;12.25;686;50.00000000000713
-0.80033505;-2.8947675;-4.864557;-1.758752;-0.34537655;0.56681246;0.09648173;-5.266474;-0.48765957;12.25;12.25;12.25;686;50.00000000000713
-4.279021;0.7258209;1.2642577;-0.7460878;0.8303519;0.084227294;3.2563262;-0.5340893;-11.072947;12.25;12.25;12.25;686;50.00000000000713
-1.1460662;6.1096025;1.6214572;-1.6277604;-2.9243257;0.84455055;-0.5220011;-1.6308688;-0.26373473;12.25;12.25;12.25;686;50.00000000000713
0.98207426;-4.136311;4.264269;0.31166926;-1.1107888;0.54502034;-1.3211049;-3.3048606;-0.42949522;12.25;12.25;12.25;686;50.00000000000713
-4.2676916;0.70999324;2.3096924;-1.3631449;2.298178;0.18108764;-5.5073667;5.7394643;2.6396356;12.25;12.25;12.25;686;50.00000000000713
-0.9047146;-2.7121637;0.49385205;1.4873081;-1.5350047;-2.3930318;1.666673;1.3646054;2.085813;12.25;12.25;12.25;686;50.00000000000713
2.7846713;5.4855366;0.1784257;-0.6711523;-1.0994958;-0.17424108;0.58948;-1.9673673;-0.301418;12.25;12.25;12.25;686;50.00000000000713
-0.99092966;1.3596497;1.3487197;0.2607084;-0.28060934;0.24355718;-6.1120744;-3.2277908;7.144414;12.25;12.25;12.25;686;50.00000000000713
3.1766348;-1.7103682;-5.0581727;0.25532138;0.8776422;-0.8082323;7.9013357;-0.813414;-6.1596155;12.25;12.25;12.25;686;50.00000000000713
-4.7071805;4.591104;2.5139978;0.24221763;1.552256;1.6721166;0.3618335;2.4679515;1.6614655;12.25;12.25;12.25;686;50.00000000000713
4.46016;4.747064;4.178102;1.8438511;0.13202985;0.7800764;-0.9994435;-0.042646166;1.4817109;12.25;12.25;12.25;686;50.00000000000713
-2.1268232;0.79879564;3.1594844;-1.160539;0.52940905;1.5331485;-46.5429;-28.42902;78.169975;12.25;12.25;12.25;686;50.00000000000713
3.4469678;-3.1195552;-5.0749125;-1.3185223;-0.8515662;-1.6593506;-2.9604037;2.351721;0.23814398;12.25;12.25;12.25;686;50.00000000000713
-2.7074723;2.6363695;-1.1198208;1.0878618;-2.9642406;-0.5550785;3.406285;-2.3545997;2.0398755;12.25;12.25;12.25;686;50.00000000000713
3.4866407;0.53138316;5.446634;0.79681784;-0.29526705;-0.83564705;-0.7201921;1.3692046;1.2231599;12.25;12.25;12.25;686;50.00000000000713
-0.013641588;-1.5603893;3.2767599;0.9935186;0.84714156;-0.35094464;3.9384983;7.6288853;-28.262327;12.25;12.25;12.25;686;50.00000000000713
-2.789567;0.6436712;-0.34184608;-0.6807656;0.9430255;1.9567624;3.8882234;-0.527524;-4.6393776;12.25;12.25;12.25;686;50.00000000000713
-5.827981;-5.5047293;0.16148528;1.1872153;0.20659645;1.015655;-25.34907;-4.675131;-1.0641342;12.25;12.25;12.25;686;50.00000000000713
3.3219557;5.7556944;5.8957553;-0.682234;-1.9529297;-0.5530873;-0.27016324;7.070813;2.0389552;12.25;12.25;12.25;686;50.00000000000713
4.5529056;-0.39918065;3.3255892;-1.489457;-0.2735759;-1.8191545;-13.953101;-5.898783;-9.183705;12.25;12.25;12.25;686;50.00000000000713
-4.7181525;-3.0739508;-0.78042364;0.9567101;0.729732;0.51973164;-0.94667;-2.3070028;-0.9726057;12.25;12.25;12.25;686;50.00000000000713
4.4295654;-2.7880359;-2.3220546;1.8908743;-0.71626097;2.3155396;-1.4313283;19.385519;5.2579575;12.25;12.25;12.25;686;50.00000000000713
2.7993467;3.0309427;0.35630944;1.00978;-0.9297019;1.3857825;-5.4405904;-1.0643756;1.3538136;12.25;12.25;12.25;686;50.00000000000713
0.41179204;0.56845987;-1.2494886;0.5865661;0.27421588;-2.0228455;2.061602;9.274683;-24.31887;12.25;12.25;12.25;686;50.00000000000713
3.5632846;3.4017932;-5.465383;0.8980481;1.347813;0.9497654;0.38473377;-0.23065498;-0.05587124;12.25;12.25;12.25;686;50.00000000000713
-5.338387;-2.786023;-1.9386119;-0.26223096;0.75833595;-0.713246;0.797713;-7.908018;2.5867212;12.25;12.25;12.25;686;50.00000000000713
-0.6773129;-3.1518838;2.9056473;1.4444922;0.120947756;-0.05799106;2.8257346;-8.951506;-1.241105;12.25;12.25;12.25;686;50.00000000000713
-4.825782;0.9389795;5.422928;-0.790308;0.5559191;-0.27819854;-0.38151678;0.78907263;0.8039284;12.25;12.25;12.25;686;50.00000000000713
6.0901628;-1.7650216;1.917664;-2.532841;-1.5993011;1.5804138;-0.6097194;0.37201032;0.5552369;12.25;12.25;12.25;686;50.00000000000713
2.4076228;2.6264803;4.248751;1.0660764;1.146558;-1.3774067;-1.6879466;-0.48849377;3.4230826;12.25;12.25;12.25;686;50.00000000000713
-6.0456905;3.7808897;-2.0162487;-0.29218614;1.3541749;-0.09092035;-0.90993565;-1.9507583;4.681494;12.25;12.25;12.25;686;50.00000000000713
-2.6645238;-4.6151376;-1.7378418;1.2707534;0.815367;1.0946704;-10.739605;-9.072605;4.5968013;12.25;12.25;12.25;686;50.00000000000713
0.43955156;5.064484;-0.29848585;0.21381213;-1.1257269;0.9716397;-3.6480386;2.8833733;1.5572004;12.25;12.25;12.25;686;50.00000000000713
-5.415926;-1.0271883;-1.1146284;0.8131673;0.0022604621;0.33764198;0.25781345;-1.3872429;-3.1532571;12.25;12.25;12.25;686;50.00000000000713
-1.9931669;3.5567043;-4.108837;-0.09072558;-0.41912743;-2.5521488;1.1109258;1.7459219;-0.88514286;12.25;12.25;12.25;686;50.00000000000713
2.8015037;4.016138;2.0008333;0.095201895;0.40420333;0.8391435;2.648537;-2.0766482;-0.00030848352;12.25;12.25;12.25;686;50.00000000000713
-1.6547033;5.7406764;-1.266696;0.73713744;0.53844213;-0.00014674291;2.8087666;24.851547;17.709711;12.25;12.25;12.25;686;50.00000000000713
2.6325119;5.655862;3.6595376;-0.93321896;-0.9468611;-0.6651876;-11.510331;-21.280594;30.698433;12.25;12.25;12.25;686;50.00000000000713
2.168281;3.8315;0.8928699;-1.2537904;0.6506607;0.6157347;11.617303;5.2347264;29.11855;12.25;12.25;12.25;686;50.00000000000713
4.8917184;-0.8047797;4.237872;-0.43094498;0.86290383;1.8985609;5.0228653;-0.88849986;5.764428;12.25;12.25;12.25;686;50.00000000000713
-0.083818495;4.228696;-5.234651;-0.100296594;0.033075742;-0.77019984;-5.464929;6.2709813;4.732104;12.25;12.25;12.25;686;50.00000000000713
1.8916476;-2.8114913;-0.25204486;1.4332398;-0.31050256;0.59091187;0.089050025;0.07792594;0.5258995;12.25;12.25;12.25;686;50.00000000000713
1.4516393;5.0713243;-4.353797;-0.44005403;-0.17549181;1.9036226;-1.8386728;-0.7839904;2.7608466;12.25;12.25;12.25;686;50.00000000000713
2.53345;-3.6067705;-4.1193733;1.6714394;-2.5299592;0.22806601;1.6749423;4.4922953;1.3123595;12.25;12.25;12.25;686;50.00000000000713
-3.0786004;-3.7435086;-3.1588583;0.67757493;-0.0185032;0.4774415;23.2665;-2.4629607;-5.7257833;12.25;12.25;12.25;686;50.00000000000713
4.737724;-3.3761947;0.6744922;1.8761699;1.5731691;-0.80574507;0.8461171;0.2943611;0.74661756;12.25;12.25;12.25;686;50.00000000000713
3.7759624;-5.1605577;-2.5960684;-0.8843547;0.4154058;0.7423062;2.556115;1.8511963;1.0297382;12.25;12.25;12.25;686;50.00000000000713
2.334367;3.2879052;2.7631514;0.5959087;-1.1987916;-1.3951952;3.0439446;-1.8495109;-1.4924071;12.25;12.25;12.25;686;50.00000000000713
-1.9722046;4.380906;3.7237508;0.26586738;-0.96452457;-0.2542285;-4.6629586;5.70728;3.1280186;12.25;12.25;12.25;686;50.00000000000713
2.2435224;2.4311504;5.4084706;-1.4140043;0.08039129;0.31562006;26.54609;4.060308;25.37182;12.25;12.25;12.25;686;50.00000000000713
3.6896808;5.954879;4.5205936;-0.7571625;-0.4332524;0.66739154;0.97955096;-1.675534;1.3547834;12.25;12.25;12.25;686;50.00000000000713
-2.4688632;-0.63854706;-1.6791598;1.9360743;-1.2270594;-0.3040107;-9.449754;-0.67392474;-4.8106914;12.25;12.25;12.25;686;50.00000000000713
3.7139308;4.9368944;-0.6255691;-1.1133742;0.2844097;0.34531787;-2.2795904;-2.7024477;3.0340512;12.25;12.25;12.25;686;50.00000000000713
-4.9288025;3.3370492;-1.9213822;1.4513456;2.4520526;0.1711723;-5.033257;-1.1123407;-0.37152395;12.25;12.25;12.25;686;50.00000000000713
-3.4323246;1.5063565;2.3228805;-0.58544457;1.6193678;0.35345793;21.02514;-14.50585;107.97291;12.25;12.25;12.25;686;50.00000000000713
-1.2054332;0.3576478;3.2272162;0.22246686;0.056167707;-1.3669676;12.860056;-6.546242;2.0940902;12.25;12.25;12.25;686;50.00000000000713
-5.8187394;1.3465754;0.30802417;-1.0182865;0.35992268;0.9036767;-2.215334;0.93537253;-0.08856782;12.25;12.25;12.25;686;50.00000000000713
4.755566;-4.055534;4.9453692;0.8430667;1.8212605;-1.5104984;-2.8764086;5.0871344;1.3473581;12.25;12.25;12.25;686;50.00000000000713
1.9954287;-1.7467518;-0.42190138;-0.91357166;0.05529209;-0.27551788;4.9088335;1.9067098;-5.5164695;12.25;12.25;12.25;686;50.00000000000713
-3.464175;0.041821968;1.9322243;-1.4073569;-1.4245266;-3.5361364;0.27087998;1.4109322;0.6094383;12.25;12.25;12.25;686;50.00000000000713
4.197686;4.336793;-5.465605;0.066848345;-1.422601;-0.9080248;-10.214314;1.2009653;-9.570295;12.25;12.25;12.25;686;50.00000000000713
2.2996137;-2.4984381;-5.951457;-0.8216571;0.42486936;0.7650926;-1.9946579;3.2860534;3.5917177;12.25;12.25;12.25;686;50.00000000000713
-3.862098;5.2275777;5.1077285;-0.24081582;-0.55191857;-0.105303355;-3.3195567;-2.1291993;-4.2839527;12.25;12.25;12.25;686;50.00000000000713
-4.67143;3.2313666;-4.654658;0.095037274;-0.6880735;-0.21837889;1.9558614;5.465007;-2.2124445;12.25;12.25;12.25;686;50.00000000000713
-0.22801189;5.8390594;0.29531404;2.408295;0.4725974;0.5790713;1.5573821;-2.979989;-1.2967116;12.25;12.25;12.25;686;50.00000000000713
5.223484;1.6778468;0.37183285;0.7369993;0.8893022;0.7270426;11.688405;-20.480906;-26.68107;12.25;12.25;12.25;686;50.00000000000713
2.8572755;0.90729576;-0.87863773;-0.41650957;-0.43011275;0.06762902;-3.7057176;0.19550604;-4.068219;12.25;12.25;12.25;686;50.00000000000713
3.401815;4.006802;-1.7064134;0.49978998;-0.0062050233;0.332564;-2.3897502;2.2217941;9.416245;12.25;12.25;12.25;686;50.00000000000713
1.5038902;-3.818233;0.059012264;-0.5368866;-0.93468225;-2.6565406;-2.9087794;-0.64753675;3.7179193;12.25;12.25;12.25;686;50.00000000000713
1.3397119;2.6286483;-0.3949953;1.2370073;-0.38104603;-0.4435562;-1.5043012;-1.3032954;1.3076102;12.25;12.25;12.25;686;50.00000000000713
-4.8897243;-5.0859175;3.820558;2.1028442;-2.2856123;1.3657956;13.86069;20.041687;-11.057288;12.25;12.25;12.25;686;50.00000000000713
-3.4805243;-4.9821324;4.2255716;0.5983011;0.3246831;0.1921948;-2.1849518;0.2249316;-1.5919174;12.25;12.25;12.25;686;50.00000000000713
-2.7926269;-1.3662819;0.62459415;-1.6333696;1.6178488;2.653109;-0.57178336;1.5461456;0.51657414;12.25;12.25;12.25;686;50.00000000000713
-1.4569068;-4.945016;-5.838554;-0.6214315;-1.9329154;-0.45917353;-2.7661676;-3.6923897;2.4170547;12.25;12.25;12.25;686;50.00000000000713
-1.6950603;5.0032163;1.5447276;-1.3436706;-1.0081095;0.32429844;-16.72516;-0.59331155;13.56951;12.25;12.25;12.25;686;50.00000000000713
4.5049815;3.0470383;0.5696956;2.311982;3.2086432;-0.33417475;-9.563152;6.92919;-4.185184;12.25;12.25;12.25;686;50.00000000000713
5.2403913;0.159557;-1.3041463;-1.3184508;-1.365981;1.2404383;-13.643965;-28.41674;-8.225523;12.25;12.25;12.25;686;50.00000000000713
2.614269;-0.7568461;4.4422584;-0.532104;0.01896087;-0.40650547;-1.1821302;-14.283613;6.3506327;12.25;12.25;12.25;686;50.00000000000713
4.7822385;5.214996;1.1055714;1.2657553;0.08810371;-0.2906291;-1.9530771;-2.1700323;0.1188757;12.25;12.25;12.25;686;50.00000000000713
1.2129558;-1.4199591;-5.3018517;1.2005392;0.9375611;-1.1175632;1.8707995;-1.9720887;2.4390173;12.25;12.25;12.25;686;50.00000000000713
-4.876905;5.381336;5.8565745;-0.30398676;-0.6645002;1.4453067;3.560248;2.475525;0.21921507;12.25;12.25;12.25;686;50.00000000000713
-5.732018;1.4566562;-4.490499;2.4128656;-0.8049431;-3.0482242;0.6268531;-2.9434237;6.4486756;12.25;12.25;12.25;686;50.00000000000713
-0.3818581;2.7187412;-2.784597;-0.93651694;1.9766388;0.92110276;0.25712463;-2.7302027;-1.5226874;12.25;12.25;12.25;686;50.00000000000713
-5.0496974;-5.5263295;-3.6974304;1.3557223;-0.95633584;0.62594676;-4.5604577;-12.8788395;-1.4048488;12.25;12.25;12.25;686;50.00000000000713
-2.0888422;-4.0329347;-4.672446;-2.1747346;0.54200345;1.7194405;-10.107809;-38.091106;-35.664852;12.25;12.25;12.25;686;50.00000000000713
-0.2640302;2.3595202;-1.2502693;-1.8839556;-1.6878918;0.7641901;-7.2135415;2.7060008;-10.930824;12.25;12.25;12.25;686;50.00000000000713
3.6278627;3.452587;-2.5875304;3.0235434;-0.19475022;-0.28040564;2.8377519;-2.0146852;-6.0183225;12.25;12.25;12.25;686;50.00000000000713
-2.0907042;4.5725694;-4.76484;-2.3600135;1.6014409;-0.8030237;-2.8130424;-4.1452417;3.9996264;12.25;12.25;12.25;686;50.00000000000713
-4.778692;1.9048125;6.060697;-0.29008624;-0.619762;0.3437337;-3.0331109;-1.5075356;0.052011184;12.25;12.25;12.25;686;50.00000000000713
-4.360588;-2.4286354;1.0624788;-1.8580832;1.430732;-0.245935;-7.5676575;-0.16485459;-0.85122854;12.25;12.25;12.25;686;50.00000000000713
-0.1181367;-0.08936308;1.9249287;-1.9325988;1.5306424;0.32424825;-0.30700555;2.0795267;1.0296401;12.25;12.25;12.25;686;50.00000000000713
-4.5942497;1.7457827;-4.858546;0.080834955;0.6034084;2.1597948;17.864979;-9.679675;8.597525;12.25;12.25;12.25;686;50.00000000000713
-3.926456;1.4606019;4.456051;-1.0974852;0.45970723;0.7914046;-0.38159347;-1.808879;1.5572344;12.25;12.25;12.25;686;50.00000000000713
-4.849718;-1.7768346;5.859695;0.40354338;-0.6854266;0.4128858;-5.092432;1.8504115;13.7527685;12.25;12.25;12.25;686;50.00000000000713
-1.3531189;3.8708858;4.546914;2.242662;0.14386606;0.22876444;-0.77456594;-0.38168302;1.5734096;12.25;12.25;12.25;686;50.00000000000713
-3.869468;-4.5385385;2.4858024;-0.55411035;0.8834286;-0.063474715;-4.594813;16.819069;-10.986651;12.25;12.25;12.25;686;50.00000000000713
-5.096778;2.4191384;-4.128522;0.41975176;-0.39287648;-0.013743713;-5.9561367;-9.5475445;5.0353055;12.25;12.25;12.25;686;50.00000000000713
-4.564754;-3.6655655;0.42747343;-0.11982575;0.93684334;-1.1994601;1.5650197;0.29594645;-2.321194;12.25;12.25;12.25;686;50.00000000000713
-2.929283;2.2282853;0.02467053;-1.1162686;-0.656192;1.9111059;0.13642298;0.646872;-1.1466776;12.25;12.25;12.25;686;50.00000000000713
1.8867298;2.3741605;-3.2675357;0.98180044;0.8432404;0.53126603;22.473768;14.962747;12.917519;12.25;12.25;12.25;686;50.00000000000713
-5.633376;-4.992237;2.0109892;-1.7467299;-1.1300315;0.1707516;-10.959503;-4.7569566;-14.915668;12.25;12.25;12.25;686;50.00000000000713
4.6358333;-2.6786659;-0.74224555;0.84596527;-0.91155756;0.99976945;-0.686686;1.5002676;-0.27732393;12.25;12.25;12.25;686;50.00000000000713
2.9668279;5.870296;-4.621978;-0.042484466;-1.4309574;-0.74926317;-1.7565626;-0.47075087;2.306486;12.25;12.25;12.25;686;50.00000000000713
-1.9016254;-5.329817;-4.8971353;0.4713149;0.84870875;-0.38687652;-5.2662344;5.733626;-3.5339286;12.25;12.25;12.25;686;50.00000000000713
5.4356565;3.269276;1.0658705;-1.8948053;0.9254188;0.7425276;21.058054;4.620573;-18.836206;12.25;12.25;12.25;686;50.00000000000713
3.885555;-0.5313151;2.2745528;0.86282206;0.5845488;-0.85255617;-11.0393915;-15.770354;17.303896;12.25;12.25;12.25;686;50.00000000000713
2.1796727;-5.732495;4.676354;-0.9449829;-2.474772;1.2803808;0.389816;1.1948926;0.5555225;12.25;12.25;12.25;686;50.00000000000713
-0.76874036;2.2246258;2.8699925;0.91176486;0.20051545;1.3763784;33.955784;-5.932795;9.974239;12.25;12.25;12.25;686;50.00000000000713
1.3078647;5.2969174;-2.393051;1.0555662;-0.6736855;0.42289343;1.8247124;17.446241;9.490822;12.25;12.25;12.25;686;50.00000000000713
-1.9435456;1.2062846;-2.7228644;-0.06868192;0.8918883;-0.050612707;1.1692125;1.5264252;0.64650005;12.25;12.25;12.25;686;50.00000000000713
-1.1586401;2.7517447;-4.0907183;-1.1123596;0.84767884;1.0656246;-0.025962546;2.4044302;1.2393101;12.25;12.25;12.25;686;50.00000000000713
1.3886878;2.9182184;-5.1562514;1.8023973;-0.8807139;-0.40212232;-2.1245165;5.3944464;-3.5926309;12.25;12.25;12.25;686;50.00000000000713
-4.1948123;-5.82356;-5.2329655;-1.4004031;1.3360744;-2.1986628;-0.9373396;4.429588;-4.6947026;12.25;12.25;12.25;686;50.00000000000713
0.8964607;-4.4947953;-4.8745546;-1.1974423;-0.8504675;-1.4583497;-1.9393954;-4.8542614;6.4918327;12.25;12.25;12.25;686;50.00000000000713
-3.1172376;-5.64717;-0.82911897;0.3282393;1.723206;-1.3562039;0.30030605;-1.8042427;1.9254581;12.25;12.25;12.25;686;50.00000000000713
-3.493213;0.6111225;5.038263;1.8174897;1.2780734;0.59373844;-7.6555433;-5.8912883;1.9170153;12.25;12.25;12.25;686;50.00000000000713
-5.809623;-4.64686;0.87818086;0.8146796;0.6072869;-2.7592356;1.3288507;0.661391;0.6899607;12.25;12.25;12.25;686;50.00000000000713
5.5898147;-1.224552;-5.37702;-1.6892701;-1.561074;1.3197995;3.954164;-6.9556856;-9.244955;12.25;12.25;12.25;686;50.00000000000713
4.2703857;-1.4986241;-4.241792;-0.8454596;1.0408964;-1.3709162;-0.1536283;1.4845345;-0.9382768;12.25;12.25;12.25;686;50.00000000000713
4.686248;-0.9189086;1.0694532;-0.58155745;-1.290934;0.3380483;-2.3322215;-2.0067925;0.085760824;12.25;12.25;12.25;686;50.00000000000713
-1.19499;-0.9980972;3.9799545;-1.7988639;0.13232155;0.052277844;0.6624694;0.75092304;-2.5005653;12.25;12.25;12.25;686;50.00000000000713
-1.3547684;-5.964835;-2.055349;-0.99464065;1.2161133;1.3770772;2.1373787;9.749016;-25.739138;12.25;12.25;12.25;686;50.00000000000713
-5.7554007;4.796673;-0.68488985;1.4448167;-0.06157372;0.6822235;-16.41346;8.253981;2.3319542;12.25;12.25;12.25;686;50.00000000000713
2.4979992;2.1005049;-5.227814;-1.0152198;0.25155503;-0.87526566;18.744062;8.512806;7.4543757;12.25;12.25;12.25;686;50.00000000000713
-1.9912399;-3.6457484;-3.8042731;-1.1946162;-0.5788619;-1.2995304;-7.683405;19.801935;43.022118;12.25;12.25;12.25;686;50.00000000000713
-3.4812102;4.6325097;-3.533641;0.414146;-0.3945952;-0.65136385;-1.0198057;0.070691556;0.2544924;12.25;12.25;12.25;686;50.00000000000713
-2.1239238;-4.0962343;3.7193866;1.467346;-0.26942128;0.8147397;-3.418434;3.6657317;-0.2844255;12.25;12.25;12.25;686;50.00000000000713
1.5188965;-3.9359252;-5.5028915;-0.62897325;1.1154927;-2.0500453;4.338181;5.098093;-6.8126435;12.25;12.25;12.25;686;50.00000000000713
-2.7606618;-1.6772507;-1.2773114;0.60325307;-0.79171926;-0.89044404;1.3733667;0.037038036;-2.416973;12.25;12.25;12.25;686;50.00000000000713
-3.1784685;2.2007806;5.79554;0.1784249;-0.82512534;1.5125061;-3.936751;-0.63524735;1.0867164;12.25;12.25;12.25;686;50.00000000000713
-5.0513015;0.28094447;-5.8099337;0.30361432;-0.99253386;1.2080333;2.8059797;0.26333827;-3.8012807;12.25;12.25;12.25;686;50.00000000000713
2.184584;0.9091063;-3.2248487;0.31265238;0.6066375;2.3282962;-1.3460574;4.150569;-0.22267559;12.25;12.25;12.25;686;50.00000000000713
-1.1229024;3.5624592;-3.1014843;0.52906513;-0.50489473;1.263808;-2.2074316;-3.9487298;-1.4360838;12.25;12.25;12.25;686;50.00000000000713
1.4199953;-1.3668342;-1.8396916;-2.8700554;-1.2792014;-0.35296163;0.072604425;-1.6826543;3.1431606;12.25;12.25;12.25;686;50.00000000000713
5.7850237;-4.268481;4.857242;0.75162107;-0.111225106;1.0864956;7.6489763;-3.4801779;-2.2382944;12.25;12.25;12.25;686;50.00000000000713
0.8821862;3.5727613;-2.850407;-0.074250795;0.9448411;1.3292737;0.8630205;3.8542325;-3.6707969;12.25;12.25;12.25;686;50.00000000000713
5.919486;2.9430697;-0.4576832;0.033145875;-0.10927624;0.1945693;-4.247183;-1.4394878;0.22729081;12.25;12.25;12.25;686;50.00000000000713
5.0818424;4.926925;-3.1318998;1.2786553;0.63038146;-0.59611493;-9.8293495;-7.1886997;43.09829;12.25;12.25;12.25;686;50.00000000000713
3.3121603;1.8019285;-2.7417233;0.50731677;0.1224671;-0.23540398;-0.51629144;-0.047223356;0.06174615;12.25;12.25;12.25;686;50.00000000000713
-4.9130597;2.1627176;3.0548391;1.1455342;0.9016587;1.6348099;1.6622015;-2.6275527;-7.0377097;12.25;12.25;12.25;686;50.00000000000713
5.4679146;5.858152;3.2521737;-1.9657198;-0.3140431;-0.73234904;0.33754393;5.110269;-0.27657098;12.25;12.25;12.25;686;50.00000000000713
-4.861276;5.7510705;2.9170084;-0.58447325;1.452556;-0.9252784;1.7559675;1.3431604;-1.276062;12.25;12.25;12.25;686;50.00000000000713
1.6826438;-3.66774;-2.2540987;-1.6494447;1.234244;-0.37102413;-6.979986;13.4205065;-13.363954;12.25;12.25;12.25;686;50.00000000000713
1.5164458;2.3006227;4.7733054;-0.105205625;-0.23358293;-2.0620584;-33.224613;-6.384327;-21.167255;12.25;12.25;12.25;686;50.00000000000713
0.3128262;2.66357;5.30934;0.03862627;-0.9569231;-1.8221861;11.412027;-0.69593215;-0.7174188;12.25;12.25;12.25;686;50.00000000000713
1.0530026;-4.6631613;0.99648404;0.5985372;-0.4855279;1.9708174;1.4515929;-0.84509045;-2.1354117;12.25;12.25;12.25;686;50.00000000000713
-1.7990037;-4.7041984;-2.3468351;-0.13239682;-2.3760083;0.2198043;6.70095;2.2790258;-1.2543979;12.25;12.25;12.25;686;50.00000000000713
1.9476147;-2.017782;0.6434658;1.0380075;0.648168;-0.18337697;-6.0715227;17.216738;-15.247396;12.25;12.25;12.25;686;50.00000000000713
-5.4464836;2.1199553;-5.2436175;0.59014875;-0.2645154;1.5376961;-13.070127;14.13759;-15.529389;12.25;12.25;12.25;686;50.00000000000713
0.09142883;-3.6762288;3.7196796;2.6585636;2.0709722;-0.26037934;-0.9773601;0.08719904;-2.0938017;12.25;12.25;12.25;686;50.00000000000713
