time;msd;einstein_diffusion;vaf;gk_diffusion
0.005;0.0;0.0;0.33634546;0.00056057575
0.01;8.421676e-06;0.00014036127;0.33529738;0.0011194047
0.015;3.363416e-05;0.00037371292;0.332164;0.0016730113
0.02;7.5480355e-05;0.000629003;0.32697555;0.0022179706
0.025;0.00013370032;0.0008913354;0.31978223;0.002750941
0.03;0.00020793325;0.0011551848;0.31065324;0.0032686964
0.035;0.00029772203;0.001417724;0.2996757;0.0037681558
0.04;0.00040251596;0.0016771499;0.28695387;0.0042464123
0.045;0.0005216777;0.0019321397;0.2726073;0.004700758
0.05;0.0006544888;0.0021816294;0.2567691;0.0051287063
0.055;0.0008001546;0.0024247107;0.23958464;0.005528014
0.06;0.00095781405;0.0026605946;0.22121009;0.0058966978
0.065;0.0011265477;0.002888584;0.20180885;0.006233046
0.07;0.0013053819;0.003108052;0.18155088;0.0065356307
0.075;0.0014933008;0.0033184462;0.16061082;0.006803315
0.08;0.0016892588;0.0035192894;0.1391657;0.0070352578
0.085;0.001892178;0.0037101528;0.1173925;0.0072309123
0.09;0.00210097;0.003890685;0.09546696;0.0073900237
0.095;0.0023145352;0.0040605883;0.073561445;0.0075126262
0.1;0.002531778;0.0042196303;0.051843602;0.007599032
0.105;0.002751609;0.0043676337;0.030474411;0.0076498226
0.11;0.0029729558;0.0045044785;0.009607091;0.007665835
0.115;0.0031947822;0.004630119;-0.010614412;0.007648144
0.12;0.0034160698;0.0047445414;-0.030056408;0.00759805
0.125;0.0036358435;0.0048477915;-0.048596535;0.0075170556
0.13;0.0038531825;0.004939978;-0.06612432;0.0074068485
0.135;0.0040671993;0.0050212336;-0.082542196;0.007269278
0.14;0.0042770826;0.005091765;-0.09776583;0.0071063354
0.145;0.0044820737;0.0051518087;-0.11172433;0.006920128
0.15;0.0046814666;0.0052016294;-0.12436064;0.0067128604
0.155;0.0048746387;0.005241547;-0.13563128;0.006486808
0.16;0.0050610183;0.0052718944;-0.14550665;0.006244297
0.165;0.00524011;0.0052930405;-0.15397058;0.005987679
0.17;0.005411514;0.005305406;-0.16101944;0.0057193134
0.175;0.0055748518;0.0053093825;-0.16666314;0.005441542
0.18;0.0057298555;0.0053054215;-0.17092295;0.00515667
0.185;0.005876313;0.0052939756;-0.17383146;0.004866951
0.19;0.0060140784;0.0052755075;-0.17543203;0.0045745643
0.195;0.00614307;0.005250487;-0.17577837;0.0042816005
0.2;0.0062632747;0.0052193953;-0.17493238;0.003990046
0.205;0.0063747307;0.005182708;-0.17296466;0.0037017718
0.21;0.0064775455;0.005140909;-0.1699522;0.0034185182
0.215;0.0065718703;0.005094473;-0.16597818;0.003141888
0.22;0.006657886;0.005043853;-0.16113174;0.002873335
0.225;0.0067358557;0.004989523;-0.15550464;0.0026141608
0.23;0.00680606;0.0049319277;-0.14919294;0.0023655058
0.235;0.006868809;0.0048714955;-0.1422935;0.0021283498
0.24;0.006924447;0.0048086443;-0.13490485;0.0019035086
0.245;0.006973349;0.0047437744;-0.12712488;0.0016916337
0.25;0.0070159016;0.0046772677;-0.11905086;0.0014932157
0.255;0.0070524993;0.004609477;-0.11077752;0.0013085864
0.26;0.007083581;0.004540757;-0.10239697;0.0011379248
0.265;0.007109546;0.004471413;-0.093997635;0.0009812621
0.27;0.0071308105;0.0044017346;-0.08566307;0.0008384903
0.275;0.007147815;0.0043320092;-0.07747166;0.0007093709
0.28;0.0071609453;0.0042624674;-0.06949614;0.000593544
0.285;0.0071706083;0.0041933386;-0.061802443;0.00049053994
0.29;0.0071771895;0.0041248216;-0.05444972;0.00039979038
0.295;0.0071810544;0.004057093;-0.04748998;0.00032064042
0.3;0.007182558;0.00399031;-0.040967472;0.0002523613
0.305;0.0071820254;0.003924604;-0.034918725;0.00019416343
0.31;0.0071797315;0.0038600706;-0.029372476;0.0001452093
0.315;0.007175975;0.0037968121;-0.024349501;0.00010462679
0.32;0.007171016;0.0037349046;-0.019862875;7.1522e-05
0.325;0.007165059;0.0036743893;-0.015917968;4.4992055e-05
0.33;0.007158314;0.0036153097;-0.012512839;2.4137324e-05
0.335;0.0071509406;0.0035576816;-0.009638552;8.073071e-06
0.34;0.007143084;0.0035015116;-0.007279561;-4.059531e-06
0.345;0.007134862;0.0034467932;-0.005414172;-1.3083151e-05
0.35;0.0071263746;0.0033935118;-0.00401515;-1.9775069e-05
0.355;0.0071176756;0.0033416317;-0.0030502658;-2.4858844e-05
0.36;0.007108825;0.0032911224;-0.0024829814;-2.8997147e-05
0.365;0.0070998315;0.0032419323;-0.0022730853;-3.278562e-05
0.37;0.0070907264;0.0031940208;-0.0023774365;-3.6748017e-05
0.375;0.007081501;0.0031473339;-0.0027506615;-4.1332452e-05
0.38;0.0070721274;0.0031018103;-0.0033458793;-4.6908917e-05
0.385;0.007062583;0.0030573953;-0.0041154274;-5.3767963e-05
0.39;0.007052814;0.0030140232;-0.005011574;-6.212058e-05
0.395;0.0070427917;0.002971642;-0.005987202;-7.2099254e-05
0.4;0.0070324633;0.0029301932;-0.0069964435;-8.3759995e-05
0.405;0.0070217694;0.002889617;-0.007995343;-9.708557e-05
0.41;0.0070106583;0.002849861;-0.008942382;-0.00011198954
0.415;0.0069990987;0.002810883;-0.009799019;-0.00012832123
0.42;0.00698703;0.0027726311;-0.0105301915;-0.00014587156
0.425;0.00697442;0.0027350667;-0.011104656;-0.00016437932
0.43;0.006961243;0.0026981563;-0.011495386;-0.00018353829
0.435;0.0069474787;0.0026618692;-0.011679829;-0.00020300467
0.44;0.0069331154;0.0026261802;-0.011640111;-0.00022240487
0.445;0.006918154;0.0025910689;-0.011363134;-0.00024134341
0.45;0.00690262;0.002556526;-0.010840695;-0.00025941123
0.455;0.0068865237;0.002522536;-0.010069489;-0.00027619372
0.46;0.0068699173;0.0024891004;-0.009050965;-0.00029127867
0.465;0.006852847;0.0024562175;-0.0077912803;-0.00030426413
0.47;0.0068353675;0.002423889;-0.0063010193;-0.00031476584
0.475;0.0068175746;0.0023921314;-0.004594993;-0.00032242417
0.48;0.006799536;0.00236095;-0.0026919243;-0.0003269107
0.485;0.006781368;0.002330367;-0.0006140771;-0.00032793416
0.49;0.00676315;0.0023003912;0.0016131474;-0.00032524558
0.495;0.0067450167;0.0022710494;0.0039616195;-0.00031864288
0.5;0.0067270687;0.0022423563;0.006400944;-0.00030797464
0.505;0.006709446;0.0022143386;0.008898976;-0.000293143
0.51;0.006692263;0.002187014;0.011422301;-0.00027410584
0.515;0.0066756555;0.0021604064;0.013936691;-0.00025087802
0.52;0.0066597494;0.0021345352;0.01640773;-0.00022353181
0.525;0.00664466;0.002109416;0.018801196;-0.00019219649
0.53;0.0066305134;0.0020850673;0.02108366;-0.00015705705
0.535;0.0066174213;0.0020615018;0.023222897;-0.00011835222
0.54;0.006605508;0.0020387368;0.025188321;-7.637168e-05
0.545;0.0065948525;0.0020167744;0.026951522;-3.145248e-05
0.55;0.0065855635;0.0019956252;0.02848659;1.6025171e-05
0.555;0.0065776967;0.0019752842;0.029770426;6.564255e-05
0.56;0.00657133;0.001955753;0.030783132;0.00011694777
0.565;0.006566516;0.0019370255;0.03150816;0.00016946136
0.57;0.006563282;0.0019190884;0.03193266;0.00022268247
0.575;0.0065616663;0.0019019322;0.032047555;0.00027609506
0.58;0.006561663;0.0018855354;0.03184772;0.0003291746
0.585;0.0065632644;0.0018698759;0.031331826;0.0003813943
0.59;0.0065664444;0.0018549279;0.030502694;0.00043223213
0.595;0.0065711588;0.0018406606;0.029366802;0.0004811768
0.6;0.006577365;0.0018270458;0.027934652;0.0005277345
0.605;0.006584975;0.0018140426;0.026220212;0.0005714349
0.61;0.006593905;0.0018016134;0.024240987;0.00061183656
0.615;0.0066040633;0.001789719;0.0220177;0.0006485327
0.62;0.00661534;0.001778317;0.019573938;0.00068115594
0.625;0.0066275983;0.0017673594;0.016935917;0.00070938247
0.63;0.006640716;0.0017568031;0.014132154;0.0007329361
0.635;0.006654549;0.0017466007;0.0111930715;0.0007515912
0.64;0.0066689556;0.0017367073;0.008150619;0.00076517556
0.645;0.006683776;0.001727074;0.0050378474;0.00077357196
0.65;0.0066988496;0.0017176538;0.0018885342;0.00077671953
0.655;0.006714022;0.0017084025;-0.0012632735;0.00077461405
0.66;0.0067291437;0.0016992786;-0.0043836455;0.000767308
0.665;0.00674404;0.0016902356;-0.0074391933;0.0007549093
0.67;0.006758578;0.0016812383;-0.010397475;0.0007375802
0.675;0.0067725866;0.0016722436;-0.013227342;0.0007155346
0.68;0.006785945;0.0016632217;-0.015899345;0.00068903575
0.685;0.0067984904;0.0016541339;-0.018386062;0.00065839227
0.69;0.00681013;0.001644959;-0.020662388;0.000623955
0.695;0.006820727;0.0016356659;-0.022705816;0.000586112
0.7;0.006830187;0.0016262351;-0.024496658;0.0005452842
0.705;0.006838409;0.0016166453;-0.026018303;0.00050192035
0.71;0.0068453285;0.0016068846;-0.027257426;0.0004564913
0.715;0.0068508796;0.0015969416;-0.028203892;0.0004094848
0.72;0.006855008;0.0015868074;-0.028851116;0.00036139964
0.725;0.0068576853;0.0015764794;-0.029195867;0.00031273984
0.73;0.006858898;0.0015659584;-0.029238455;0.00026400908
0.735;0.006858628;0.0015552443;-0.028982572;0.0002157048
0.74;0.0068569104;0.0015443491;-0.028435212;0.00016831278
0.745;0.0068537598;0.0015332797;-0.027606605;0.00012230178
0.75;0.006849206;0.0015220457;-0.026510036;7.811838e-05
0.755;0.0068433327;0.0015106695;-0.025161665;3.618227e-05
0.76;0.0068361787;0.001499162;-0.02358016;-3.1179952e-06
0.765;0.006827846;0.0014875481;-0.021786692;-3.942915e-05
0.77;0.006818406;0.0014758455;-0.019804392;-7.2436465e-05
0.775;0.0068079797;0.0014640817;-0.01765832;-0.000101867
0.78;0.006796647;0.0014522751;-0.015374895;-0.00012749183
0.785;0.0067845555;0.0014404577;-0.0129817175;-0.00014912803
0.79;0.006771799;0.0014286495;-0.010507173;-0.00016663998
0.795;0.0067585097;0.0014168783;-0.007980105;-0.00017994015
0.8;0.0067448146;0.0014051697;-0.005429459;-0.00018898924
0.805;0.0067308503;0.0013935508;-0.002883945;-0.00019379583
0.81;0.0067167333;0.0013820439;-0.00037168426;-0.00019441529
0.815;0.006702597;0.0013706741;0.0020800831;-0.00019094849
0.82;0.0066885566;0.0013594627;0.0044453307;-0.00018353961
0.825;0.00667474;0.0013484324;0.0066995216;-0.00017237374
0.83;0.0066612465;0.0013375997;0.008819867;-0.00015767396
0.835;0.0066482015;0.0013269864;0.010785603;-0.00013969795
0.84;0.00663569;0.0013166053;0.012578158;-0.00011873436
0.845;0.0066238;0.0013064693;0.014181304;-9.5098854e-05
0.85;0.0066126115;0.0012965904;0.015581449;-6.912977e-05
0.855;0.006602201;0.0012869787;0.01676758;-4.1183805e-05
0.86;0.006592621;0.0012776398;0.01773144;-1.1631406e-05
0.865;0.006583929;0.0012685797;0.018467542;1.914783e-05
0.87;0.006576144;0.0012597977;0.01897327;5.0769948e-05
0.875;0.0065692984;0.001251295;0.019248655;8.285104e-05
0.88;0.006563416;0.0012430713;0.019296559;0.00011501197
0.885;0.0065584797;0.0012351186;0.01912237;0.00014688258
0.89;0.0065544955;0.0012274336;0.018734116;0.00017810611
0.895;0.0065514334;0.0012200061;0.018142125;0.00020834299
0.9;0.006549267;0.0012128273;0.01735888;0.00023727445
0.905;0.0065479507;0.0012058842;0.016398894;0.00026460594
0.91;0.006547447;0.001199166;0.015278444;0.00029007002
0.915;0.00654768;0.0011926558;0.014015321;0.0003134289
0.92;0.006548594;0.0011863395;0.012628665;0.00033447667
0.925;0.0065501262;0.0011802029;0.011138521;0.00035304087
0.93;0.0065522073;0.0011742306;0.009565804;0.00036898386
0.935;0.0065547368;0.0011684023;0.007931876;0.00038220367
0.94;0.006557639;0.001162702;0.0062582544;0.0003926341
0.945;0.00656084;0.0011571147;0.0045664487;0.00040024484
0.95;0.006564246;0.0011516222;0.002877629;0.0004050409
0.955;0.0065677674;0.0011462072;0.0012123741;0.0004070615
0.96;0.0065713483;0.0011408591;-0.0004095536;0.0004063789
0.965;0.006574872;0.0011355565;-0.001969432;0.00040309652
0.97;0.0065782745;0.0011302878;-0.0034497958;0.00039734688
0.975;0.006581497;0.0011250422;-0.004834616;0.00038928917
0.98;0.006584441;0.0011198028;-0.0061094654;0.00037910673
0.985;0.0065870667;0.0011145629;-0.007261652;0.000367004
0.99;0.00658931;0.0011093114;-0.0082803285;0.00035320345
0.995;0.0065911165;0.0011040396;-0.009156614;0.00033794242
1.0;0.0065924474;0.0010987412;-0.009883596;0.00032146976
1.005;0.0065932684;0.001093411;-0.010456401;0.00030404242
1.01;0.006593547;0.001088044;-0.010872222;0.00028592205
1.015;0.006593269;0.0010826385;-0.011130257;0.00026737162
1.02;0.0065924143;0.0010771919;-0.011231693;0.00024865213
1.025;0.0065909857;0.001071705;-0.011179646;0.00023001939
1.03;0.006588991;0.0010661798;-0.010979039;0.000211721
1.035;0.0065864287;0.0010606166;-0.010636552;0.0001939934
1.04;0.006583326;0.0010550203;-0.010160443;0.00017705934
1.045;0.006579705;0.0010493948;-0.009560455;0.00016112524
1.05;0.006575589;0.0010437444;-0.008847569;0.00014637929
1.055;0.0065710237;0.0010380765;-0.008033961;0.00013298936
1.06;0.0065660565;0.0010323989;-0.007132707;0.00012110151
1.065;0.006560723;0.0010267171;-0.0061576637;0.00011083874
1.07;0.0065550716;0.0010210391;-0.005123267;0.000102299964
1.075;0.006549161;0.0010153737;-0.004044286;9.555948e-05
1.08;0.0065430445;0.001009729;-0.0029357078;9.066664e-05
1.085;0.006536774;0.0010041127;-0.0018124813;8.7645836e-05
1.09;0.0065304176;0.0009985347;-0.0006893634;8.64969e-05
1.095;0.006524021;0.0009930016;0.00041927566;8.719569e-05
1.1;0.006517638;0.0009875209;0.0014996157;8.969505e-05
1.105;0.0065113334;0.0009821015;0.0025385604;9.3925984e-05
1.11;0.006505151;0.0009767493;0.0035238657;9.9799094e-05
1.115;0.006499139;0.0009714707;0.004444287;0.00010720624
1.12;0.0064933547;0.0009662731;0.005289693;0.00011602239
1.125;0.0064878315;0.00096116017;0.006051169;0.00012610767
1.13;0.006482606;0.00095613656;0.0067210984;0.0001373095
1.135;0.006477719;0.00095120695;0.0072932173;0.00014946486
1.14;0.006473191;0.0009463729;0.007762683;0.00016240268
1.145;0.006469049;0.0009416374;0.008126076;0.00017594613
1.15;0.0064653093;0.0009370013;0.008381441;0.0001899152
1.155;0.0064619803;0.00093246467;0.008528204;0.00020412887
1.16;0.0064590764;0.00092802825;0.008567257;0.00021840763
1.165;0.0064566;0.0009236911;0.008500814;0.00023257566
1.17;0.0064545264;0.00091944827;0.008332398;0.000246463
1.175;0.006452874;0.00091530127;0.0080667315;0.00025990754
1.18;0.0064516054;0.0009112437;0.0077096624;0.00027275697
1.185;0.006450718;0.00090727396;0.0072680805;0.00028487045
1.19;0.006450189;0.0009033877;0.006749754;0.00029612004
1.195;0.00644997;0.0008995774;0.006163249;0.00030639212
1.2;0.006450063;0.00089584204;0.005517772;0.0003155884
1.205;0.00645041;0.0008921729;0.004823041;0.0003236268
1.21;0.0064509897;0.0008885661;0.004089151;0.00033044207
1.215;0.006451749;0.0008850135;0.0033264274;0.00033598611
1.22;0.0064526554;0.00088151026;0.0025452725;0.00034022823
1.225;0.0064536794;0.00087805156;0.0017560509;0.00034315497
1.23;0.006454774;0.00087463064;0.0009689338;0.00034476985
1.235;0.006455893;0.0008712407;0.00019377231;0.00034509282
1.24;0.0064570117;0.0008678779;-0.0005600135;0.00034415946
1.245;0.0064580846;0.0008645361;-0.0012835547;0.0003420202
1.25;0.006459069;0.0008612092;-0.0019686401;0.00033873913
1.255;0.0064599365;0.00085789326;-0.002607805;0.0003343928
1.26;0.006460654;0.0008545839;-0.0031944024;0.0003290688
1.265;0.0064611915;0.00085127685;-0.0037226884;0.0003228643
1.27;0.006461524;0.00084796903;-0.0041878526;0.00031588456
1.275;0.006461627;0.0008446571;-0.00458608;0.00030824108
1.28;0.006461479;0.00084133836;-0.00491455;0.00030005016
1.285;0.0064610615;0.0008380106;-0.0051714587;0.0002914311
1.29;0.006460373;0.0008346735;-0.0053560403;0.00028250433
1.295;0.006459395;0.000831325;-0.0054684933;0.00027339018
1.3;0.0064581195;0.00082796405;-0.0055099935;0.00026420687
1.305;0.00645655;0.0008245913;-0.0054826485;0.0002550691
1.31;0.0064546866;0.00082120695;-0.005389411;0.00024608677
1.315;0.006452539;0.0008178123;-0.0052340506;0.00023736335
1.32;0.0064501036;0.000814407;-0.0050210673;0.0002289949
1.325;0.006447405;0.00081099436;-0.004755574;0.00022106894
1.33;0.0064444477;0.0008075749;-0.0044432753;0.00021366349
1.335;0.0064412532;0.0008041514;-0.0040903063;0.0002068463
1.34;0.0064378395;0.0008007263;-0.003703179;0.00020067435
1.345;0.0064342315;0.0007973026;-0.0032886555;0.00019519325
1.35;0.0064304406;0.0007938815;-0.0028536522;0.00019043716
1.355;0.0064265043;0.00079046795;-0.002405147;0.00018642859
1.36;0.0064224214;0.00078706146;-0.00195007;0.00018317848
1.365;0.006418247;0.0007836687;-0.0014952156;0.00018068645
1.37;0.0064139804;0.0007802896;-0.0010471473;0.0001789412
1.375;0.006409654;0.00077692774;-0.00061211735;0.000177921
1.38;0.0064052823;0.0007735848;-0.0001959842;0.00017759437
1.385;0.0064009023;0.00077026506;0.00019585168;0.00017792078
1.39;0.006396525;0.00076696946;0.0005585163;0.00017885164
1.395;0.0063921735;0.0007637005;0.00088770624;0.00018033115
1.4;0.0063878563;0.00076045905;0.0011797391;0.00018229739
1.405;0.0063836058;0.0007572486;0.001431568;0.00018468333
1.41;0.0063794083;0.0007540672;0.0016408368;0.00018741806
1.415;0.0063752956;0.00075091823;0.0018058557;0.00019042782
1.42;0.0063712653;0.00074780115;0.0019256333;0.00019363721
1.425;0.006367329;0.00074471685;0.0019998697;0.00019697033
1.43;0.0063634953;0.0007416662;0.0020289188;0.00020035186
1.435;0.00635975;0.00073864695;0.0020137914;0.00020370817
1.44;0.006356109;0.0007356607;0.001956117;0.00020696837
1.445;0.0063525583;0.0007327057;0.0018580895;0.00021006519
1.45;0.0063491073;0.0007297824;0.0017224592;0.00021293595
1.455;0.0063457205;0.0007268866;0.0015524417;0.00021552335
1.46;0.0063424227;0.0007240208;0.0013516989;0.00021777618
1.465;0.0063391803;0.0007211809;0.0011242431;0.00021964993
1.47;0.006335992;0.0007183664;0.0008744002;0.00022110726
1.475;0.0063328515;0.0007155764;0.00060673675;0.00022211848
1.48;0.006329728;0.0007128072;0.0003259828;0.0002226618
1.485;0.0063266126;0.0007100575;3.697127e-05;0.0002227234
1.49;0.0063235024;0.0007073269;-0.0002554404;0.00022229768
1.495;0.0063203746;0.0007046126;-0.0005464352;0.00022138694
1.5;0.006317219;0.0007019132;-0.00083130406;0.00022000144
1.505;0.006314008;0.0006992257;-0.0011055109;0.00021815892
1.51;0.006310743;0.00069654995;-0.0013647523;0.00021588434
1.515;0.0063074036;0.0006938838;-0.0016050173;0.0002132093
1.52;0.0063039735;0.00069122517;-0.0018226367;0.00021017158
1.525;0.006300461;0.000688575;-0.002014328;0.00020681437
1.53;0.006296832;0.00068592944;-0.002177223;0.00020318566
1.535;0.0062930966;0.00068328955;-0.0023089147;0.00019933748
1.54;0.0062892493;0.0006806547;-0.0024074747;0.00019532502
1.545;0.0062852567;0.0006780212;-0.0024714645;0.00019120591
1.55;0.0062811607;0.0006753937;-0.0024999417;0.00018703933
1.555;0.0062769284;0.00067276834;-0.0024924772;0.00018288521
1.56;0.0062725563;0.0006701449;-0.0024491244;0.00017880333
1.565;0.0062680715;0.00066752627;-0.0023704246;0.00017485263
1.57;0.0062634684;0.0006649117;-0.0022573795;0.00017109033
1.575;0.0062587457;0.0006623011;-0.0021114252;0.00016757128
1.58;0.006253921;0.0006596963;-0.001934414;0.00016434726
1.585;0.006249006;0.00065709837;-0.00172855;0.00016146635
1.59;0.0062440108;0.0006545085;-0.0014963814;0.00015897237
1.595;0.0062389364;0.00065192644;-0.001240738;0.00015690448
1.6;0.0062338095;0.0006493551;-0.00096468674;0.00015529667
1.605;0.0062286286;0.0006467942;-0.0006714958;0.00015417751
1.61;0.006223431;0.0006442475;-0.00036457228;0.00015356988
1.615;0.006218222;0.00064171536;-4.742033e-05;0.00015349085
1.62;0.0062130205;0.0006391997;0.00027641558;0.00015395155
1.625;0.0062078387;0.0006367014;0.0006033907;0.0001549572
1.63;0.0062026978;0.0006342227;0.00093001506;0.00015650722
1.635;0.0061976137;0.0006317649;0.0012528904;0.00015859537
1.64;0.0061926036;0.00062932965;0.0015687577;0.00016120997
1.645;0.0061876746;0.0006269174;0.0018745353;0.0001643342
1.65;0.0061828624;0.0006245316;0.0021673457;0.00016794643
1.655;0.006178164;0.0006221716;0.002444557;0.0001720207
1.66;0.006173598;0.0006198392;0.002703806;0.00017652704
1.665;0.0061691883;0.00061753637;0.002943006;0.00018143206
1.67;0.0061649317;0.00061526266;0.0031603845;0.00018669936
1.675;0.0061608506;0.00061302;0.0033544775;0.00019229016
1.68;0.006156947;0.00061080826;0.003524141;0.00019816372
1.685;0.0061532264;0.00060862774;0.0036685604;0.000204278
1.69;0.0061497097;0.00060648023;0.0037872433;0.00021059006
1.695;0.006146398;0.00060436554;0.0038799942;0.00021705672
1.7;0.006143286;0.00060228293;0.003946938;0.00022363495
1.705;0.0061403923;0.00060023385;0.003988466;0.0002302824
1.71;0.0061377035;0.0005982167;0.004005244;0.0002369578
1.715;0.0061352327;0.0005962325;0.003998171;0.00024362141
1.72;0.0061329724;0.00059428025;0.003968359;0.00025023535
1.725;0.0061309286;0.0005923602;0.003917106;0.00025676386
1.73;0.006129092;0.0005904713;0.0038458644;0.00026317363
1.735;0.0061274734;0.0005886142;0.0037562097;0.00026943398
1.74;0.0061260466;0.0005867861;0.0036498017;0.000275517
1.745;0.0061248164;0.0005849873;0.0035283703;0.0002813976
1.75;0.0061237873;0.0005832178;0.0033936568;0.0002870537
1.755;0.0061229384;0.0005814756;0.00324741;0.00029246605
1.76;0.0061222683;0.0005797603;0.0030913593;0.0002976183
1.765;0.006121776;0.0005780714;0.0029271485;0.0003024969
1.77;0.00612145;0.0005764077;0.0027563658;0.00030709084
1.775;0.006121272;0.00057476736;0.0025804776;0.00031139163
1.78;0.006121243;0.0005731501;0.0024008444;0.00031539303
1.785;0.0061213607;0.00057155563;0.0022186884;0.00031909085
1.79;0.006121609;0.0005699822;0.0020350798;0.00032248267
1.795;0.0061219702;0.0005684281;0.0018509383;0.00032556755
1.8;0.006122446;0.00056689314;0.001667029;0.00032834592
1.805;0.006123031;0.0005653769;0.0014839569;0.0003308192
1.81;0.0061237104;0.0005638776;0.0013021696;0.00033298947
1.815;0.0061244653;0.0005623935;0.001121968;0.00033485942
1.82;0.0061253007;0.00056092493;0.0009435026;0.00033643193
1.825;0.006126198;0.00055947015;0.0007667931;0.0003377099
1.83;0.006127153;0.0005580285;0.00059174723;0.00033869618
1.835;0.0061281584;0.0005565993;0.00041815624;0.0003393931
1.84;0.0061291987;0.00055518106;0.0002457277;0.00033980265
1.845;0.006130264;0.0005537727;7.4099444e-05;0.00033992613
1.85;0.006131352;0.000552374;-9.714596e-05;0.00033976423
1.855;0.006132448;0.00055098365;-0.00026845577;0.0003393168
1.86;0.00613354;0.00054960034;-0.00044028982;0.000338583
1.865;0.0061346265;0.00054822396;-0.0006130964;0.00033756116
1.87;0.00613569;0.00054685294;-0.00078729045;0.000336249
1.875;0.006136734;0.0005454875;-0.0009632373;0.0003346436
1.88;0.0061377333;0.0005441253;-0.0011412307;0.00033274156
1.885;0.0061386894;0.00054276653;-0.0013214758;0.0003305391
1.89;0.0061395895;0.00054141006;-0.0015040673;0.00032803233
1.895;0.006140422;0.00054005475;-0.0016889814;0.00032521735
1.9;0.006141178;0.00053869985;-0.0018760544;0.0003220906
1.905;0.0061418475;0.0005373445;-0.0020649754;0.00031864896
1.91;0.006142429;0.0005359886;-0.0022552824;0.00031489017
1.915;0.0061429087;0.0005346309;-0.002446344;0.00031081293
1.92;0.0061432715;0.0005332701;-0.0026373747;0.0003064173
1.925;0.0061435094;0.0005319056;-0.0028274304;0.00030170492
1.93;0.006143626;0.0005305376;-0.0030153955;0.00029667927
1.935;0.0061435923;0.00052916387;-0.0032000165;0.0002913459
1.94;0.0061434126;0.0005277846;-0.003379892;0.00028571274
1.945;0.0061430847;0.0005263997;-0.0035534878;0.00027979026
1.95;0.0061425725;0.00052500615;-0.0037191603;0.00027359166
1.955;0.0061419006;0.00052360614;-0.0038751806;0.00026713303
1.96;0.0061410456;0.00052219775;-0.004019727;0.00026043347
1.965;0.006139993;0.00052077975;-0.0041509387;0.00025351526
1.97;0.0061387606;0.00051935366;-0.004266928;0.0002464037
1.975;0.006137321;0.0005179174;-0.004365811;0.00023912736
1.98;0.0061356765;0.0005164711;-0.004445728;0.0002317178
1.985;0.0061338255;0.00051501475;-0.004504867;0.0002242097
1.99;0.0061317594;0.0005135477;-0.0045415154;0.0002166405
1.995;0.006129487;0.0005120707;-0.0045540608;0.0002090504
2.0;0.0061269994;0.0005105833;-0.004541062;0.00020148196
2.005;0.006124303;0.00050908583;-0.004501218;0.00019397994
2.01;0.0061213886;0.0005075778;-0.0044334414;0.00018659087
2.015;0.0061182724;0.00050606055;-0.004336862;0.00017936276
2.02;0.006114956;0.00050453434;-0.0042108777;0.00017234463
2.025;0.006111452;0.0005030001;-0.00405512;0.0001655861
2.03;0.0061077555;0.0005014577;-0.0038695184;0.00015913691
2.035;0.0061038802;0.00049990823;-0.003654313;0.00015304638
2.04;0.006099845;0.0004983533;-0.003410026;0.00014736301
2.045;0.006095654;0.0004967933;-0.0031375084;0.00014213382
2.05;0.006091331;0.00049523014;-0.0028379175;0.00013740396
2.055;0.0060868766;0.00049366395;-0.002512748;0.00013321605
2.06;0.0060823145;0.0004920967;-0.0021637492;0.0001296098
2.065;0.00607766;0.00049052946;-0.001793001;0.00012662147
2.07;0.0060729426;0.0004889648;-0.0014028613;0.00012428337
2.075;0.006068169;0.0004874031;-0.0009959209;0.00012262349
2.08;0.0060633607;0.00048584622;-0.00057502044;0.00012166513
2.085;0.006058545;0.00048429615;-0.00014320374;0.000121426456
2.09;0.006053733;0.00048275385;0.00029631038;0.000121920304
2.095;0.0060489597;0.0004812219;0.00074015843;0.0001231539
2.1;0.006044231;0.0004797009;0.0011848693;0.00012512869
2.105;0.0060395743;0.00047819273;0.001626896;0.00012784018
2.11;0.0060350127;0.0004766993;0.0020626578;0.00013127793
2.115;0.006030563;0.00047522166;0.0024885756;0.00013542557
2.12;0.00602625;0.0004737618;0.0029011252;0.00014026077
2.125;0.0060220845;0.00047232036;0.0032968528;0.00014575553
2.13;0.006018096;0.0004708995;0.0036724429;0.00015187627
2.135;0.006014282;0.00046949895;0.004024733;0.00015858415
2.14;0.0060106874;0.00046812205;0.004350763;0.00016583543
2.145;0.006007305;0.00046676808;0.00464781;0.00017358178
2.15;0.0060041603;0.0004654388;0.0049134158;0.00018177081
2.155;0.0060012545;0.00046413418;0.005145405;0.00019034647
2.16;0.005998603;0.00046285518;0.005341926;0.00019924968
2.165;0.005996217;0.00046160255;0.0055014663;0.0002084188
2.17;0.005994104;0.0004603766;0.005622869;0.00021779025
2.175;0.0059922584;0.0004591769;0.005705321;0.00022729911
2.18;0.005990699;0.0004580045;0.005748403;0.00023687979
2.185;0.0059894216;0.000456859;0.005752067;0.00024646657
2.19;0.0059884246;0.00045574008;0.0057166256;0.00025599427
2.195;0.005987704;0.00045464723;0.0056427736;0.0002653989
2.2;0.005987252;0.0004535797;0.005531574;0.00027461819
2.205;0.0059870784;0.00045253805;0.005384427;0.00028359224
2.21;0.005987156;0.00045152009;0.0052030594;0.000292264
2.215;0.005987487;0.00045052572;0.0049895314;0.00030057988
2.22;0.005988062;0.00044955418;0.004746178;0.00030849018
2.225;0.0059888717;0.00044860467;0.0044755833;0.0003159495
2.23;0.005989882;0.00044767428;0.004180588;0.00032291713
2.235;0.0059911087;0.00044676426;0.0038642066;0.00032935748
2.24;0.005992515;0.00044587167;0.0035296218;0.00033524018
2.245;0.0059940843;0.00044499512;0.0031801395;0.00034054043
2.25;0.0059958217;0.00044413496;0.0028191635;0.000345239
2.255;0.0059976852;0.0004432879;0.0024501318;0.00034932257
2.26;0.0059996736;0.0004424538;0.0020764885;0.0003527834
2.265;0.006001763;0.00044163084;0.0017016616;0.0003556195
2.27;0.0060039335;0.00044081744;0.0013290016;0.0003578345
2.275;0.006006164;0.000440012;0.00096175843;0.00035943743
2.28;0.0060084504;0.00043921423;0.000603041;0.0003604425
2.285;0.0060107643;0.00043842188;0.00025578524;0.0003608688
2.29;0.0060130935;0.00043763418;-7.727018e-05;0.00036074003
2.295;0.0060154176;0.00043684946;-0.0003936153;0.000360084
2.3;0.006017731;0.00043606746;-0.0006909905;0.00035893233
2.305;0.0060200095;0.00043528626;-0.00096740655;0.00035732
2.31;0.006022252;0.00043450593;-0.0012211625;0.00035528472
2.315;0.006024447;0.00043372545;-0.0014508574;0.00035286663
2.32;0.0060265576;0.00043294238;-0.0016553937;0.00035010764
2.325;0.0060286075;0.00043215824;-0.0018339963;0.00034705098
2.33;0.006030585;0.00043137235;-0.0019861904;0.00034374066
2.335;0.0060324674;0.00043058296;-0.0021118263;0.00034022095
2.34;0.006034262;0.00042979076;-0.0022110469;0.0003365359
2.345;0.00603596;0.00042899503;-0.00228429;0.00033272873
2.35;0.0060375575;0.00042819558;-0.0023322706;0.00032884162
2.355;0.0060390634;0.000427393;-0.002355962;0.000324915
2.36;0.0060404628;0.00042658637;-0.0023565628;0.0003209874
2.365;0.006041774;0.0004257769;-0.0023355093;0.00031709488
2.37;0.006042986;0.0004249639;-0.0022944016;0.00031327087
2.375;0.0060441005;0.00042414738;-0.002235015;0.00030954587
2.38;0.0060451278;0.00042332825;-0.002159263;0.0003059471
2.385;0.0060460707;0.00042250668;-0.0020691678;0.00030249846
2.39;0.006046938;0.00042168322;-0.0019668203;0.00029922044
2.395;0.006047725;0.00042085772;-0.0018543741;0.00029612982
2.4;0.006048444;0.00042003082;-0.0017339978;0.0002932398
2.405;0.006049103;0.00041920325;-0.0016078565;0.00029056004
2.41;0.006049704;0.00041837507;-0.0014780822;0.00028809658
2.415;0.00605025;0.00041754657;-0.0013467498;0.000285852
2.42;0.006050755;0.00041671863;-0.0012158476;0.0002838256
2.425;0.0060512233;0.00041589167;-0.0010872592;0.0002820135
2.43;0.006051657;0.0004150656;-0.00096273865;0.00028040892
2.435;0.006052062;0.00041424105;-0.0008438953;0.00027900244
2.44;0.00605244;0.00041341805;-0.000732178;0.00027778215
2.445;0.006052804;0.00041259744;-0.0006288647;0.00027673403
2.45;0.0060531558;0.00041177927;-0.00053505215;0.00027584226
2.455;0.006053492;0.0004109635;-0.00045165097;0.00027508952
2.46;0.0060538207;0.00041015045;-0.00037938115;0.0002744572
2.465;0.006054143;0.0004093403;-0.00031877073;0.00027392595
2.47;0.006054465;0.0004085334;-0.00027015904;0.00027347569
2.475;0.0060547832;0.0004077295;-0.00023370478;0.00027308616
2.48;0.006055096;0.00040692848;-0.00020938768;0.00027273718
2.485;0.0060554077;0.00040613062;-0.00019702165;0.00027240883
2.49;0.006055719;0.00040533594;-0.00019626386;0.0002720817
2.495;0.006056017;0.00040454353;-0.00020662614;0.00027173734
2.5;0.0060563125;0.00040375418;-0.00022749056;0.00027135818
2.505;0.006056601;0.00040296745;-0.00025812146;0.00027092797
2.51;0.0060568815;0.00040218336;-0.00029768486;0.00027043183
2.515;0.0060571395;0.0004014009;-0.00034525665;0.00026985642
2.52;0.0060573886;0.00040062092;-0.0003998433;0.00026919
2.525;0.0060576084;0.00039984213;-0.00046039958;0.00026842268
2.53;0.0060578124;0.00039906538;-0.0005258428;0.00026754627
2.535;0.0060579902;0.00039828997;-0.0005950648;0.0002665545
2.54;0.006058125;0.00039751476;-0.0006669527;0.0002654429
2.545;0.0060582273;0.00039674048;-0.0007403923;0.0002642089
2.55;0.006058294;0.0003959669;-0.0008142971;0.00026285177
2.555;0.0060583088;0.000395193;-0.0008876045;0.00026137242
2.56;0.0060582864;0.0003944197;-0.00095929776;0.00025977357
2.565;0.0060582077;0.00039364572;-0.0010284205;0.00025805956
2.57;0.006058069;0.00039287086;-0.0010940762;0.0002562361
2.575;0.006057873;0.00039209533;-0.0011554401;0.00025431035
2.58;0.0060576173;0.00039131896;-0.0012117701;0.00025229075
2.585;0.0060573006;0.0003905416;-0.0012623963;0.00025018674
2.59;0.0060569174;0.00038976304;-0.0013067464;0.00024800884
2.595;0.0060564554;0.00038898236;-0.0013443318;0.0002457683
2.6;0.00605593;0.00038820066;-0.0013747504;0.00024347703
2.605;0.0060553313;0.00038741724;-0.0013976862;0.00024114756
2.61;0.0060546612;0.00038663228;-0.001412912;0.0002387927
2.615;0.0060539227;0.00038584592;-0.0014202852;0.00023642556
2.62;0.006053105;0.0003850576;-0.0014197369;0.00023405933
2.625;0.006052214;0.00038426757;-0.0014112736;0.0002317072
2.63;0.0060512503;0.0003834759;-0.0013949755;0.00022938225
2.635;0.0060502226;0.00038268327;-0.0013709863;0.00022709728
2.64;0.006049112;0.00038188836;-0.001339511;0.00022486475
2.645;0.0060479413;0.00038109272;-0.001300806;0.00022269675
2.65;0.006046705;0.00038029588;-0.0012551815;0.00022060478
2.655;0.0060454058;0.00037949817;-0.0012029852;0.0002185998
2.66;0.006044046;0.0003786996;-0.0011445994;0.00021669213
2.665;0.006042611;0.00037789939;-0.0010804443;0.00021489139
2.67;0.0060411403;0.00037709987;-0.0010109585;0.00021320647
2.675;0.00603961;0.00037629972;-0.00093660236;0.00021164546
2.68;0.006038032;0.00037549948;-0.0008578482;0.00021021572
2.685;0.006036398;0.00037469884;-0.0007751756;0.00020892375
2.69;0.006034736;0.00037389938;-0.00068906875;0.0002077753
2.695;0.00603303;0.0003731002;-0.0006000083;0.0002067753
2.7;0.006031292;0.00037230196;-0.00050847116;0.00020592783
2.705;0.0060295253;0.00037150498;-0.0004149291;0.00020523628
2.71;0.006027731;0.00037070917;-0.00031983975;0.00020470322
2.715;0.0060259197;0.0003699153;-0.00022364774;0.00020433047
2.72;0.0060240845;0.0003691228;-0.00012678289;0.00020411918
2.725;0.00602224;0.00036833275;-2.9655239e-05;0.00020406974
2.73;0.00602039;0.00036754517;6.73362e-05;0.00020418197
2.735;0.0060185357;0.00036676024;0.00016382318;0.00020445502
2.74;0.0060166805;0.0003659781;0.0002594542;0.00020488743
2.745;0.0060148328;0.00036519935;0.00035389568;0.00020547726
2.75;0.0060129943;0.0003644239;0.00044684493;0.000206222
2.755;0.0060111615;0.0003636516;0.0005380252;0.00020711872
2.76;0.006009352;0.00036288355;0.00062717963;0.00020816401
2.765;0.0060075694;0.0003621199;0.00071408256;0.00020935416
2.77;0.006005812;0.00036136052;0.000798534;0.00021068504
2.775;0.0060040844;0.00036060566;0.0008803638;0.00021215231
2.78;0.0060023847;0.0003598552;0.0009594293;0.00021375137
2.785;0.0060007363;0.0003591105;0.0010356181;0.0002154774
2.79;0.0059991223;0.0003583705;0.0011088421;0.00021732546
2.795;0.005997557;0.00035763608;0.0011790488;0.00021929054
2.8;0.00599604;0.00035690714;0.0012462005;0.00022136755
2.805;0.0059945853;0.00035618452;0.0013102957;0.00022355137
2.81;0.005993178;0.0003554673;0.0013713399;0.00022583693
2.815;0.005991834;0.0003547563;0.0014293703;0.00022821921
2.82;0.005990558;0.0003540519;0.0014844321;0.00023069327
2.825;0.0059893397;0.0003533534;0.0015365811;0.00023325425
2.83;0.005988196;0.0003526617;0.0015858861;0.00023589739
2.835;0.005987127;0.0003519769;0.0016324165;0.00023861809
2.84;0.0059861196;0.00035129813;0.001676238;0.0002414118
2.845;0.005985201;0.00035062685;0.0017174118;0.00024427415
2.85;0.0059843524;0.00034996215;0.0017560004;0.00024720083
2.855;0.00598358;0.00034930414;0.001792046;0.0002501876
2.86;0.0059828954;0.00034865362;0.0018255836;0.00025323022
2.865;0.005982285;0.0003480096;0.0018566311;0.0002563246
2.87;0.0059817676;0.00034737328;0.0018851878;0.0002594666
2.875;0.0059813294;0.00034674373;0.0019112373;0.00026265197
2.88;0.0059809834;0.0003461217;0.001934741;0.00026587653
2.885;0.0059807217;0.00034550676;0.0019556484;0.00026913596
2.89;0.0059805517;0.00034489916;0.0019738895;0.00027242576
2.895;0.0059804716;0.0003442989;0.0019893793;0.00027574142
2.9;0.005980488;0.0003437062;0.0020020304;0.0002790781
2.905;0.0059805964;0.00034312083;0.002011742;0.00028243102
2.91;0.005980801;0.000342543;0.0020184177;0.00028579505
2.915;0.005981097;0.0003419724;0.0020219567;0.00028916498
2.92;0.005981487;0.0003414091;0.002022259;0.0002925354
2.925;0.005981979;0.00034085353;0.002019238;0.0002959008
2.93;0.005982566;0.0003403052;0.0020128193;0.0002992555
2.935;0.0059832456;0.00033976408;0.0020029503;0.00030259375
2.94;0.0059840283;0.00033923064;0.0019895902;0.00030590975
2.945;0.005984899;0.00033870398;0.0019727247;0.0003091976
2.95;0.0059858775;0.00033818517;0.0019523652;0.00031245156
2.955;0.0059869424;0.00033767303;0.001928548;0.00031566582
2.96;0.0059881015;0.00033716788;0.0019013368;0.0003188347
2.965;0.0059893574;0.0003366699;0.001870823;0.00032195274
2.97;0.0059907013;0.00033617852;0.001837132;0.00032501464
2.975;0.005992128;0.00033569348;0.0018004127;0.0003280153
2.98;0.005993641;0.00033521483;0.0017608486;0.00033095008
2.985;0.0059952457;0.00033474292;0.001718646;0.00033381447
2.99;0.0059969295;0.00033427702;0.0016740412;0.00033660454
2.995;0.0059986957;0.00033381724;0.0016272939;0.0003393167
3.0;0.0060005384;0.00033336322;0.0015786841;0.00034194783
3.005;0.006002449;0.00033291453;0.0015285142;0.00034449535
3.01;0.0060044345;0.00033247145;0.0014771029;0.0003469572
3.015;0.00600649;0.0003320337;0.0014247701;0.00034933182
3.02;0.0060086073;0.00033160084;0.0013718494;0.00035161822
3.025;0.006010789;0.00033117295;0.0013186771;0.00035381602
3.03;0.006013032;0.00033074984;0.0012655758;0.00035592532
3.035;0.0060153278;0.000330331;0.0012128622;0.00035794676
3.04;0.0060176756;0.00032991642;0.0011608362;0.0003598815
3.045;0.0060200756;0.00032950606;0.0011097734;0.0003617311
3.05;0.006022516;0.00032909925;0.0010599289;0.00036349765
3.055;0.0060249977;0.000328696;0.001011524;0.0003651835
3.06;0.0060275216;0.0003282964;0.0009647524;0.00036679144
3.065;0.0060300855;0.00032790026;0.00091976725;0.0003683244
3.07;0.006032682;0.00032750718;0.0008766915;0.00036978556
3.075;0.0060353065;0.00032711687;0.0008356081;0.00037117823
3.08;0.006037959;0.0003267294;0.0007965649;0.00037250583
3.085;0.0060406383;0.0003263446;0.00075956964;0.0003737718
3.09;0.0060433317;0.00032596182;0.0007245989;0.00037497946
3.095;0.006046059;0.00032558205;0.000691591;0.0003761321
3.1;0.0060487897;0.00032520376;0.000660461;0.00037723288
3.105;0.0060515595;0.00032482875;0.0006310918;0.0003782847
3.11;0.0060543288;0.00032445494;0.00060333795;0.00037929026
3.115;0.006057116;0.00032408326;0.00057703606;0.00038025196
3.12;0.006059918;0.0003237136;0.00055199326;0.00038117197
3.125;0.0060627297;0.0003233456;0.0005280089;0.00038205198
3.13;0.00606555;0.0003229792;0.0005048624;0.00038289343
3.135;0.006068374;0.00032261427;0.00048232867;0.0003836973
3.14;0.006071207;0.0003222509;0.00046017152;0.00038446425
3.145;0.0060740556;0.00032188956;0.00043814795;0.0003851945
3.15;0.0060769026;0.00032152925;0.00041602048;0.00038588786
3.155;0.0060797506;0.00032117014;0.00039354843;0.00038654378
3.16;0.006082607;0.00032081257;0.00037050058;0.00038716127
3.165;0.0060854703;0.0003204566;0.000346658;0.00038773904
3.17;0.006088332;0.00032010154;0.00032180778;0.0003882754
3.175;0.0060911966;0.00031974787;0.00029575438;0.00038876833
3.18;0.0060940585;0.0003193951;0.00026832247;0.0003892155
3.185;0.006096922;0.00031904352;0.00023935807;0.00038961446
3.19;0.006099783;0.0003186929;0.00020872787;0.00038996234
3.195;0.006102633;0.0003183429;0.00017632302;0.0003902562
3.2;0.0061054816;0.00031799384;0.00014206016;0.00039049296
3.205;0.0061083254;0.00031764564;0.000105874955;0.00039066942
3.21;0.006111156;0.00031729782;6.773459e-05;0.0003907823
3.215;0.006113981;0.0003169508;2.7617822e-05;0.00039082835
3.22;0.0061167916;0.00031660413;-1.4467668e-05;0.00039080423
3.225;0.00611959;0.00031625788;-5.8503505e-05;0.00039070673
3.23;0.0061223744;0.000315912;-0.00010445283;0.00039053263
3.235;0.0061251344;0.00031556594;-0.0001522699;0.00039027884
3.24;0.0061278944;0.00031522088;-0.00020189368;0.00038994238
3.245;0.006130617;0.00031487504;-0.00025325755;0.00038952028
3.25;0.0061333254;0.00031452952;-0.0003062844;0.0003890098
3.255;0.006136014;0.00031418403;-0.0003608907;0.0003884083
3.26;0.00613867;0.00031383793;-0.00041698499;0.00038771334
3.265;0.0061413087;0.000313492;-0.00047446523;0.00038692256
3.27;0.006143916;0.00031314557;-0.0005332158;0.00038603388
3.275;0.0061464985;0.0003127989;-0.00059311255;0.00038504534
3.28;0.006149034;0.00031245092;-0.00065401214;0.00038395534
3.285;0.0061515477;0.00031210287;-0.0007157563;0.0003827624
3.29;0.0061540273;0.00031175418;-0.0007781662;0.00038146545
3.295;0.0061564576;0.00031140403;-0.00084104005;0.00038006372
3.3;0.006158851;0.0003110531;-0.00090414926;0.0003785568
3.305;0.006161204;0.00031070114;-0.00096723577;0.00037694475
3.31;0.006163518;0.00031034835;-0.0010300151;0.00037522806
3.315;0.0061657685;0.0003099934;-0.0010921697;0.00037340776
3.32;0.0061679785;0.0003096375;-0.0011533463;0.00037148554
3.325;0.006170138;0.00030928006;-0.0012131698;0.00036946358
3.33;0.0061722356;0.00030892072;-0.0012712298;0.00036734485
3.335;0.0061742766;0.00030855957;-0.0013270933;0.00036513305
3.34;0.006176266;0.00030819693;-0.0013802988;0.00036283254
3.345;0.00617819;0.0003078321;-0.0014303719;0.00036044858
3.35;0.0061800517;0.0003074653;-0.001476819;0.0003579872
3.355;0.0061818445;0.00030709608;-0.0015191472;0.00035545533
3.36;0.0061835786;0.00030672515;-0.0015568577;0.00035286054
3.365;0.0061852364;0.00030635146;-0.0015894569;0.00035021146
3.37;0.0061868336;0.00030597596;-0.0016164783;0.0003475173
3.375;0.006188362;0.0003055981;-0.0016374626;0.00034478822
3.38;0.0061898176;0.0003052178;-0.0016519934;0.0003420349
3.385;0.0061912024;0.00030483518;-0.0016596772;0.00033926876
3.39;0.006192526;0.0003044506;-0.001660178;0.0003365018
3.395;0.0061937664;0.00030406314;-0.0016532018;0.00033374646
3.4;0.0061949547;0.00030367426;-0.0016385092;0.00033101562
3.405;0.006196065;0.00030328266;-0.0016159355;0.0003283224
3.41;0.006197115;0.00030288927;-0.0015853761;0.0003256801
3.415;0.0061981063;0.0003024942;-0.0015468097;0.00032310208
3.42;0.0061990353;0.00030209724;-0.0015002859;0.0003206016
3.425;0.0061999005;0.0003016983;-0.0014459493;0.00031819168
3.43;0.0062007154;0.00030129813;-0.0013840094;0.000315885
3.435;0.006201477;0.0003008965;-0.0013147771;0.00031369372
3.44;0.0062021855;0.0003004935;-0.0012386473;0.0003116293
3.445;0.0062028533;0.00030008968;-0.0011560984;0.00030970247
3.45;0.006203483;0.00029968517;-0.0010676848;0.000307923
3.455;0.0062040677;0.00029927967;-0.00097404554;0.0003062996
3.46;0.0062046275;0.00029887416;-0.00087589753;0.00030483975
3.465;0.0062051583;0.00029846843;-0.00077401305;0.00030354975
3.47;0.0062056584;0.00029806237;-0.00066923356;0.00030243435
3.475;0.006206138;0.0002976565;-0.00056244934;0.00030149694
3.48;0.0062066214;0.00029725197;-0.00045459496;0.00030073928
3.485;0.0062070857;0.00029684772;-0.00034663902;0.00030016154
3.49;0.006207546;0.0002964444;-0.00023957873;0.00029976224
3.495;0.006208007;0.0002960423;-0.00013442704;0.0002995382
3.5;0.00620848;0.0002956419;-3.220153e-05;0.00029948453
3.505;0.0062089604;0.000295243;6.6083965e-05;0.00029959469
3.51;0.006209465;0.00029484642;0.00015942521;0.00029986037
3.515;0.0062099816;0.00029445146;0.000246846;0.0003002718
3.52;0.0062105306;0.00029405922;0.00032739862;0.00030081745
3.525;0.006211109;0.00029366944;0.0004001842;0.00030148443
3.53;0.006211721;0.00029328238;0.00046435377;0.00030225836
3.535;0.0062123626;0.0002928978;0.00051911554;0.00030312355
3.54;0.0062130564;0.00029251678;0.0005637529;0.00030406314
3.545;0.0062137833;0.00029213837;0.00059762696;0.0003050592
3.55;0.0062145563;0.0002917632;0.0006201793;0.0003060928
3.555;0.0062153745;0.00029139122;0.00063094974;0.0003071444
3.56;0.0062162383;0.00029102238;0.0006295808;0.0003081937
3.565;0.00621716;0.0002906573;0.00061580405;0.00030922002
3.57;0.006218117;0.0002902949;0.00058947963;0.0003102025
3.575;0.006219118;0.00028993556;0.000550569;0.00031112012
3.58;0.0062201624;0.00028957924;0.00049914746;0.00031195203
3.585;0.006221254;0.00028922613;0.00043541464;0.00031267773
3.59;0.0062223845;0.0002888758;0.00035969054;0.0003132772
3.595;0.0062235454;0.00028852784;0.00027240705;0.0003137312
3.6;0.006224737;0.0002881823;0.00017410763;0.0003140214
3.605;0.0062259515;0.00028783872;6.545391e-05;0.00031413048
3.61;0.0062271934;0.0002874974;-5.2792882e-05;0.0003140425
3.615;0.0062284423;0.0002871573;-0.00017977203;0.00031374287
3.62;0.0062297015;0.0002868187;-0.00031452428;0.00031321868
3.625;0.006230959;0.0002864809;-0.00045601843;0.00031245864
3.63;0.0062322128;0.00028614383;-0.00060314115;0.0003114534
3.635;0.0062334524;0.00028580707;-0.0007547225;0.00031019552
3.64;0.006234678;0.0002854706;-0.0009095344;0.00030867965
3.645;0.0062358663;0.00028513334;-0.0010663109;0.00030690245
3.65;0.0062370147;0.00028479518;-0.0012237584;0.00030486286
3.655;0.00623812;0.000284456;-0.0013805693;0.0003025619
3.66;0.006239178;0.00028411555;-0.0015354321;0.00030000287
3.665;0.0062401653;0.00028377288;-0.0016870515;0.00029719112
3.67;0.0062410906;0.00028342826;-0.001834153;0.0002941342
3.675;0.006241939;0.00028308114;-0.0019755021;0.00029084168
3.68;0.00624269;0.00028273053;-0.0021099134;0.00028732515
3.685;0.006243366;0.00028237747;-0.002236261;0.00028359806
3.69;0.006243946;0.00028202104;-0.002353499;0.00027967556
3.695;0.006244409;0.0002816603;-0.002460657;0.00027557445
3.7;0.0062447637;0.00028129565;-0.00255685;0.00027131304
3.705;0.006245001;0.00028092673;-0.0026412974;0.00026691088
3.71;0.0062451237;0.00028055362;-0.0027133143;0.0002623887
3.715;0.0062451116;0.0002801755;-0.0027723124;0.00025776817
3.72;0.0062449793;0.000279793;-0.0028178252;0.0002530718
3.725;0.006244711;0.00027940545;-0.0028494822;0.00024832267
3.73;0.0062443074;0.00027901286;-0.0028670325;0.00024354427
3.735;0.00624377;0.00027861533;-0.0028703124;0.00023876042
3.74;0.006243086;0.0002782124;-0.0028592977;0.00023399493
3.745;0.0062422636;0.00027780436;-0.0028340362;0.00022927152
3.75;0.006241304;0.0002773913;-0.002794694;0.0002246137
3.755;0.006240203;0.00027697306;-0.0027415394;0.00022004447
3.76;0.006238962;0.00027654975;-0.0026749286;0.00021558626
3.765;0.006237591;0.00027612178;-0.0025953115;0.00021126073
3.77;0.0062360913;0.00027568926;-0.0025032086;0.00020708873
3.775;0.0062344503;0.00027525166;-0.002399223;0.00020309002
3.78;0.0062326924;0.00027481007;-0.0022840323;0.0001992833
3.785;0.00623081;0.00027436414;-0.0021583566;0.00019568604
3.79;0.006228821;0.00027391472;-0.0020229744;0.00019231442
3.795;0.0062267226;0.00027346166;-0.0018787035;0.00018918324
3.8;0.0062245135;0.000273005;-0.0017263829;0.00018630594
3.805;0.0062222113;0.0002725454;-0.0015668777;0.00018369447
3.81;0.006219819;0.0002720831;-0.0014010624;0.00018135937
3.815;0.0062173475;0.00027161848;-0.0012298075;0.00017930969
3.82;0.006214796;0.0002711517;-0.0010539781;0.00017755305
3.825;0.0062121837;0.0002706834;-0.00087443396;0.00017609567
3.83;0.006209519;0.00027021408;-0.00069200486;0.00017494232
3.835;0.0062068054;0.00026974382;-0.0005075042;0.0001740965
3.84;0.0062040463;0.00026927286;-0.00032171552;0.0001735603
3.845;0.006201268;0.00026880225;-0.00013539896;0.00017333463
3.85;0.0061984663;0.00026833187;5.0720282e-05;0.00017341916
3.855;0.006195646;0.0002678619;0.00023594787;0.00017381241
3.86;0.006192837;0.00026739365;0.00041961813;0.00017451178
3.865;0.006190021;0.0002669263;0.0006010932;0.0001755136
3.87;0.006187231;0.00026646128;0.0007797679;0.0001768132
3.875;0.00618446;0.00026599827;0.00095506146;0.00017840498
3.88;0.0061817276;0.0002655381;0.0011264153;0.00018028234
3.885;0.0061790305;0.0002650807;0.0012932947;0.00018243783
3.89;0.006176392;0.0002646269;0.0014551869;0.00018486314
3.895;0.0061738095;0.0002641767;0.0016116049;0.00018754914
3.9;0.0061712926;0.00026373047;0.0017620815;0.00019048595
3.905;0.0061688474;0.0002632884;0.0019061699;0.0001936629
3.91;0.0061664814;0.00026285087;0.0020434477;0.00019706864
3.915;0.0061642095;0.00026241844;0.002173511;0.00020069117
3.92;0.00616203;0.00026199108;0.0022959765;0.0002045178
3.925;0.0061599473;0.0002615689;0.0024104891;0.00020853528
3.93;0.006157959;0.00026115176;0.0025167146;0.0002127298
3.935;0.006156084;0.00026074052;0.0026143566;0.00021708706
3.94;0.00615433;0.00026033545;0.0027031472;0.0002215923
3.945;0.0061526857;0.00025993603;0.002782849;0.00022623039
3.95;0.006151154;0.00025954234;0.0028532748;0.00023098585
3.955;0.006149741;0.0002591547;0.0029142764;0.00023584298
3.96;0.006148462;0.00025877365;0.0029657604;0.00024078591
3.965;0.0061473;0.00025839848;0.0030076802;0.0002457987
3.97;0.0061462647;0.00025802958;0.0030400413;0.00025086544
3.975;0.0061453576;0.000257667;0.003062918;0.0002559703
3.98;0.0061445814;0.00025731078;0.003076437;0.0002610977
3.985;0.0061439252;0.00025696048;0.0030807874;0.00026623235
3.99;0.006143399;0.0002566165;0.0030762146;0.00027135937
3.995;0.0061430023;0.00025627878;0.0030630184;0.00027646442
4.0;0.006142731;0.00025594712;0.0030415594;0.00028153366
4.005;0.00614258;0.0002556213;0.0030122388;0.00028655407
4.01;0.0061425483;0.00025530125;0.0029755014;0.00029151325
4.015;0.0061426405;0.00025498716;0.00293183;0.0002963996
4.02;0.0061428514;0.00025467877;0.0028817512;0.00030120253
4.025;0.006143177;0.00025437586;0.00282581;0.00030591222
4.03;0.006143623;0.00025407868;0.0027645747;0.00031051986
4.035;0.0061441744;0.00025378665;0.0026986226;0.00031501756
4.04;0.0061448296;0.00025349957;0.0026285306;0.00031939844
4.045;0.0061455937;0.0002532177;0.0025548697;0.00032365654
4.05;0.006146458;0.00025294063;0.0024782172;0.00032778693
4.055;0.0061474224;0.00025266843;0.0023991016;0.0003317854
4.06;0.00614848;0.00025240067;0.002318056;0.00033564883
4.065;0.006149629;0.0002521373;0.0022355511;0.00033937476
4.07;0.006150858;0.00025187788;0.0021520408;0.0003429615
4.075;0.0061521865;0.00025162316;0.0020679305;0.00034640805
4.08;0.0061535793;0.0002513717;0.0019835967;0.00034971404
4.085;0.0061550625;0.00025112455;0.0018993649;0.00035287964
4.09;0.00615662;0.000250881;0.0018155237;0.00035590553
4.095;0.00615825;0.00025064102;0.0017323268;0.00035879272
4.1;0.006159946;0.00025040432;0.0016499825;0.0003615427
4.105;0.0061617037;0.00025017068;0.001568668;0.00036415714
4.11;0.006163533;0.0002499405;0.0014885247;0.00036663804
4.115;0.006165423;0.00024971337;0.0014096682;0.00036898747
4.12;0.006167371;0.00024948912;0.0013321809;0.00037120777
4.125;0.006169373;0.0002492676;0.0012561219;0.0003733013
4.13;0.0061714314;0.00024904887;0.0011815282;0.00037527052
4.135;0.0061735366;0.00024883257;0.0011084091;0.00037711786
4.14;0.00617569;0.00024861877;0.0010367611;0.0003788458
4.145;0.006177901;0.00024840774;0.0009665573;0.00038045674
4.15;0.006180142;0.00024819848;0.0008977594;0.000381953
4.155;0.0061824336;0.0002479917;0.000830314;0.00038333685
4.16;0.0061847456;0.0002477863;0.0007641476;0.00038461044
4.165;0.0061871125;0.00024758352;0.00069916993;0.00038577573
4.17;0.0061895023;0.00024738218;0.0006352742;0.00038683452
4.175;0.0061919224;0.0002471825;0.00057233125;0.0003877884
4.18;0.006194378;0.00024698477;0.0005101925;0.00038863873
4.185;0.0061968495;0.0002467881;0.00044868374;0.00038938652
4.19;0.0061993464;0.00024659294;0.00038761005;0.00039003254
4.195;0.006201855;0.00024639867;0.00032674917;0.00039057713
4.2;0.0062043844;0.00024620575;0.00026585444;0.0003910202
4.205;0.0062069274;0.00024601378;0.00020465581;0.0003913613
4.21;0.0062094782;0.00024582256;0.00014285676;0.0003915994
4.215;0.0062120366;0.0002456321;8.014235e-05;0.00039173296
4.22;0.0062146;0.00024544235;1.6177042e-05;0.00039175994
4.225;0.006217174;0.0002452534;-4.939226e-05;0.0003916776
4.23;0.006219729;0.00024506418;-0.00011692188;0.00039148275
4.235;0.006222287;0.00024487553;-0.00018677095;0.00039117146
4.24;0.0062248376;0.00024468705;-0.00025929185;0.0003907393
4.245;0.006227373;0.00024449837;-0.00033481923;0.00039018126
4.25;0.006229886;0.00024430925;-0.00041366208;0.00038949185
4.255;0.0062323846;0.00024412002;-0.000496091;0.000388665
4.26;0.006234856;0.00024393018;-0.00058233034;0.00038769445
4.265;0.006237292;0.00024373943;-0.0006725471;0.00038657355
4.27;0.0062396913;0.00024354766;-0.0007668428;0.00038529548
4.275;0.006242055;0.00024335497;-0.00086524355;0.00038385342
4.28;0.0062443665;0.00024316067;-0.00096769707;0.00038224057
4.285;0.0062466296;0.00024296498;-0.001074059;0.00038045048
4.29;0.006248835;0.00024276749;-0.0011841012;0.00037847698
4.295;0.0062509757;0.00024256793;-0.001297504;0.00037631448
4.3;0.006253044;0.00024236605;-0.0014138569;0.00037395806
4.305;0.006255039;0.00024216181;-0.0015326673;0.0003714036
4.31;0.0062569524;0.00024195485;-0.0016533409;0.00036864803
4.315;0.0062587787;0.00024174503;-0.0017752207;0.00036568934
4.32;0.0062605194;0.00024153238;-0.0018975666;0.0003625267
4.325;0.0062621543;0.00024131616;-0.0020195707;0.00035916077
4.33;0.006263691;0.00024109664;-0.0021403653;0.00035559348
4.335;0.0062651057;0.00024087296;-0.0022590254;0.00035182846
4.34;0.006266409;0.00024064552;-0.002374597;0.00034787078
4.345;0.0062675984;0.00024041421;-0.0024860788;0.00034372733
4.35;0.006268658;0.00024017849;-0.0025924616;0.00033940657
4.355;0.0062695886;0.00023993834;-0.0026927227;0.00033491867
4.36;0.0062703774;0.00023969331;-0.0027858273;0.00033027565
4.365;0.006271029;0.00023944366;-0.002870783;0.000325491
4.37;0.00627154;0.00023918919;-0.0029466033;0.00032058
4.375;0.0062718866;0.00023892902;-0.003012351;0.00031555942
4.38;0.0062720953;0.00023866419;-0.0030671405;0.0003104475
4.385;0.0062721493;0.00023839412;-0.0031101506;0.00030526394
4.39;0.006272032;0.00023811815;-0.0031406325;0.00030002955
4.395;0.0062717684;0.00023783724;-0.0031579165;0.00029476636
4.4;0.0062713427;0.00023755086;-0.0031614432;0.0002894973
4.405;0.006270757;0.00023725904;-0.003150736;0.00028424605
4.41;0.0062700114;0.00023696189;-0.0031254317;0.000279037
4.415;0.0062691127;0.00023665959;-0.0030852996;0.00027389484
4.42;0.006268065;0.00023635237;-0.0030302054;0.00026884448
4.425;0.0062668547;0.00023603972;-0.0029601494;0.00026391092
4.43;0.006265499;0.00023572233;-0.0028752566;0.00025911882
4.435;0.006264013;0.00023540072;-0.0027757739;0.0002544925
4.44;0.0062623806;0.00023507433;-0.0026620778;0.00025005572
4.445;0.0062606223;0.00023474399;-0.00253466;0.0002458313
4.45;0.006258732;0.00023440945;-0.00239413;0.00024184107
4.455;0.0062567354;0.00023407166;-0.002241222;0.0002381057
4.46;0.006254639;0.0002337309;-0.002076761;0.00023464444
4.465;0.0062524336;0.00023338685;-0.0019016865;0.00023147496
4.47;0.006250148;0.0002330406;-0.001717009;0.00022861328
4.475;0.006247776;0.00023269186;-0.0015238365;0.00022607355
4.48;0.0062453398;0.00023234151;-0.0013233441;0.00022386797
4.485;0.006242851;0.00023198998;-0.0011167672;0.0002220067
4.49;0.0062403157;0.00023163756;-0.0009053903;0.0002204977
4.495;0.006237739;0.00023128436;-0.00069053774;0.00021934681
4.5;0.006235144;0.00023093127;-0.00047355643;0.00021855756
4.505;0.006232523;0.00023057796;-0.0002558106;0.0002181312
4.51;0.0062299226;0.00023022626;-3.8666192e-05;0.00021806677
4.515;0.0062273154;0.00022987506;0.00017652287;0.00021836096
4.52;0.0062247333;0.00022952555;0.00038842755;0.00021900835
4.525;0.0062221806;0.00022917792;0.00059575285;0.00022000127
4.53;0.006219664;0.00022883237;0.00079725037;0.00022133002
4.535;0.0062172045;0.0002284897;0.0009917292;0.0002229829
4.54;0.0062148017;0.00022814985;0.0011780675;0.00022494634
4.545;0.006212471;0.00022781338;0.0013552179;0.00022720505
4.55;0.006210219;0.00022748054;0.0015222223;0.00022974207
4.555;0.006208054;0.00022715163;0.0016782165;0.00023253911
4.56;0.006205976;0.0002268266;0.0018224327;0.00023557649
4.565;0.0062040016;0.00022650609;0.0019542163;0.00023883353
4.57;0.0062021404;0.00022619037;0.0020730172;0.00024228854
4.575;0.0062003834;0.0002258792;0.0021784117;0.00024591925
4.58;0.0061987434;0.00022557292;0.002270089;0.00024970272
4.585;0.006197232;0.00022527197;0.0023478493;0.0002536158
4.59;0.006195849;0.00022497635;0.0024116181;0.00025763517
4.595;0.0061945864;0.00022468576;0.0024614353;0.00026173756
4.6;0.0061934693;0.00022440107;0.002497448;0.00026589996
4.605;0.0061924784;0.00022412154;0.0025199058;0.00027009982
4.61;0.0061916322;0.00022384786;0.0025291648;0.0002743151
4.615;0.006190914;0.00022357944;0.0025256611;0.00027852453
4.62;0.006190342;0.00022331682;0.0025099202;0.0002827077
4.625;0.0061899014;0.00022305951;0.0024825216;0.00028684526
4.63;0.006189601;0.00022280781;0.002444115;0.00029091878
4.635;0.006189429;0.00022256127;0.002395375;0.00029491106
4.64;0.006189397;0.0002223203;0.0023370031;0.0002988061
4.645;0.0061894837;0.0002220841;0.0022697232;0.00030258895
4.65;0.006189706;0.00022185325;0.0021942358;0.00030624602
4.655;0.0061900397;0.0002216269;0.0021112347;0.00030976473
4.66;0.0061905095;0.00022140594;0.0020213835;0.0003131337
4.665;0.0061910693;0.00022118862;0.0019253008;0.00031634254
4.67;0.006191749;0.00022097604;0.0018235603;0.0003193818
4.675;0.006192523;0.0002207673;0.0017166805;0.00032224294
4.68;0.0061933966;0.00022056256;0.0016051133;0.00032491813
4.685;0.0061943675;0.0002203617;0.0014892535;0.00032740022
4.69;0.0061954167;0.00022016406;0.0013694203;0.0003296826
4.695;0.006196552;0.00021996988;0.0012458756;0.00033175905
4.7;0.0061977515;0.00021977843;0.0011188184;0.00033362376
4.705;0.0061990228;0.00021958991;0.0009883887;0.00033527106
4.71;0.0062003485;0.00021940371;0.0008546769;0.00033669552
4.715;0.006201735;0.00021922005;0.0007177284;0.00033789175
4.72;0.0062031625;0.00021903822;0.0005775539;0.00033885433
4.725;0.006204639;0.00021885852;0.00043414108;0.0003395779
4.73;0.006206143;0.00021868017;0.00028746453;0.000340057
4.735;0.006207673;0.00021850309;0.00013749336;0.00034028615
4.74;0.00620922;0.000218327;-1.5795144e-05;0.00034025984
4.745;0.0062107774;0.00021815165;-0.00017240121;0.0003399725
4.75;0.006212336;0.0002179767;-0.00033229432;0.00033941868
4.755;0.0062138904;0.00021780196;-0.0004953972;0.000338593
4.76;0.0062154387;0.0002176274;-0.0006615798;0.00033749038
4.765;0.0062169577;0.00021745218;-0.00083065097;0.00033610596
4.77;0.0062184483;0.00021727632;-0.00100234;0.0003344354
4.775;0.006219903;0.00021709957;-0.0011763024;0.00033247488
4.78;0.0062213074;0.00021692146;-0.0013521095;0.00033022137
4.785;0.0062226565;0.00021674178;-0.0015292359;0.00032767263
4.79;0.0062239375;0.0002165601;-0.0017070622;0.00032482753
4.795;0.006225141;0.00021637612;-0.0018848716;0.0003216861
4.8;0.0062262686;0.00021618986;-0.0020618562;0.00031824966
4.805;0.0062272935;0.00021600048;-0.0022371067;0.00031452114
4.81;0.006228215;0.00021580787;-0.0024096188;0.00031050513
4.815;0.006229021;0.00021561167;-0.0025783195;0.00030620792
4.82;0.0062296996;0.00021541145;-0.0027420293;0.00030163786
4.825;0.0062302467;0.00021520715;-0.0028995196;0.00029680534
4.83;0.006230657;0.00021499852;-0.0030494826;0.00029172286
4.835;0.0062309112;0.00021478494;-0.0031905747;0.00028640524
4.84;0.0062310095;0.00021456645;-0.003321409;0.00028086957
4.845;0.0062309373;0.00021434254;-0.0034405713;0.00027513527
4.85;0.006230685;0.0002141129;-0.0035466421;0.0002692242
4.855;0.0062302607;0.00021387782;-0.0036381867;0.00026316056
4.86;0.006229647;0.00021363673;-0.0037138076;0.00025697087
4.865;0.0062288423;0.0002133896;-0.0037721354;0.00025068398
4.87;0.0062278435;0.00021313633;-0.0038118446;0.0002443309
4.875;0.006226648;0.00021287687;-0.0038316788;0.00023794478
4.88;0.0062252507;0.00021261102;-0.003830467;0.00023156067
4.885;0.006223657;0.00021233903;-0.0038071384;0.00022521544
4.89;0.006221869;0.00021206099;-0.003760734;0.00021894755
4.895;0.006219884;0.00021177679;-0.0036904213;0.00021279685
4.9;0.006217699;0.00021148636;-0.0035955254;0.00020680431
4.905;0.006215334;0.00021119042;-0.0034755198;0.00020101178
4.91;0.0062127826;0.00021088876;-0.00333006;0.00019546167
4.915;0.0062100585;0.00021058184;-0.003158963;0.00019019673
4.92;0.0062071714;0.00021027004;-0.0029622759;0.0001852596
4.925;0.006204123;0.0002099534;-0.0027402178;0.00018069259
4.93;0.006200933;0.00020963262;-0.0024932323;0.0001765372
4.935;0.0061976076;0.00020930794;-0.0022219757;0.0001728339
4.94;0.006194167;0.00020898;-0.0019273325;0.00016962168
4.945;0.006190617;0.00020864904;-0.0016104017;0.00016693768
4.95;0.006186984;0.00020831596;-0.0012725084;0.00016481683
4.955;0.0061832713;0.00020798088;-0.0009152001;0.0001632915
4.96;0.0061795195;0.00020764515;-0.00054023747;0.0001623911
4.965;0.006175724;0.00020730862;-0.00014959532;0.00016214178
4.97;0.0061719203;0.00020697252;0.00025454955;0.00016256602
4.975;0.006168125;0.00020663737;0.0006698272;0.0001636824
4.98;0.006164357;0.00020630377;0.0010936898;0.00016550522
4.985;0.0061606388;0.00020597254;0.0015234235;0.00016804425
4.99;0.006157;0.00020564464;0.0019561725;0.00017130455
4.995;0.0061534434;0.00020532012;0.002388953;0.00017528613
5.0;0.006150008;0.00020500028;0.0028186685;0.00017998391
