time;msd;einstein_diffusion;velocity_autocorrelation;green_kubo_diffusion
0.005;0.0;0.0;3.5818917e-05;5.9698195e-08
0.01;9.731188e-10;1.6218648e-08;3.5818215e-05;1.1939522e-07
0.015;3.8924144e-09;4.324905e-08;3.5815858e-05;1.7908832e-07
0.02;8.757796e-09;7.298164e-08;3.5812365e-05;2.3877558e-07
0.025;1.5569118e-08;1.0379412e-07;3.5808134e-05;2.984558e-07
0.03;2.4326205e-08;1.3514558e-07;3.5803467e-05;3.5812826e-07
0.035;3.502884e-08;1.66804e-07;3.5798555e-05;4.177925e-07
0.04;4.767684e-08;1.986535e-07;3.5793633e-05;4.7744857e-07
0.045;6.2269955e-08;2.3062945e-07;3.5788697e-05;5.370964e-07
0.05;7.880802e-08;2.626934e-07;3.5783927e-05;5.967363e-07
0.055;9.729069e-08;2.9482027e-07;3.577933e-05;6.563685e-07
0.06;1.1771802e-07;3.269945e-07;3.577494e-05;7.159934e-07
0.065;1.4008967e-07;3.5920428e-07;3.5770725e-05;7.756113e-07
0.07;1.6440531e-07;3.914412e-07;3.5766723e-05;8.3522247e-07
0.075;1.9066502e-07;4.2370002e-07;3.5762943e-05;8.948274e-07
0.08;2.1886868e-07;4.5597642e-07;3.5759414e-05;9.544264e-07
0.085;2.4901593e-07;4.8826655e-07;3.575611e-05;1.01402e-06
0.09;2.8110688e-07;5.205683e-07;3.5752964e-05;1.0736082e-06
0.095;3.1514136e-07;5.528796e-07;3.5750018e-05;1.1331915e-06
0.1;3.5111913e-07;5.8519856e-07;3.5747213e-05;1.1927702e-06
0.105;3.8904022e-07;6.1752417e-07;3.574461e-05;1.2523446e-06
0.11;4.289045e-07;6.4985534e-07;3.5742127e-05;1.3119148e-06
0.115;4.707118e-07;6.82191e-07;3.573977e-05;1.3714811e-06
0.12;5.144618e-07;7.145303e-07;3.5737532e-05;1.4310436e-06
0.125;5.601552e-07;7.468736e-07;3.573543e-05;1.4906027e-06
0.13;6.077918e-07;7.792203e-07;3.5733472e-05;1.5501585e-06
0.135;6.5737095e-07;8.1156907e-07;3.5731548e-05;1.609711e-06
0.14;7.0889286e-07;8.439201e-07;3.572972e-05;1.6692607e-06
0.145;7.6235796e-07;8.762736e-07;3.5727993e-05;1.7288072e-06
0.15;8.177658e-07;9.0862864e-07;3.5726353e-05;1.7883511e-06
0.155;8.751158e-07;9.4098476e-07;3.572471e-05;1.8478923e-06
0.16;9.3440786e-07;9.733416e-07;3.57232e-05;1.907431e-06
0.165;9.956443e-07;1.0057013e-06;3.5721692e-05;1.9669671e-06
0.17;1.0588225e-06;1.0380612e-06;3.5720226e-05;2.0265009e-06
0.175;1.1239441e-06;1.070423e-06;3.5718775e-05;2.0860323e-06
0.18;1.1910071e-06;1.1027843e-06;3.5717352e-05;2.1455612e-06
0.185;1.2600136e-06;1.1351474e-06;3.571594e-05;2.2050876e-06
0.19;1.3309622e-06;1.1675106e-06;3.571451e-05;2.2646118e-06
0.195;1.4038534e-06;1.1998748e-06;3.5713114e-05;2.3241337e-06
0.2;1.4786865e-06;1.2322387e-06;3.5711655e-05;2.383653e-06
0.205;1.5554635e-06;1.2646045e-06;3.571023e-05;2.4431702e-06
0.21;1.6341828e-06;1.2969705e-06;3.5708727e-05;2.5026848e-06
0.215;1.714842e-06;1.3293349e-06;3.5707184e-05;2.5621966e-06
0.22;1.7974489e-06;1.3617038e-06;3.570565e-05;2.621706e-06
0.225;1.8819951e-06;1.3940705e-06;3.570409e-05;2.681213e-06
0.23;1.968483e-06;1.426437e-06;3.5702524e-05;2.740717e-06
0.235;2.0569146e-06;1.4588047e-06;3.570084e-05;2.8002185e-06
0.24;2.1472872e-06;1.4911717e-06;3.5699173e-05;2.8597171e-06
0.245;2.2396043e-06;1.5235404e-06;3.5697423e-05;2.9192129e-06
0.25;2.3338644e-06;1.5559095e-06;3.5695608e-05;2.9787057e-06
0.255;2.430064e-06;1.5882771e-06;3.5693753e-05;3.0381952e-06
0.26;2.528205e-06;1.6206443e-06;3.5691897e-05;3.0976817e-06
0.265;2.628292e-06;1.6530139e-06;3.568987e-05;3.1571647e-06
0.27;2.73032e-06;1.6853826e-06;3.568787e-05;3.2166445e-06
0.275;2.8342886e-06;1.7177506e-06;3.5685778e-05;3.2761209e-06
0.28;2.9401986e-06;1.7501181e-06;3.5683646e-05;3.3355936e-06
0.285;3.0480533e-06;1.7824874e-06;3.5681445e-05;3.3950625e-06
0.29;3.1578497e-06;1.8148562e-06;3.5679168e-05;3.454528e-06
0.295;3.2695912e-06;1.8472268e-06;3.567686e-05;3.5139894e-06
0.3;3.3832648e-06;1.8795914e-06;3.5674526e-05;3.573447e-06
0.305;3.4988907e-06;1.911962e-06;3.567204e-05;3.6329004e-06
0.31;3.6164506e-06;1.9443282e-06;3.566952e-05;3.6923495e-06
0.315;3.735957e-06;1.976697e-06;3.5666984e-05;3.7517946e-06
0.32;3.8574017e-06;2.0090633e-06;3.5664332e-05;3.811235e-06
0.325;3.980787e-06;2.0414293e-06;3.5661677e-05;3.870671e-06
0.33;4.106118e-06;2.0737968e-06;3.565892e-05;3.9301026e-06
0.335;4.233391e-06;2.1061644e-06;3.5656158e-05;3.9895294e-06
0.34;4.3626005e-06;2.1385297e-06;3.5653364e-05;4.0489517e-06
0.345;4.4937506e-06;2.170894e-06;3.5650457e-05;4.1083695e-06
0.35;4.626847e-06;2.2032605e-06;3.5647554e-05;4.1677818e-06
0.355;4.761882e-06;2.2356253e-06;3.5644607e-05;4.2271895e-06
0.36;4.8988586e-06;2.2679899e-06;3.56416e-05;4.2865922e-06
0.365;5.037775e-06;2.3003538e-06;3.563855e-05;4.34599e-06
0.37;5.1786315e-06;2.3327168e-06;3.5635443e-05;4.4053822e-06
0.375;5.32143e-06;2.3650798e-06;3.5632293e-05;4.4647695e-06
0.38;5.4661614e-06;2.3974392e-06;3.5629135e-05;4.5241513e-06
0.385;5.612838e-06;2.4298001e-06;3.5625864e-05;4.5835277e-06
0.39;5.761461e-06;2.462163e-06;3.5622637e-05;4.6428986e-06
0.395;5.9120175e-06;2.494522e-06;3.5619316e-05;4.7022645e-06
0.4;6.064516e-06;2.5268819e-06;3.5615973e-05;4.7616245e-06
0.405;6.218954e-06;2.5592403e-06;3.5612542e-05;4.8209786e-06
0.41;6.37533e-06;2.5915976e-06;3.5609137e-05;4.880327e-06
0.415;6.5336485e-06;2.6239552e-06;3.560569e-05;4.93967e-06
0.42;6.6939037e-06;2.6563112e-06;3.560223e-05;4.999007e-06
0.425;6.8561003e-06;2.6886667e-06;3.5598718e-05;5.058338e-06
0.43;7.0202327e-06;2.7210203e-06;3.559516e-05;5.1176635e-06
0.435;7.1863074e-06;2.7533745e-06;3.5591594e-05;5.1769825e-06
0.44;7.3543188e-06;2.7857268e-06;3.5587997e-05;5.236296e-06
0.445;7.5242765e-06;2.8180812e-06;3.5584373e-05;5.2956034e-06
0.45;7.696162e-06;2.8504305e-06;3.558072e-05;5.3549047e-06
0.455;7.869994e-06;2.8827815e-06;3.5577068e-05;5.4141997e-06
0.46;8.0457585e-06;2.91513e-06;3.557335e-05;5.4734887e-06
0.465;8.223462e-06;2.9474775e-06;3.5569577e-05;5.5327714e-06
0.47;8.403107e-06;2.9798252e-06;3.556583e-05;5.5920477e-06
0.475;8.584689e-06;3.0121716e-06;3.5561974e-05;5.6513177e-06
0.48;8.768206e-06;3.0445158e-06;3.555809e-05;5.710581e-06
0.485;8.9536525e-06;3.0768563e-06;3.5554185e-05;5.769838e-06
0.49;9.141056e-06;3.1092025e-06;3.5550198e-05;5.8290884e-06
0.495;9.330386e-06;3.141544e-06;3.5546225e-05;5.888332e-06
0.5;9.521642e-06;3.1738807e-06;3.5542194e-05;5.947569e-06
0.505;9.714851e-06;3.2062217e-06;3.553811e-05;6.006799e-06
0.51;9.909992e-06;3.2385594e-06;3.5533965e-05;6.0660227e-06
0.515;1.0107068e-05;3.270896e-06;3.5529818e-05;6.125239e-06
0.52;1.0306084e-05;3.3032322e-06;3.5525616e-05;6.184448e-06
0.525;1.0507031e-05;3.3355657e-06;3.5521334e-05;6.2436507e-06
0.53;1.0709917e-05;3.3678984e-06;3.5517074e-05;6.3028456e-06
0.535;1.091474e-05;3.4002305e-06;3.551274e-05;6.3620337e-06
0.54;1.1121501e-05;3.432562e-06;3.5508343e-05;6.421214e-06
0.545;1.1330189e-05;3.4648895e-06;3.5503945e-05;6.480387e-06
0.55;1.1540809e-05;3.497215e-06;3.5499485e-05;6.539553e-06
0.555;1.1753376e-05;3.5295425e-06;3.5494977e-05;6.5987115e-06
0.56;1.1967859e-05;3.5618625e-06;3.549043e-05;6.6578623e-06
0.565;1.2184298e-05;3.5941882e-06;3.5485875e-05;6.7170054e-06
0.57;1.2402662e-05;3.6265092e-06;3.5481233e-05;6.7761407e-06
0.575;1.2622958e-05;3.6588285e-06;3.5476623e-05;6.8352683e-06
0.58;1.2845189e-05;3.6911463e-06;3.5471934e-05;6.894388e-06
0.585;1.306935e-05;3.7234618e-06;3.5467183e-05;6.9535004e-06
0.59;1.3295453e-05;3.7557777e-06;3.5462424e-05;7.0126043e-06
0.595;1.3523479e-05;3.788089e-06;3.5457633e-05;7.0717e-06
0.6;1.3753444e-05;3.8204007e-06;3.545279e-05;7.130788e-06
0.605;1.3985343e-05;3.8527114e-06;3.5447887e-05;7.189868e-06
0.61;1.4219174e-05;3.8850203e-06;3.544298e-05;7.2489397e-06
0.615;1.4454941e-05;3.9173283e-06;3.5438046e-05;7.308003e-06
0.62;1.4692626e-05;3.949631e-06;3.543306e-05;7.367058e-06
0.625;1.4932262e-05;3.9819365e-06;3.5428067e-05;7.426105e-06
0.63;1.5173805e-05;4.0142345e-06;3.542303e-05;7.485143e-06
0.635;1.54173e-05;4.046535e-06;3.54179e-05;7.544173e-06
0.64;1.566271e-05;4.078831e-06;3.5412846e-05;7.6031947e-06
0.645;1.5910051e-05;4.1111243e-06;3.5407727e-05;7.662207e-06
0.65;1.6159338e-05;4.14342e-06;3.5402532e-05;7.721212e-06
0.655;1.6410539e-05;4.17571e-06;3.5397334e-05;7.780207e-06
0.66;1.6663682e-05;4.2080005e-06;3.5392113e-05;7.839194e-06
0.665;1.6918746e-05;4.240287e-06;3.5386885e-05;7.898172e-06
0.67;1.7175742e-05;4.2725724e-06;3.5381574e-05;7.957142e-06
0.675;1.7434668e-05;4.3048562e-06;3.5376317e-05;8.016102e-06
0.68;1.7695527e-05;4.337139e-06;3.5370984e-05;8.075053e-06
0.685;1.7958298e-05;4.369416e-06;3.5365567e-05;8.133997e-06
0.69;1.8223027e-05;4.4016974e-06;3.5360186e-05;8.19293e-06
0.695;1.8489642e-05;4.433967e-06;3.5354766e-05;8.2518545e-06
0.7;1.8758206e-05;4.4662397e-06;3.5349298e-05;8.31077e-06
0.705;1.9028697e-05;4.4985104e-06;3.5343775e-05;8.369676e-06
0.71;1.9301126e-05;4.530781e-06;3.533824e-05;8.428573e-06
0.715;1.9575466e-05;4.563046e-06;3.533267e-05;8.487461e-06
0.72;1.9851726e-05;4.5953066e-06;3.5327026e-05;8.54634e-06
0.725;2.0129926e-05;4.627569e-06;3.5321395e-05;8.605209e-06
0.73;2.0410062e-05;4.659831e-06;3.531565e-05;8.664068e-06
0.735;2.0692116e-05;4.6920895e-06;3.5309924e-05;8.722918e-06
0.74;2.0976084e-05;4.724343e-06;3.5304136e-05;8.781758e-06
0.745;2.1261967e-05;4.7565923e-06;3.529832e-05;8.840589e-06
0.75;2.1549793e-05;4.788843e-06;3.5292447e-05;8.899409e-06
0.755;2.1839545e-05;4.821092e-06;3.528654e-05;8.95822e-06
0.76;2.21312e-05;4.8533334e-06;3.5280616e-05;9.0170215e-06
0.765;2.2424798e-05;4.8855773e-06;3.5274657e-05;9.075812e-06
0.77;2.2720307e-05;4.9178157e-06;3.526863e-05;9.134594e-06
0.775;2.3017734e-05;4.9500504e-06;3.526258e-05;9.193364e-06
0.78;2.3317121e-05;4.9822906e-06;3.5256508e-05;9.252125e-06
0.785;2.3618371e-05;5.0145163e-06;3.5250403e-05;9.310876e-06
0.79;2.3921586e-05;5.046748e-06;3.524428e-05;9.369616e-06
0.795;2.4226716e-05;5.078976e-06;3.5238056e-05;9.428347e-06
0.8;2.453375e-05;5.1111983e-06;3.5231842e-05;9.487067e-06
0.805;2.484271e-05;5.143418e-06;3.5225596e-05;9.545775e-06
0.81;2.5153602e-05;5.1756383e-06;3.521931e-05;9.604474e-06
0.815;2.5466394e-05;5.2078517e-06;3.5213016e-05;9.663163e-06
0.82;2.5781117e-05;5.240064e-06;3.5206664e-05;9.721841e-06
0.825;2.6097763e-05;5.2722753e-06;3.5200297e-05;9.780508e-06
0.83;2.64163e-05;5.3044782e-06;3.5193916e-05;9.839164e-06
0.835;2.6736794e-05;5.3366857e-06;3.5187466e-05;9.89781e-06
0.84;2.7059166e-05;5.3688823e-06;3.5180972e-05;9.956445e-06
0.845;2.7383481e-05;5.401081e-06;3.5174515e-05;1.0015069e-05
0.85;2.7709713e-05;5.433277e-06;3.5168003e-05;1.00736825e-05
0.855;2.8037857e-05;5.465469e-06;3.5161454e-05;1.0132285e-05
0.86;2.8367907e-05;5.4976563e-06;3.5154855e-05;1.0190876e-05
0.865;2.8699891e-05;5.5298437e-06;3.5148234e-05;1.0249457e-05
0.87;2.9033767e-05;5.5620244e-06;3.514159e-05;1.0308026e-05
0.875;2.9369581e-05;5.594206e-06;3.513492e-05;1.0366584e-05
0.88;2.9707306e-05;5.626384e-06;3.5128192e-05;1.0425131e-05
0.885;3.0046938e-05;5.658557e-06;3.5121433e-05;1.0483667e-05
0.89;3.03885e-05;5.6907306e-06;3.511463e-05;1.0542191e-05
0.895;3.073195e-05;5.722896e-06;3.5107816e-05;1.0600705e-05
0.9;3.107731e-05;5.755058e-06;3.510096e-05;1.0659206e-05
0.905;3.142459e-05;5.787218e-06;3.5094054e-05;1.0717696e-05
0.91;3.1773772e-05;5.8193723e-06;3.5087094e-05;1.0776174e-05
0.915;3.2124903e-05;5.85153e-06;3.5080146e-05;1.0834641e-05
0.92;3.2477903e-05;5.8836777e-06;3.5073113e-05;1.0893096e-05
0.925;3.2832835e-05;5.915826e-06;3.5066063e-05;1.095154e-05
0.93;3.3189666e-05;5.9479685e-06;3.5059013e-05;1.1009972e-05
0.935;3.3548396e-05;5.980106e-06;3.5051868e-05;1.1068391e-05
0.94;3.390907e-05;6.012246e-06;3.50447e-05;1.1126799e-05
0.945;3.4271638e-05;6.0443804e-06;3.50375e-05;1.1185195e-05
0.95;3.4636087e-05;6.0765065e-06;3.503027e-05;1.1243579e-05
0.955;3.5002453e-05;6.1086307e-06;3.502302e-05;1.13019505e-05
0.96;3.5370736e-05;6.140753e-06;3.501569e-05;1.136031e-05
0.965;3.5740934e-05;6.1728733e-06;3.5008332e-05;1.1418658e-05
0.97;3.6113022e-05;6.2049867e-06;3.5000987e-05;1.1476993e-05
0.975;3.6487032e-05;6.2370996e-06;3.4993627e-05;1.1535315e-05
0.98;3.68629e-05;6.2692006e-06;3.4986144e-05;1.15936255e-05
0.985;3.724074e-05;6.30131e-06;3.497867e-05;1.1651923e-05
0.99;3.7620444e-05;6.3334082e-06;3.4971188e-05;1.1710208e-05
0.995;3.8002043e-05;6.365501e-06;3.4963654e-05;1.1768481e-05
1.0;3.838557e-05;6.397595e-06;3.495611e-05;1.1826742e-05
1.005;3.8770966e-05;6.429679e-06;3.4948458e-05;1.1884988e-05
1.01;3.9158364e-05;6.461776e-06;3.4940826e-05;1.1943223e-05
1.015;3.9547525e-05;6.4938463e-06;3.493316e-05;1.2001446e-05
1.02;3.9938626e-05;6.525919e-06;3.4925488e-05;1.2059654e-05
1.025;4.033169e-05;6.557999e-06;3.4917713e-05;1.2117851e-05
1.03;4.0726605e-05;6.590066e-06;3.490997e-05;1.2176034e-05
1.035;4.11234e-05;6.6221255e-06;3.4902205e-05;1.2234204e-05
1.04;4.152213e-05;6.6541875e-06;3.489437e-05;1.2292362e-05
1.045;4.1922744e-05;6.686243e-06;3.4886616e-05;1.2350506e-05
1.05;4.232528e-05;6.7182987e-06;3.4878758e-05;1.2408637e-05
1.055;4.272967e-05;6.750343e-06;3.4870904e-05;1.2466756e-05
1.06;4.3135955e-05;6.7823835e-06;3.4863013e-05;1.2524861e-05
1.065;4.3544158e-05;6.814422e-06;3.485514e-05;1.2582952e-05
1.07;4.3954293e-05;6.846463e-06;3.484721e-05;1.2641031e-05
1.075;4.43663e-05;6.8784957e-06;3.4839293e-05;1.2699096e-05
1.08;4.4780172e-05;6.9105204e-06;3.483129e-05;1.2757148e-05
1.085;4.5195946e-05;6.9425414e-06;3.482335e-05;1.2815188e-05
1.09;4.5613633e-05;6.974561e-06;3.4815283e-05;1.2873213e-05
1.095;4.6033223e-05;7.0065785e-06;3.4807214e-05;1.2931225e-05
1.1;4.6454672e-05;7.038587e-06;3.479911e-05;1.2989223e-05
1.105;4.6878e-05;7.0705887e-06;3.479098e-05;1.3047209e-05
1.11;4.7303252e-05;7.1025906e-06;3.478282e-05;1.310518e-05
1.115;4.7730387e-05;7.134587e-06;3.47746e-05;1.3163138e-05
1.12;4.8159418e-05;7.1665804e-06;3.476636e-05;1.3221082e-05
1.125;4.8590333e-05;7.1985683e-06;3.4758115e-05;1.3279012e-05
1.13;4.902314e-05;7.2305515e-06;3.47498e-05;1.33369285e-05
1.135;4.945785e-05;7.262533e-06;3.474148e-05;1.3394831e-05
1.14;4.9894417e-05;7.294506e-06;3.4733155e-05;1.3452719e-05
1.145;5.0332907e-05;7.3264787e-06;3.4724744e-05;1.3510594e-05
1.15;5.0773266e-05;7.3584442e-06;3.4716355e-05;1.3568454e-05
1.155;5.121548e-05;7.390401e-06;3.4707897e-05;1.3626301e-05
1.16;5.165962e-05;7.422359e-06;3.4699442e-05;1.3684134e-05
1.165;5.2105595e-05;7.4543054e-06;3.469098e-05;1.3741951e-05
1.17;5.2553518e-05;7.4862564e-06;3.4682485e-05;1.3799756e-05
1.175;5.3003263e-05;7.518194e-06;3.4673954e-05;1.3857546e-05
1.18;5.3454954e-05;7.5501353e-06;3.466539e-05;1.3915322e-05
1.185;5.3908454e-05;7.5820617e-06;3.465684e-05;1.3973083e-05
1.19;5.4363914e-05;7.6139936e-06;3.46482e-05;1.4030829e-05
1.195;5.482121e-05;7.645915e-06;3.463956e-05;1.4088562e-05
1.2;5.5280445e-05;7.67784e-06;3.463088e-05;1.4146281e-05
1.205;5.5741464e-05;7.709746e-06;3.462216e-05;1.4203984e-05
1.21;5.6204408e-05;7.741654e-06;3.4613386e-05;1.4261673e-05
1.215;5.666922e-05;7.773556e-06;3.4604614e-05;1.4319347e-05
1.22;5.7135883e-05;7.805448e-06;3.4595785e-05;1.4377007e-05
1.225;5.7604557e-05;7.837355e-06;3.458687e-05;1.4434651e-05
1.23;5.8074933e-05;7.869232e-06;3.4577937e-05;1.44922815e-05
1.235;5.8547328e-05;7.901123e-06;3.4568973e-05;1.4549896e-05
1.24;5.9021477e-05;7.932994e-06;3.4559984e-05;1.4607496e-05
1.245;5.9497568e-05;7.964869e-06;3.4550976e-05;1.4665082e-05
1.25;5.997555e-05;7.99674e-06;3.454189e-05;1.4722651e-05
1.255;6.045539e-05;8.028604e-06;3.4532804e-05;1.4780206e-05
1.26;6.0937105e-05;8.060464e-06;3.4523684e-05;1.4837746e-05
1.265;6.142067e-05;8.0923155e-06;3.4514538e-05;1.48952695e-05
1.27;6.1906074e-05;8.124157e-06;3.450535e-05;1.4952779e-05
1.275;6.239341e-05;8.156001e-06;3.449612e-05;1.5010272e-05
1.28;6.288259e-05;8.187837e-06;3.4486897e-05;1.5067751e-05
1.285;6.337361e-05;8.219665e-06;3.44776e-05;1.5125213e-05
1.29;6.38666e-05;8.2515e-06;3.4468332e-05;1.518266e-05
1.295;6.43614e-05;8.28332e-06;3.4458946e-05;1.5240092e-05
1.3;6.485798e-05;8.315126e-06;3.4449622e-05;1.5297508e-05
1.305;6.5356515e-05;8.346937e-06;3.444023e-05;1.5354908e-05
1.31;6.585695e-05;8.378746e-06;3.44308e-05;1.5412294e-05
1.315;6.6359135e-05;8.410536e-06;3.442136e-05;1.5469663e-05
1.32;6.686332e-05;8.442338e-06;3.441191e-05;1.5527015e-05
1.325;6.7369256e-05;8.4741205e-06;3.4402397e-05;1.5584352e-05
1.33;6.787711e-05;8.505904e-06;3.4392873e-05;1.5641674e-05
1.335;6.838679e-05;8.537677e-06;3.4383374e-05;1.5698979e-05
1.34;6.889834e-05;8.5694455e-06;3.437376e-05;1.5756268e-05
1.345;6.941177e-05;8.6012105e-06;3.4364177e-05;1.5813543e-05
1.35;6.9927075e-05;8.632972e-06;3.4354583e-05;1.58708e-05
1.355;7.0444235e-05;8.664728e-06;3.434491e-05;1.5928043e-05
1.36;7.096317e-05;8.696467e-06;3.4335222e-05;1.5985268e-05
1.365;7.148404e-05;8.72821e-06;3.4325498e-05;1.6042477e-05
1.37;7.200673e-05;8.759943e-06;3.431576e-05;1.609967e-05
1.375;7.25313e-05;8.791672e-06;3.430595e-05;1.6156846e-05
1.38;7.3057825e-05;8.823409e-06;3.4296092e-05;1.6214006e-05
1.385;7.3586016e-05;8.855116e-06;3.4286233e-05;1.627115e-05
1.39;7.411614e-05;8.886828e-06;3.427634e-05;1.6328277e-05
1.395;7.464807e-05;8.918528e-06;3.4266417e-05;1.6385387e-05
1.4;7.518203e-05;8.950242e-06;3.4256434e-05;1.6442482e-05
1.405;7.5717704e-05;8.981934e-06;3.4246415e-05;1.649956e-05
1.41;7.625518e-05;9.0136145e-06;3.423636e-05;1.655662e-05
1.415;7.679457e-05;9.045297e-06;3.422631e-05;1.6613663e-05
1.42;7.7335746e-05;9.076965e-06;3.4216217e-05;1.667069e-05
1.425;7.7878874e-05;9.10864e-06;3.4206045e-05;1.6727701e-05
1.43;7.842379e-05;9.140303e-06;3.4195862e-05;1.6784694e-05
1.435;7.8970545e-05;9.171957e-06;3.4185654e-05;1.684167e-05
1.44;7.951912e-05;9.203602e-06;3.417539e-05;1.6898628e-05
1.445;8.006963e-05;9.235251e-06;3.416512e-05;1.6955571e-05
1.45;8.062193e-05;9.266888e-06;3.415478e-05;1.7012495e-05
1.455;8.117598e-05;9.298508e-06;3.4144457e-05;1.7069402e-05
1.46;8.173198e-05;9.330135e-06;3.4134042e-05;1.7126293e-05
1.465;8.228983e-05;9.3617555e-06;3.4123615e-05;1.7183165e-05
1.47;8.28495e-05;9.393368e-06;3.4113164e-05;1.7240021e-05
1.475;8.341103e-05;9.424975e-06;3.4102683e-05;1.729686e-05
1.48;8.397436e-05;9.456572e-06;3.409218e-05;1.735368e-05
1.485;8.453954e-05;9.488164e-06;3.408165e-05;1.741048e-05
1.49;8.510652e-05;9.519745e-06;3.4071065e-05;1.7467266e-05
1.495;8.567539e-05;9.551325e-06;3.406048e-05;1.7524035e-05
1.5;8.624605e-05;9.582895e-06;3.4049874e-05;1.7580784e-05
1.505;8.681844e-05;9.614446e-06;3.4039233e-05;1.7637516e-05
1.51;8.73929e-05;9.646016e-06;3.402859e-05;1.769423e-05
1.515;8.7969114e-05;9.67757e-06;3.4017907e-05;1.7750926e-05
1.52;8.854708e-05;9.70911e-06;3.4007164e-05;1.7807606e-05
1.525;8.912694e-05;9.740649e-06;3.399645e-05;1.7864266e-05
1.53;8.970854e-05;9.772172e-06;3.3985634e-05;1.792091e-05
1.535;9.0292066e-05;9.803699e-06;3.3974804e-05;1.7977534e-05
1.54;9.087733e-05;9.835209e-06;3.3963977e-05;1.803414e-05
1.545;9.146456e-05;9.866727e-06;3.3953114e-05;1.8090728e-05
1.55;9.205354e-05;9.898231e-06;3.3942226e-05;1.8147299e-05
1.555;9.264432e-05;9.929723e-06;3.3931312e-05;1.8203851e-05
1.56;9.323691e-05;9.961209e-06;3.3920383e-05;1.8260385e-05
1.565;9.383128e-05;9.992681e-06;3.390939e-05;1.8316901e-05
1.57;9.442759e-05;1.002416e-05;3.389835e-05;1.8373397e-05
1.575;9.50257e-05;1.005563e-05;3.3887318e-05;1.8429877e-05
1.58;9.562548e-05;1.0087076e-05;3.3876255e-05;1.8486338e-05
1.585;9.622725e-05;1.0118533e-05;3.3865177e-05;1.854278e-05
1.59;9.6830816e-05;1.014998e-05;3.3854023e-05;1.8599203e-05
1.595;9.743618e-05;1.0181419e-05;3.384287e-05;1.8655608e-05
1.6;9.804336e-05;1.021285e-05;3.383168e-05;1.8711993e-05
1.605;9.8652316e-05;1.0244269e-05;3.3820503e-05;1.8768362e-05
1.61;9.926309e-05;1.0275682e-05;3.3809218e-05;1.882471e-05
1.615;9.987573e-05;1.0307093e-05;3.379798e-05;1.8881039e-05
1.62;0.00010049018;1.03384955e-05;3.378666e-05;1.8937351e-05
1.625;0.00010110642;1.0369889e-05;3.3775348e-05;1.8993644e-05
1.63;0.00010172441;1.0401268e-05;3.3763994e-05;1.9049916e-05
1.635;0.00010234428;1.0432648e-05;3.375257e-05;1.910617e-05
1.64;0.000102966005;1.0464025e-05;3.3741144e-05;1.9162406e-05
1.645;0.00010358943;1.0495383e-05;3.3729695e-05;1.9218622e-05
1.65;0.00010421475;1.0526742e-05;3.371821e-05;1.927482e-05
1.655;0.0001048418;1.0558087e-05;3.3706674e-05;1.9330997e-05
1.66;0.000105470775;1.0589435e-05;3.3695134e-05;1.9387156e-05
1.665;0.00010610138;1.0620759e-05;3.3683562e-05;1.9443294e-05
1.67;0.00010673388;1.0652084e-05;3.367201e-05;1.9499415e-05
1.675;0.00010736818;1.06834e-05;3.3660417e-05;1.9555515e-05
1.68;0.00010800423;1.0714705e-05;3.3648732e-05;1.9611596e-05
1.685;0.00010864214;1.0746008e-05;3.3637083e-05;1.966766e-05
1.69;0.00010928181;1.07772985e-05;3.362542e-05;1.97237e-05
1.695;0.00010992339;1.0808592e-05;3.361371e-05;1.9779724e-05
1.7;0.00011056664;1.0839865e-05;3.3601988e-05;1.9835727e-05
1.705;0.00011121171;1.0871135e-05;3.3590237e-05;1.9891711e-05
1.71;0.0001118586;1.0902398e-05;3.3578424e-05;1.9947674e-05
1.715;0.00011250728;1.0933652e-05;3.3566637e-05;2.000362e-05
1.72;0.000113157796;1.0964903e-05;3.3554785e-05;2.0059544e-05
1.725;0.00011380998;1.0996134e-05;3.3542918e-05;2.0115449e-05
1.73;0.000114464056;1.1027366e-05;3.3531018e-05;2.0171334e-05
1.735;0.00011511993;1.1058591e-05;3.351909e-05;2.0227199e-05
1.74;0.00011577742;1.1089791e-05;3.3507164e-05;2.0283045e-05
1.745;0.000116437;1.1121012e-05;3.3495184e-05;2.033887e-05
1.75;0.000117098214;1.115221e-05;3.348317e-05;2.0394675e-05
1.755;0.00011776113;1.1183392e-05;3.3471122e-05;2.045046e-05
1.76;0.00011842601;1.1214584e-05;3.3459077e-05;2.0506226e-05
1.765;0.00011909249;1.124575e-05;3.3447017e-05;2.056197e-05
1.77;0.00011976079;1.1276911e-05;3.3434895e-05;2.0617696e-05
1.775;0.00012043087;1.1308063e-05;3.342276e-05;2.06734e-05
1.78;0.00012110291;1.1339223e-05;3.3410593e-05;2.0729083e-05
1.785;0.00012177645;1.137035e-05;3.3398366e-05;2.0784748e-05
1.79;0.00012245198;1.1401487e-05;3.338614e-05;2.084039e-05
1.795;0.00012312914;1.1432604e-05;3.3373894e-05;2.0896015e-05
1.8;0.00012380819;1.1463721e-05;3.3361615e-05;2.0951617e-05
1.805;0.000124489;1.1494829e-05;3.334931e-05;2.10072e-05
1.81;0.00012517157;1.1525928e-05;3.3337004e-05;2.106276e-05
1.815;0.00012585594;1.1557018e-05;3.3324686e-05;2.1118301e-05
1.82;0.00012654199;1.1588094e-05;3.331228e-05;2.1173822e-05
1.825;0.00012722991;1.16191695e-05;3.3299893e-05;2.1229323e-05
1.83;0.00012791953;1.1650231e-05;3.32875e-05;2.1284803e-05
1.835;0.00012861096;1.1681286e-05;3.327508e-05;2.134026e-05
1.84;0.0001293041;1.1712327e-05;3.3262626e-05;2.1395697e-05
1.845;0.00012999914;1.1743373e-05;3.325014e-05;2.1451115e-05
1.85;0.0001306958;1.1774396e-05;3.3237655e-05;2.150651e-05
1.855;0.00013139428;1.1805416e-05;3.3225177e-05;2.1561886e-05
1.86;0.0001320946;1.1836434e-05;3.3212666e-05;2.1617241e-05
1.865;0.00013279649;1.1867425e-05;3.3200115e-05;2.1672575e-05
1.87;0.00013350038;1.1898429e-05;3.3187527e-05;2.1727887e-05
1.875;0.00013420593;1.1929415e-05;3.3174932e-05;2.1783178e-05
1.88;0.00013491332;1.1960401e-05;3.3162312e-05;2.1838448e-05
1.885;0.00013562231;1.1991362e-05;3.31497e-05;2.1893698e-05
1.89;0.00013633311;1.202232e-05;3.3137054e-05;2.1948927e-05
1.895;0.00013704573;1.2053275e-05;3.3124372e-05;2.2004135e-05
1.9;0.00013776013;1.2084221e-05;3.3111643e-05;2.205932e-05
1.905;0.00013847616;1.211515e-05;3.3098953e-05;2.2114486e-05
1.91;0.00013919408;1.214608e-05;3.3086257e-05;2.2169628e-05
1.915;0.00013991361;1.217699e-05;3.3073502e-05;2.222475e-05
1.92;0.00014063485;1.2207886e-05;3.3060755e-05;2.2279852e-05
1.925;0.00014135803;1.2238791e-05;3.3047974e-05;2.2334933e-05
1.93;0.00014208294;1.2269684e-05;3.3035154e-05;2.2389991e-05
1.935;0.0001428095;1.230056e-05;3.302238e-05;2.2445029e-05
1.94;0.00014353779;1.2331425e-05;3.3009543e-05;2.2500044e-05
1.945;0.00014426792;1.2362289e-05;3.2996715e-05;2.255504e-05
1.95;0.00014499956;1.2393124e-05;3.2983844e-05;2.2610011e-05
1.955;0.00014573308;1.2423962e-05;3.297096e-05;2.2664963e-05
1.96;0.00014646866;1.2454818e-05;3.2958087e-05;2.2719894e-05
1.965;0.00014720569;1.248564e-05;3.2945205e-05;2.2774802e-05
1.97;0.0001479444;1.2516446e-05;3.2932247e-05;2.2829689e-05
1.975;0.000148685;1.2547257e-05;3.2919317e-05;2.2884555e-05
1.98;0.0001494273;1.2578055e-05;3.2906348e-05;2.2939399e-05
1.985;0.00015017128;1.260884e-05;3.289342e-05;2.2994222e-05
1.99;0.00015091708;1.2639622e-05;3.2880413e-05;2.3049022e-05
1.995;0.00015166457;1.267039e-05;3.2867432e-05;2.3103801e-05
2.0;0.0001524137;1.2701142e-05;3.2854372e-05;2.3158558e-05
2.005;0.00015316477;1.2731901e-05;3.2841355e-05;2.3213293e-05
2.01;0.00015391744;1.2762641e-05;3.28283e-05;2.3268007e-05
2.015;0.00015467187;1.2793372e-05;3.2815216e-05;2.33227e-05
2.02;0.000155428;1.2824093e-05;3.2802163e-05;2.337737e-05
2.025;0.00015618606;1.2854819e-05;3.2789034e-05;2.3432018e-05
2.03;0.0001569457;1.28855245e-05;3.277593e-05;2.3486646e-05
2.035;0.0001577069;1.2916208e-05;3.2762815e-05;2.354125e-05
2.04;0.00015847012;1.2946906e-05;3.274965e-05;2.3595832e-05
2.045;0.00015923475;1.2977567e-05;3.2736443e-05;2.3650393e-05
2.05;0.00016000144;1.3008247e-05;3.272329e-05;2.3704932e-05
2.055;0.00016076965;1.3038901e-05;3.2710068e-05;2.3759449e-05
2.06;0.00016153959;1.3069546e-05;3.269683e-05;2.3813944e-05
2.065;0.00016231126;1.31001825e-05;3.268363e-05;2.3868417e-05
2.07;0.00016308474;1.3130816e-05;3.2670356e-05;2.3922867e-05
2.075;0.00016385994;1.316144e-05;3.265713e-05;2.3977294e-05
2.08;0.00016463667;1.31920415e-05;3.2643846e-05;2.4031702e-05
2.085;0.00016541529;1.3222645e-05;3.2630585e-05;2.4086086e-05
2.09;0.00016619569;1.3253245e-05;3.2617325e-05;2.4140449e-05
2.095;0.00016697757;1.3283816e-05;3.2604017e-05;2.4194787e-05
2.1;0.0001677612;1.3314382e-05;3.2590706e-05;2.4249106e-05
2.105;0.00016854685;1.334496e-05;3.257741e-05;2.4303401e-05
2.11;0.00016933386;1.3375503e-05;3.2564105e-05;2.4357676e-05
2.115;0.00017012258;1.3406036e-05;3.2550743e-05;2.4411926e-05
2.12;0.00017091338;1.3436587e-05;3.2537395e-05;2.4466155e-05
2.125;0.00017170551;1.3467099e-05;3.252404e-05;2.4520363e-05
2.13;0.00017249951;1.34976135e-05;3.2510652e-05;2.4574547e-05
2.135;0.00017329516;1.3528115e-05;3.249728e-05;2.4628709e-05
2.14;0.0001740928;1.3558628e-05;3.2483884e-05;2.4682848e-05
2.145;0.00017489173;1.35891005e-05;3.247049e-05;2.4736966e-05
2.15;0.00017569253;1.3619576e-05;3.245709e-05;2.4791061e-05
2.155;0.00017649498;1.36500375e-05;3.2443637e-05;2.4845134e-05
2.16;0.00017729912;1.3680487e-05;3.2430213e-05;2.4899184e-05
2.165;0.00017810502;1.3710934e-05;3.2416734e-05;2.4953211e-05
2.17;0.00017891265;1.3741371e-05;3.240326e-05;2.5007217e-05
2.175;0.00017972193;1.3771796e-05;3.2389777e-05;2.5061201e-05
2.18;0.00018053313;1.3802227e-05;3.2376298e-05;2.5115161e-05
2.185;0.00018134565;1.383262e-05;3.236275e-05;2.5169098e-05
2.19;0.00018215991;1.3863008e-05;3.2349217e-05;2.5223015e-05
2.195;0.00018297609;1.3893401e-05;3.233567e-05;2.5276908e-05
2.2;0.00018379388;1.3923778e-05;3.2322136e-05;2.5330777e-05
2.205;0.00018461354;1.3954161e-05;3.2308548e-05;2.5384625e-05
2.21;0.00018543437;1.3984492e-05;3.2294975e-05;2.543845e-05
2.215;0.00018625744;1.4014857e-05;3.228139e-05;2.5492252e-05
2.22;0.00018708181;1.404518e-05;3.2267773e-05;2.5546033e-05
2.225;0.00018790801;1.4075507e-05;3.2254164e-05;2.559979e-05
2.23;0.0001887359;1.4105823e-05;3.2240554e-05;2.5653522e-05
2.235;0.00018956572;1.4136146e-05;3.2226988e-05;2.5707235e-05
2.24;0.00019039707;1.4166449e-05;3.2213364e-05;2.5760924e-05
2.245;0.00019122977;1.41967175e-05;3.219973e-05;2.581459e-05
2.25;0.00019206453;1.4227002e-05;3.218613e-05;2.5868234e-05
2.255;0.00019290074;1.4257261e-05;3.2172506e-05;2.5921854e-05
2.26;0.00019373877;1.428752e-05;3.2158892e-05;2.5975452e-05
2.265;0.00019457864;1.43177795e-05;3.214526e-05;2.6029027e-05
2.27;0.0001954199;1.4348011e-05;3.2131604e-05;2.608258e-05
2.275;0.00019626284;1.437823e-05;3.211795e-05;2.6136111e-05
2.28;0.00019710764;1.4408453e-05;3.21043e-05;2.6189617e-05
2.285;0.000197954;1.4438657e-05;3.209061e-05;2.6243102e-05
2.29;0.00019880211;1.4468858e-05;3.2076972e-05;2.6296564e-05
2.295;0.0001996518;1.4499041e-05;3.2063304e-05;2.6350002e-05
2.3;0.0002005033;1.4529226e-05;3.2049637e-05;2.6403419e-05
2.305;0.00020135613;1.4559372e-05;3.2035947e-05;2.6456812e-05
2.31;0.00020221097;1.45895365e-05;3.202227e-05;2.6510183e-05
2.315;0.00020306735;1.4619679e-05;3.200857e-05;2.656353e-05
2.32;0.00020392567;1.4649832e-05;3.1994874e-05;2.6616855e-05
2.325;0.00020478533;1.4679951e-05;3.198115e-05;2.6670157e-05
2.33;0.00020564673;1.4710068e-05;3.196743e-05;2.6723435e-05
2.335;0.00020650977;1.4740169e-05;3.1953732e-05;2.6776692e-05
2.34;0.0002073747;1.47702785e-05;3.194e-05;2.6829925e-05
2.345;0.00020824096;1.4800353e-05;3.192629e-05;2.6883135e-05
2.35;0.00020910896;1.48304225e-05;3.191259e-05;2.6936323e-05
2.355;0.0002099786;1.4860482e-05;3.189889e-05;2.6989488e-05
2.36;0.00021085003;1.4890539e-05;3.1885167e-05;2.704263e-05
2.365;0.00021172328;1.4920597e-05;3.1871474e-05;2.709575e-05
2.37;0.00021259808;1.49506395e-05;3.1857744e-05;2.7148846e-05
2.375;0.00021347433;1.4980655e-05;3.1844007e-05;2.7201919e-05
2.38;0.0002143524;1.5010672e-05;3.18303e-05;2.725497e-05
2.385;0.00021523195;1.5040668e-05;3.1816537e-05;2.7307997e-05
2.39;0.00021611321;1.50706555e-05;3.1802814e-05;2.7361002e-05
2.395;0.0002169964;1.5100654e-05;3.1789103e-05;2.7413984e-05
2.4;0.00021788101;1.5130625e-05;3.1775337e-05;2.7466942e-05
2.405;0.00021876718;1.516058e-05;3.176159e-05;2.7519878e-05
2.41;0.00021965525;1.5190543e-05;3.1747855e-05;2.757279e-05
2.415;0.00022054483;1.5220486e-05;3.173409e-05;2.7625681e-05
2.42;0.00022143593;1.5250408e-05;3.1720323e-05;2.7678549e-05
2.425;0.0002223291;1.528035e-05;3.170656e-05;2.7731392e-05
2.43;0.00022322338;1.5310245e-05;3.1692805e-05;2.7784214e-05
2.435;0.00022411956;1.5340149e-05;3.1679047e-05;2.7837012e-05
2.44;0.00022501752;1.537005e-05;3.166523e-05;2.7889788e-05
2.445;0.00022591666;1.539991e-05;3.1651434e-05;2.794254e-05
2.45;0.000226818;1.5429794e-05;3.163765e-05;2.799527e-05
2.455;0.00022772058;1.5459646e-05;3.1623862e-05;2.8047976e-05
2.46;0.00022862501;1.5489499e-05;3.161006e-05;2.810066e-05
2.465;0.0002295311;1.5519345e-05;3.159629e-05;2.815332e-05
2.47;0.00023043876;1.5549173e-05;3.158246e-05;2.8205957e-05
2.475;0.00023134785;1.557898e-05;3.156869e-05;2.8258572e-05
2.48;0.00023225878;1.560879e-05;3.15549e-05;2.8311164e-05
2.485;0.00023317148;1.5638598e-05;3.1541138e-05;2.8363733e-05
2.49;0.00023408553;1.5668376e-05;3.1527343e-05;2.8416278e-05
2.495;0.00023500143;1.5698159e-05;3.1513584e-05;2.84688e-05
2.5;0.000235919;1.5727932e-05;3.1499785e-05;2.85213e-05
2.505;0.00023683786;1.5757674e-05;3.148601e-05;2.8573777e-05
2.51;0.00023775855;1.578742e-05;3.1472213e-05;2.8626231e-05
2.515;0.00023868107;1.5817168e-05;3.145842e-05;2.8678662e-05
2.52;0.00023960497;1.584689e-05;3.1444608e-05;2.8731069e-05
2.525;0.0002405305;1.58766e-05;3.1430827e-05;2.8783454e-05
2.53;0.00024145754;1.5906295e-05;3.1417025e-05;2.8835815e-05
2.535;0.00024238646;1.5935993e-05;3.1403233e-05;2.8888155e-05
2.54;0.00024331697;1.5965681e-05;3.138946e-05;2.8940469e-05
2.545;0.00024424886;1.599534e-05;3.1375643e-05;2.8992763e-05
2.55;0.0002451827;1.6025013e-05;3.1361844e-05;2.9045032e-05
2.555;0.00024611782;1.6054651e-05;3.1348045e-05;2.9097278e-05
2.56;0.00024705508;1.6084316e-05;3.1334243e-05;2.9149503e-05
2.565;0.00024799336;1.6113929e-05;3.1320447e-05;2.9201703e-05
2.57;0.00024893376;1.6143566e-05;3.1306638e-05;2.925388e-05
2.575;0.0002498754;1.6173164e-05;3.1292842e-05;2.9306037e-05
2.58;0.00025081882;1.6202766e-05;3.127903e-05;2.9358167e-05
2.585;0.00025176382;1.6232354e-05;3.1265245e-05;2.9410276e-05
2.59;0.0002527103;1.6261925e-05;3.125143e-05;2.9462362e-05
2.595;0.00025365868;1.62915e-05;3.123766e-05;2.9514425e-05
2.6;0.00025460846;1.6321055e-05;3.122385e-05;2.9566465e-05
2.605;0.00025556012;1.6350616e-05;3.1210067e-05;2.961848e-05
2.61;0.00025651313;1.6380149e-05;3.119629e-05;2.9670475e-05
2.615;0.00025746765;1.6409665e-05;3.1182473e-05;2.9722445e-05
2.62;0.0002584241;1.6439193e-05;3.1168685e-05;2.9774394e-05
2.625;0.00025938184;1.6468688e-05;3.115491e-05;2.9826318e-05
2.63;0.00026034124;1.6498176e-05;3.1141128e-05;2.987822e-05
2.635;0.00026130216;1.652765e-05;3.112731e-05;2.99301e-05
2.64;0.00026226498;1.6557131e-05;3.111351e-05;2.9981955e-05
2.645;0.0002632291;1.6586586e-05;3.1099742e-05;3.0033789e-05
2.65;0.00026419514;1.6616046e-05;3.1085958e-05;3.0085597e-05
2.655;0.0002651626;1.6645488e-05;3.107216e-05;3.0137386e-05
2.66;0.00026613177;1.6674923e-05;3.105836e-05;3.0189149e-05
2.665;0.00026710232;1.6704336e-05;3.104457e-05;3.024089e-05
2.67;0.00026807448;1.6733737e-05;3.10308e-05;3.0292607e-05
2.675;0.0002690482;1.6763128e-05;3.1017018e-05;3.0344303e-05
2.68;0.0002700238;1.6792525e-05;3.100321e-05;3.0395975e-05
2.685;0.0002710007;1.6821894e-05;3.098946e-05;3.0447623e-05
2.69;0.00027197966;1.685128e-05;3.0975643e-05;3.049925e-05
2.695;0.00027295973;1.6880627e-05;3.096187e-05;3.0550855e-05
2.7;0.00027394135;1.690996e-05;3.0948075e-05;3.0602434e-05
2.705;0.00027492494;1.6939306e-05;3.0934327e-05;3.065399e-05
2.71;0.00027590984;1.6968625e-05;3.0920524e-05;3.0705523e-05
2.715;0.0002768963;1.699793e-05;3.0906744e-05;3.0757037e-05
2.72;0.00027788448;1.7027234e-05;3.0892927e-05;3.0808525e-05
2.725;0.00027887436;1.7056536e-05;3.087916e-05;3.085999e-05
2.73;0.0002798652;1.7085787e-05;3.0865358e-05;3.0911433e-05
2.735;0.0002808586;1.711509e-05;3.0851606e-05;3.0962852e-05
2.74;0.00028185302;1.7144344e-05;3.083781e-05;3.1014246e-05
2.745;0.00028284887;1.7173581e-05;3.0824016e-05;3.106562e-05
2.75;0.0002838467;1.720283e-05;3.0810264e-05;3.111697e-05
2.755;0.0002848457;1.7232045e-05;3.0796506e-05;3.11683e-05
2.76;0.0002858465;1.7261262e-05;3.0782736e-05;3.1219603e-05
2.765;0.00028684884;1.7290466e-05;3.076902e-05;3.1270883e-05
2.77;0.00028785286;1.7319668e-05;3.0755295e-05;3.1322143e-05
2.775;0.00028885846;1.7348855e-05;3.0741543e-05;3.137338e-05
2.78;0.00028986548;1.7378026e-05;3.0727853e-05;3.142459e-05
2.785;0.00029087404;1.7407183e-05;3.071414e-05;3.147578e-05
2.79;0.00029188438;1.7436343e-05;3.0700416e-05;3.152695e-05
2.795;0.00029289594;1.746547e-05;3.0686744e-05;3.1578096e-05
2.8;0.00029390948;1.7494613e-05;3.0673047e-05;3.1629217e-05
2.805;0.00029492425;1.7523722e-05;3.065935e-05;3.1680316e-05
2.81;0.00029594073;1.7552831e-05;3.064566e-05;3.1731393e-05
2.815;0.0002969589;1.7581935e-05;3.0632018e-05;3.1782445e-05
2.82;0.00029797843;1.7611019e-05;3.0618325e-05;3.1833475e-05
2.825;0.0002989997;1.7640099e-05;3.0604668e-05;3.1884483e-05
2.83;0.0003000223;1.766916e-05;3.0591007e-05;3.193547e-05
2.835;0.0003010468;1.7698223e-05;3.057735e-05;3.198643e-05
2.84;0.00030207247;1.7727258e-05;3.056373e-05;3.203737e-05
2.845;0.00030310004;1.77563e-05;3.0550073e-05;3.2088286e-05
2.85;0.00030412886;1.7785314e-05;3.0536394e-05;3.213918e-05
2.855;0.0003051596;1.7814336e-05;3.0522762e-05;3.219005e-05
2.86;0.00030619118;1.784331e-05;3.050914e-05;3.22409e-05
2.865;0.00030722504;1.7872311e-05;3.04955e-05;3.2291726e-05
2.87;0.00030826038;1.79013e-05;3.0481886e-05;3.234253e-05
2.875;0.00030929677;1.7930248e-05;3.0468254e-05;3.239331e-05
2.88;0.00031033525;1.7959215e-05;3.0454623e-05;3.2444066e-05
2.885;0.00031137498;1.7988155e-05;3.0440991e-05;3.24948e-05
2.89;0.00031241647;1.8017097e-05;3.0427358e-05;3.2545515e-05
2.895;0.00031345952;1.8046028e-05;3.0413723e-05;3.2596203e-05
2.9;0.00031450382;1.8074932e-05;3.0400122e-05;3.2646873e-05
2.905;0.00031554987;1.8103836e-05;3.038649e-05;3.2697517e-05
2.91;0.0003165975;1.813273e-05;3.0372885e-05;3.2748136e-05
2.915;0.0003176466;1.8161612e-05;3.035923e-05;3.2798736e-05
2.92;0.00031869757;1.81905e-05;3.034564e-05;3.284931e-05
2.925;0.0003197493;1.8219333e-05;3.033204e-05;3.2899865e-05
2.93;0.00032080308;1.8248185e-05;3.0318419e-05;3.2950396e-05
2.935;0.00032185848;1.8277029e-05;3.0304791e-05;3.3000902e-05
2.94;0.00032291524;1.8305853e-05;3.0291218e-05;3.305139e-05
2.945;0.0003239736;1.833467e-05;3.0277612e-05;3.3101853e-05
2.95;0.00032503376;1.836349e-05;3.0264015e-05;3.3152293e-05
2.955;0.00032609474;1.8392258e-05;3.0250418e-05;3.320271e-05
2.96;0.00032715788;1.8421051e-05;3.0236819e-05;3.3253105e-05
2.965;0.00032822246;1.844983e-05;3.0223255e-05;3.3303477e-05
2.97;0.0003292884;1.8478586e-05;3.020967e-05;3.3353826e-05
2.975;0.00033035604;1.8507342e-05;3.0196104e-05;3.3404154e-05
2.98;0.0003314252;1.8536084e-05;3.0182548e-05;3.3454457e-05
2.985;0.00033249575;1.8564811e-05;3.0168989e-05;3.3504737e-05
2.99;0.00033356796;1.8593531e-05;3.0155437e-05;3.3554996e-05
2.995;0.00033464129;1.862222e-05;3.014187e-05;3.3605233e-05
3.0;0.0003357167;1.8650928e-05;3.0128349e-05;3.3655448e-05
3.005;0.00033679343;1.8679613e-05;3.0114772e-05;3.370564e-05
3.01;0.00033787143;1.8708275e-05;3.010125e-05;3.375581e-05
3.015;0.0003389514;1.8736948e-05;3.0087736e-05;3.3805954e-05
3.02;0.00034003286;1.876561e-05;3.0074201e-05;3.385608e-05
3.025;0.00034111508;1.8794219e-05;3.0060695e-05;3.3906177e-05
3.03;0.00034219964;1.8822862e-05;3.0047184e-05;3.3956258e-05
3.035;0.00034328568;1.8851491e-05;3.0033703e-05;3.4006312e-05
3.04;0.0003443728;1.8880088e-05;3.0020183e-05;3.4056346e-05
3.045;0.00034546174;1.8908688e-05;3.0006708e-05;3.4106357e-05
3.05;0.0003465521;1.8937273e-05;2.9993216e-05;3.4156346e-05
3.055;0.00034764383;1.8965839e-05;2.9979781e-05;3.4206314e-05
3.06;0.00034873735;1.899441e-05;2.9966317e-05;3.4256256e-05
3.065;0.0003498322;1.9022958e-05;2.9952831e-05;3.430618e-05
3.07;0.00035092887;1.9051513e-05;2.9939401e-05;3.435608e-05
3.075;0.00035202684;1.9080046e-05;2.992595e-05;3.4405955e-05
3.08;0.00035312597;1.910855e-05;2.9912531e-05;3.445581e-05
3.085;0.0003542271;1.9137065e-05;2.9899054e-05;3.450564e-05
3.09;0.0003553297;1.9165573e-05;2.9885654e-05;3.455545e-05
3.095;0.00035643342;1.9194045e-05;2.9872195e-05;3.4605237e-05
3.1;0.00035753893;1.9222523e-05;2.9858777e-05;3.4655e-05
3.105;0.00035864607;1.9250996e-05;2.9845378e-05;3.4704743e-05
3.11;0.00035975434;1.927944e-05;2.9831981e-05;3.4754463e-05
3.115;0.00036086456;1.9307896e-05;2.9818593e-05;3.480416e-05
3.12;0.00036197592;1.9336321e-05;2.9805231e-05;3.4853838e-05
3.125;0.00036308877;1.9364734e-05;2.979187e-05;3.490349e-05
3.13;0.0003642034;1.9393152e-05;2.9778525e-05;3.4953122e-05
3.135;0.00036531928;1.9421546e-05;2.9765184e-05;3.500273e-05
3.14;0.00036643713;1.9449952e-05;2.9751829e-05;3.5052315e-05
3.145;0.00036755585;1.9478317e-05;2.9738501e-05;3.510188e-05
3.15;0.00036867603;1.9506668e-05;2.9725168e-05;3.515142e-05
3.155;0.00036979822;1.9535035e-05;2.9711853e-05;3.520094e-05
3.16;0.00037092186;1.956339e-05;2.9698534e-05;3.525044e-05
3.165;0.00037204672;1.9591716e-05;2.9685223e-05;3.5299916e-05
3.17;0.00037317275;1.9620018e-05;2.96719e-05;3.5349367e-05
3.175;0.00037430096;1.9648345e-05;2.9658595e-05;3.53988e-05
3.18;0.00037543;1.9676625e-05;2.9645273e-05;3.5448207e-05
3.185;0.00037656137;1.9704938e-05;2.9631969e-05;3.5497593e-05
3.19;0.00037769362;1.9733208e-05;2.9618643e-05;3.554696e-05
3.195;0.0003788275;1.9761475e-05;2.9605357e-05;3.5596302e-05
3.2;0.00037996282;1.978973e-05;2.9592076e-05;3.5645622e-05
3.205;0.00038109958;1.9817973e-05;2.9578792e-05;3.569492e-05
3.21;0.00038223772;1.9846195e-05;2.9565534e-05;3.5744193e-05
3.215;0.00038337774;1.987443e-05;2.9552286e-05;3.5793448e-05
3.22;0.00038451917;1.9902647e-05;2.9539053e-05;3.584268e-05
3.225;0.0003856619;1.9930847e-05;2.952584e-05;3.589189e-05
3.23;0.0003868063;1.9959045e-05;2.9512614e-05;3.5941077e-05
3.235;0.0003879518;1.9987214e-05;2.9499452e-05;3.5990244e-05
3.24;0.00038909877;2.0015368e-05;2.9486253e-05;3.6039386e-05
3.245;0.00039024756;2.0043533e-05;2.9473042e-05;3.608851e-05
3.25;0.0003913978;2.0071682e-05;2.9459889e-05;3.6137608e-05
3.255;0.0003925495;2.009982e-05;2.9446706e-05;3.6186688e-05
3.26;0.0003937022;2.0127925e-05;2.943355e-05;3.6235742e-05
3.265;0.0003948572;2.0156058e-05;2.9420396e-05;3.6284775e-05
3.27;0.00039601277;2.0184136e-05;2.9407262e-05;3.633379e-05
3.275;0.00039717054;2.0212241e-05;2.9394114e-05;3.638278e-05
3.28;0.00039832934;2.0240312e-05;2.9381008e-05;3.6431746e-05
3.285;0.0003994899;2.0268386e-05;2.936792e-05;3.6480695e-05
3.29;0.000400652;2.0296455e-05;2.935481e-05;3.652962e-05
3.295;0.00040181534;2.0324498e-05;2.9341703e-05;3.657852e-05
3.3;0.00040298008;2.0352529e-05;2.932863e-05;3.6627403e-05
3.305;0.00040414615;2.0380543e-05;2.9315535e-05;3.667626e-05
3.31;0.0004053141;2.0408565e-05;2.9302446e-05;3.6725098e-05
3.315;0.0004064833;2.0436566e-05;2.9289364e-05;3.6773916e-05
3.32;0.00040765372;2.0464546e-05;2.9276285e-05;3.682271e-05
3.325;0.0004088258;2.0492522e-05;2.9263214e-05;3.687148e-05
3.33;0.00040999972;2.0520507e-05;2.9250135e-05;3.692023e-05
3.335;0.00041117496;2.0548474e-05;2.9237102e-05;3.696896e-05
3.34;0.0004123514;2.0576417e-05;2.9224055e-05;3.7017668e-05
3.345;0.00041352908;2.0604339e-05;2.9211016e-05;3.706635e-05
3.35;0.00041470845;2.0632262e-05;2.9197967e-05;3.7115013e-05
3.355;0.00041588952;2.0660185e-05;2.9184945e-05;3.7163656e-05
3.36;0.00041707212;2.0688101e-05;2.9171912e-05;3.7212274e-05
3.365;0.00041825545;2.071597e-05;2.9158891e-05;3.7260874e-05
3.37;0.00041944114;2.0743875e-05;2.914586e-05;3.730945e-05
3.375;0.0004206275;2.077173e-05;2.9132836e-05;3.7358004e-05
3.38;0.0004218154;2.0799574e-05;2.9119827e-05;3.740654e-05
3.385;0.0004230052;2.0827434e-05;2.91068e-05;3.745505e-05
3.39;0.000424196;2.0855261e-05;2.9093819e-05;3.7503538e-05
3.395;0.0004253887;2.0883097e-05;2.9080786e-05;3.7552007e-05
3.4;0.00042658232;2.0910898e-05;2.9067798e-05;3.7600454e-05
3.405;0.0004277781;2.0938724e-05;2.9054832e-05;3.764888e-05
3.41;0.00042897472;2.0966505e-05;2.9041872e-05;3.7697282e-05
3.415;0.000430173;2.0994292e-05;2.90289e-05;3.7745664e-05
3.42;0.0004313726;2.1022055e-05;2.9015942e-05;3.7794023e-05
3.425;0.00043257367;2.1049813e-05;2.9003008e-05;3.784236e-05
3.43;0.00043377627;2.1077563e-05;2.8990115e-05;3.7890677e-05
3.435;0.0004349799;2.1105285e-05;2.8977154e-05;3.793897e-05
3.44;0.00043618548;2.1133017e-05;2.896426e-05;3.7987247e-05
3.445;0.0004373925;2.116074e-05;2.8951337e-05;3.8035498e-05
3.45;0.00043860075;2.1188442e-05;2.8938457e-05;3.808373e-05
3.455;0.00043981028;2.1216127e-05;2.8925571e-05;3.813194e-05
3.46;0.00044102146;2.1243808e-05;2.8912655e-05;3.8180126e-05
3.465;0.000442234;2.1271479e-05;2.88998e-05;3.8228292e-05
3.47;0.00044344837;2.1299154e-05;2.8886934e-05;3.8276437e-05
3.475;0.00044466348;2.1326787e-05;2.8874072e-05;3.832456e-05
3.48;0.00044588005;2.1354408e-05;2.8861208e-05;3.8372662e-05
3.485;0.0004470986;2.1382048e-05;2.8848372e-05;3.8420745e-05
3.49;0.00044831875;2.1409682e-05;2.8835513e-05;3.8468803e-05
3.495;0.0004495395;2.1437269e-05;2.8822675e-05;3.8516842e-05
3.5;0.00045076202;2.1464859e-05;2.8809834e-05;3.8564856e-05
3.505;0.00045198566;2.1492422e-05;2.8797016e-05;3.8612852e-05
3.51;0.0004532114;2.1520009e-05;2.8784154e-05;3.8660826e-05
3.515;0.00045443804;2.154756e-05;2.8771337e-05;3.870878e-05
3.52;0.00045566657;2.1575122e-05;2.875851e-05;3.875671e-05
3.525;0.0004568959;2.1602644e-05;2.8745724e-05;3.8804617e-05
3.53;0.00045812665;2.1630154e-05;2.8732878e-05;3.8852508e-05
3.535;0.00045935914;2.1657668e-05;2.8720062e-05;3.8900373e-05
3.54;0.00046059312;2.1685177e-05;2.870731e-05;3.894822e-05
3.545;0.0004618286;2.1712674e-05;2.8694501e-05;3.8996044e-05
3.55;0.00046306525;2.1740154e-05;2.8681725e-05;3.9043847e-05
3.555;0.00046430292;2.1767599e-05;2.8668976e-05;3.909163e-05
3.56;0.0004655431;2.179509e-05;2.8656219e-05;3.9139388e-05
3.565;0.000466784;2.1822534e-05;2.8643442e-05;3.918713e-05
3.57;0.0004680258;2.1849944e-05;2.8630693e-05;3.9234845e-05
3.575;0.00046926984;2.1877382e-05;2.8617966e-05;3.9282542e-05
3.58;0.00047051476;2.1904785e-05;2.8605229e-05;3.9330218e-05
3.585;0.0004717615;2.1932194e-05;2.8592483e-05;3.9377872e-05
3.59;0.0004730097;2.1959597e-05;2.8579747e-05;3.9425504e-05
3.595;0.00047425902;2.1986974e-05;2.8567003e-05;3.9473114e-05
3.6;0.00047550982;2.2014345e-05;2.8554265e-05;3.9520706e-05
3.605;0.00047676175;2.204169e-05;2.8541548e-05;3.9568276e-05
3.61;0.00047801543;2.2069042e-05;2.8528817e-05;3.9615825e-05
3.615;0.00047927033;2.2096372e-05;2.8516084e-05;3.966335e-05
3.62;0.0004805272;2.2123722e-05;2.850334e-05;3.9710856e-05
3.625;0.00048178431;2.2151004e-05;2.8490624e-05;3.975834e-05
3.63;0.0004830433;2.2178294e-05;2.8477907e-05;3.9805804e-05
3.635;0.00048430415;2.22056e-05;2.84652e-05;3.9853247e-05
3.64;0.00048556653;2.22329e-05;2.8452467e-05;3.9900668e-05
3.645;0.0004868298;2.2260165e-05;2.843978e-05;3.9948067e-05
3.65;0.0004880942;2.2287406e-05;2.8427083e-05;3.9995444e-05
3.655;0.0004893601;2.2314644e-05;2.8414355e-05;4.00428e-05
3.66;0.0004906275;2.234187e-05;2.8401631e-05;4.0090137e-05
3.665;0.0004918965;2.23691e-05;2.838894e-05;4.0137453e-05
3.67;0.00049316714;2.2396327e-05;2.8376227e-05;4.0184746e-05
3.675;0.00049443875;2.2423526e-05;2.8363507e-05;4.023202e-05
3.68;0.00049571146;2.24507e-05;2.8350785e-05;4.027927e-05
3.685;0.00049698615;2.247789e-05;2.8338123e-05;4.03265e-05
3.69;0.00049826177;2.2505048e-05;2.8325425e-05;4.037371e-05
3.695;0.00049953896;2.2532204e-05;2.8312756e-05;4.04209e-05
3.7;0.0005008173;2.2559338e-05;2.8300075e-05;4.0468065e-05
3.705;0.0005020973;2.2586473e-05;2.8287446e-05;4.051521e-05
3.71;0.000503379;2.261361e-05;2.827479e-05;4.0562336e-05
3.715;0.00050466124;2.2640703e-05;2.826221e-05;4.0609437e-05
3.72;0.0005059454;2.2667806e-05;2.8249546e-05;4.065652e-05
3.725;0.0005072309;2.2694896e-05;2.8236966e-05;4.070358e-05
3.73;0.0005085181;2.2721986e-05;2.8224349e-05;4.0750623e-05
3.735;0.00050980586;2.2749035e-05;2.821178e-05;4.0797644e-05
3.74;0.00051109534;2.2776083e-05;2.8199207e-05;4.084464e-05
3.745;0.0005123865;2.2803137e-05;2.8186629e-05;4.089162e-05
3.75;0.0005136787;2.2830163e-05;2.8174012e-05;4.0938576e-05
3.755;0.0005149722;2.2857177e-05;2.8161454e-05;4.0985513e-05
3.76;0.00051626744;2.2884195e-05;2.8148861e-05;4.1032425e-05
3.765;0.0005175637;2.2911187e-05;2.813626e-05;4.1079318e-05
3.77;0.00051886134;2.2938168e-05;2.8123679e-05;4.1126194e-05
3.775;0.0005201605;2.2965141e-05;2.8111122e-05;4.1173043e-05
3.78;0.0005214607;2.2992095e-05;2.8098546e-05;4.1219875e-05
3.785;0.00052276265;2.301905e-05;2.8085957e-05;4.1266685e-05
3.79;0.00052406586;2.3045994e-05;2.8073395e-05;4.1313473e-05
3.795;0.00052537053;2.3072926e-05;2.8060778e-05;4.1360243e-05
3.8;0.00052667566;2.309981e-05;2.8048207e-05;4.140699e-05
3.805;0.00052798394;2.312676e-05;2.8035633e-05;4.1453717e-05
3.81;0.00052929233;2.3153647e-05;2.8023047e-05;4.150042e-05
3.815;0.0005306025;2.3180539e-05;2.8010456e-05;4.1547104e-05
3.82;0.0005319138;2.320741e-05;2.7997883e-05;4.159377e-05
3.825;0.00053322664;2.3234275e-05;2.7985281e-05;4.164041e-05
3.83;0.00053454057;2.3261122e-05;2.7972697e-05;4.168703e-05
3.835;0.0005358557;2.328795e-05;2.7960072e-05;4.173363e-05
3.84;0.00053717266;2.3314786e-05;2.794749e-05;4.178021e-05
3.845;0.0005384904;2.3341589e-05;2.7934908e-05;4.182677e-05
3.85;0.0005398102;2.336841e-05;2.7922302e-05;4.1873307e-05
3.855;0.0005411306;2.3395183e-05;2.790971e-05;4.1919822e-05
3.86;0.000542453;2.3421979e-05;2.78971e-05;4.1966316e-05
3.865;0.0005437761;2.3448732e-05;2.7884505e-05;4.201279e-05
3.87;0.000545101;2.3475497e-05;2.7871938e-05;4.2059244e-05
3.875;0.00054642744;2.3502256e-05;2.785936e-05;4.2105676e-05
3.88;0.00054775487;2.352899e-05;2.7846765e-05;4.215209e-05
3.885;0.00054908346;2.3555704e-05;2.7834205e-05;4.2198477e-05
3.89;0.0005504137;2.3582419e-05;2.7821634e-05;4.2244847e-05
3.895;0.0005517449;2.360911e-05;2.7809067e-05;4.2291194e-05
3.9;0.00055307796;2.363581e-05;2.7796508e-05;4.2337524e-05
3.905;0.0005544118;2.3662475e-05;2.7783955e-05;4.2383832e-05
3.91;0.00055574736;2.3689146e-05;2.7771383e-05;4.2430114e-05
3.915;0.0005570843;2.3715807e-05;2.775881e-05;4.2476382e-05
3.92;0.00055842253;2.3742454e-05;2.7746246e-05;4.2522624e-05
3.925;0.0005597614;2.3769064e-05;2.773369e-05;4.256885e-05
3.93;0.00056110224;2.3795685e-05;2.7721102e-05;4.2615047e-05
3.935;0.0005624451;2.3822326e-05;2.770855e-05;4.266123e-05
3.94;0.00056378805;2.3848903e-05;2.769599e-05;4.270739e-05
3.945;0.0005651333;2.387551e-05;2.768342e-05;4.275353e-05
3.95;0.00056647963;2.3902094e-05;2.7670842e-05;4.2799646e-05
3.955;0.0005678264;2.3928631e-05;2.765829e-05;4.2845742e-05
3.96;0.0005691751;2.3955181e-05;2.7645712e-05;4.289182e-05
3.965;0.00057052507;2.3981718e-05;2.763313e-05;4.2937874e-05
3.97;0.00057187624;2.4008239e-05;2.7620541e-05;4.298391e-05
3.975;0.000573229;2.4034758e-05;2.760797e-05;4.3029922e-05
3.98;0.0005745831;2.4061268e-05;2.7595388e-05;4.3075914e-05
3.985;0.00057593844;2.4087763e-05;2.7582802e-05;4.3121887e-05
3.99;0.00057729485;2.4114237e-05;2.7570202e-05;4.3167838e-05
3.995;0.0005786531;2.4140723e-05;2.7557631e-05;4.3213768e-05
4.0;0.0005800124;2.4167182e-05;2.7545091e-05;4.3259675e-05
4.005;0.0005813729;2.4193627e-05;2.753248e-05;4.330556e-05
4.01;0.0005827348;2.4220066e-05;2.7519889e-05;4.335143e-05
4.015;0.0005840982;2.4246501e-05;2.7507345e-05;4.3397275e-05
4.02;0.00058546255;2.4272907e-05;2.7494747e-05;4.34431e-05
4.025;0.0005868285;2.4299317e-05;2.7482196e-05;4.3488904e-05
4.03;0.00058819517;2.4325687e-05;2.7469643e-05;4.3534685e-05
4.035;0.00058956345;2.4352064e-05;2.7457081e-05;4.3580447e-05
4.04;0.00059093296;2.4378422e-05;2.744453e-05;4.3626187e-05
4.045;0.00059230346;2.4404757e-05;2.7431972e-05;4.367191e-05
4.05;0.0005936761;2.4431114e-05;2.741941e-05;4.3717606e-05
4.055;0.0005950502;2.445747e-05;2.7406875e-05;4.3763284e-05
4.06;0.0005964254;2.4483801e-05;2.7394353e-05;4.380894e-05
4.065;0.00059780147;2.4510106e-05;2.7381806e-05;4.385458e-05
4.07;0.0005991782;2.4536372e-05;2.7369266e-05;4.3900192e-05
4.075;0.00060055684;2.4562654e-05;2.7356751e-05;4.3945787e-05
4.08;0.0006019372;2.4588937e-05;2.7344247e-05;4.3991364e-05
4.085;0.0006033192;2.4615227e-05;2.7331693e-05;4.4036915e-05
4.09;0.00060470105;2.4641444e-05;2.7319156e-05;4.4082448e-05
4.095;0.00060608535;2.46677e-05;2.7306642e-05;4.412796e-05
4.1;0.00060747075;2.4693933e-05;2.729413e-05;4.417345e-05
4.105;0.0006088571;2.472014e-05;2.7281592e-05;4.421892e-05
4.11;0.00061024417;2.4746316e-05;2.7269092e-05;4.4264365e-05
4.115;0.00061163446;2.477256e-05;2.7256521e-05;4.4309792e-05
4.12;0.00061302405;2.4798708e-05;2.7244005e-05;4.43552e-05
4.125;0.0006144161;2.4824893e-05;2.7231477e-05;4.4400585e-05
4.13;0.00061580905;2.485105e-05;2.721894e-05;4.444595e-05
4.135;0.000617203;2.4877185e-05;2.7206439e-05;4.4491295e-05
4.14;0.00061859796;2.49033e-05;2.7193915e-05;4.4536617e-05
4.145;0.0006199953;2.4929444e-05;2.7181395e-05;4.458192e-05
4.15;0.00062139344;2.495556e-05;2.7168922e-05;4.4627202e-05
4.155;0.0006227923;2.4981638e-05;2.7156435e-05;4.4672463e-05
4.16;0.00062419346;2.5007752e-05;2.714395e-05;4.4717704e-05
4.165;0.00062559557;2.5033836e-05;2.7131442e-05;4.476292e-05
4.17;0.00062699843;2.505989e-05;2.7118982e-05;4.480812e-05
4.175;0.0006284032;2.5085956e-05;2.7106515e-05;4.48533e-05
4.18;0.00062980864;2.5111989e-05;2.7094038e-05;4.4898454e-05
4.185;0.0006312155;2.5138013e-05;2.7081574e-05;4.494359e-05
4.19;0.0006326243;2.5164054e-05;2.706911e-05;4.4988705e-05
4.195;0.0006340332;2.5190033e-05;2.7056642e-05;4.50338e-05
4.2;0.0006354447;2.521606e-05;2.7044216e-05;4.5078872e-05
4.205;0.0006368568;2.5242047e-05;2.7031774e-05;4.512393e-05
4.21;0.00063826935;2.5267987e-05;2.7019334e-05;4.516896e-05
4.215;0.0006396838;2.529394e-05;2.7006887e-05;4.5213972e-05
4.22;0.0006411001;2.531991e-05;2.6994465e-05;4.5258963e-05
4.225;0.0006425177;2.5345867e-05;2.6982025e-05;4.5303932e-05
4.23;0.0006439356;2.5371772e-05;2.6969601e-05;4.534888e-05
4.235;0.00064535503;2.5397678e-05;2.6957154e-05;4.539381e-05
4.24;0.00064677605;2.542359e-05;2.694472e-05;4.5438715e-05
4.245;0.0006481985;2.5449488e-05;2.6932277e-05;4.5483604e-05
4.25;0.0006496223;2.5475383e-05;2.6919788e-05;4.552847e-05
4.255;0.00065104716;2.550126e-05;2.6907368e-05;4.5573317e-05
4.26;0.0006524727;2.55271e-05;2.6894913e-05;4.561814e-05
4.265;0.00065389974;2.5552941e-05;2.6882473e-05;4.5662946e-05
4.27;0.00065532804;2.5578769e-05;2.6869995e-05;4.570773e-05
4.275;0.0006567581;2.5604602e-05;2.6857599e-05;4.575249e-05
4.28;0.0006581893;2.5630423e-05;2.684516e-05;4.5797235e-05
4.285;0.0006596212;2.5656213e-05;2.6832715e-05;4.5841953e-05
4.29;0.00066105474;2.5682002e-05;2.6820311e-05;4.5886656e-05
4.295;0.00066248985;2.5707794e-05;2.6807917e-05;4.5931334e-05
4.3;0.00066392554;2.5733547e-05;2.679549e-05;4.5975994e-05
4.305;0.0006653631;2.5759316e-05;2.678309e-05;4.6020632e-05
4.31;0.00066680135;2.5785048e-05;2.6770693e-05;4.606525e-05
4.315;0.0006682412;2.5810783e-05;2.6758313e-05;4.6109846e-05
4.32;0.00066968193;2.5836493e-05;2.6745913e-05;4.6154422e-05
4.325;0.0006711244;2.5862211e-05;2.6733553e-05;4.619898e-05
4.33;0.0006725679;2.5887912e-05;2.6721185e-05;4.6243516e-05
4.335;0.00067401334;2.5913623e-05;2.670882e-05;4.628803e-05
4.34;0.00067545933;2.5939298e-05;2.6696458e-05;4.6332523e-05
4.345;0.00067690643;2.5964959e-05;2.6684113e-05;4.6376997e-05
4.35;0.0006783547;2.5990603e-05;2.667179e-05;4.642145e-05
4.355;0.00067980436;2.601624e-05;2.665947e-05;4.6465884e-05
4.36;0.0006812557;2.6041886e-05;2.6647169e-05;4.6510293e-05
4.365;0.000682708;2.6067508e-05;2.6634849e-05;4.6554687e-05
4.37;0.0006841618;2.6093128e-05;2.662256e-05;4.6599056e-05
4.375;0.00068561645;2.6118722e-05;2.6610267e-05;4.6643407e-05
4.38;0.0006870718;2.6144284e-05;2.6598005e-05;4.668774e-05
4.385;0.00068852905;2.6169859e-05;2.6585703e-05;4.6732046e-05
4.39;0.00068998797;2.6195443e-05;2.6573443e-05;4.6776335e-05
4.395;0.0006914468;2.6220963e-05;2.656117e-05;4.6820605e-05
4.4;0.0006929085;2.6246533e-05;2.6548922e-05;4.6864854e-05
4.405;0.0006943706;2.627206e-05;2.6536647e-05;4.690908e-05
4.41;0.0006958337;2.629757e-05;2.652444e-05;4.695329e-05
4.415;0.0006972987;2.6323092e-05;2.6512187e-05;4.6997477e-05
4.42;0.00069876434;2.634858e-05;2.649993e-05;4.704164e-05
4.425;0.0007002311;2.6374053e-05;2.6487694e-05;4.708579e-05
4.43;0.00070170016;2.6399555e-05;2.6475476e-05;4.7129914e-05
4.435;0.0007031695;2.642501e-05;2.6463278e-05;4.717402e-05
4.44;0.00070464093;2.6450485e-05;2.6451058e-05;4.7218105e-05
4.445;0.0007061117;2.647588e-05;2.6438845e-05;4.726217e-05
4.45;0.0007075857;2.6501339e-05;2.6426624e-05;4.7306214e-05
4.455;0.00070905994;2.6526746e-05;2.6414395e-05;4.7350237e-05
4.46;0.000710536;2.6552168e-05;2.6402218e-05;4.7394242e-05
4.465;0.00071201246;2.6577545e-05;2.639002e-05;4.7438225e-05
4.47;0.00071349135;2.660296e-05;2.637784e-05;4.7482186e-05
4.475;0.0007149707;2.6628333e-05;2.636563e-05;4.752613e-05
4.48;0.00071645126;2.6653692e-05;2.6353495e-05;4.757005e-05
4.485;0.0007179334;2.6679056e-05;2.6341335e-05;4.7613954e-05
4.49;0.0007194161;2.6704385e-05;2.6329191e-05;4.7657835e-05
4.495;0.00072090107;2.672974e-05;2.631703e-05;4.77017e-05
4.5;0.0007223865;2.6755057e-05;2.6304893e-05;4.774554e-05
4.505;0.0007238719;2.6780315e-05;2.629279e-05;4.7789363e-05
4.51;0.00072536065;2.680564e-05;2.6280662e-05;4.7833164e-05
4.515;0.00072685065;2.683096e-05;2.6268573e-05;4.7876943e-05
4.52;0.00072834076;2.6856223e-05;2.6256515e-05;4.7920705e-05
4.525;0.000729832;2.6881473e-05;2.6244461e-05;4.7964444e-05
4.53;0.00073132553;2.6906751e-05;2.62324e-05;4.8008165e-05
4.535;0.0007328194;2.693199e-05;2.6220348e-05;4.8051865e-05
4.54;0.0007343145;2.6957216e-05;2.6208376e-05;4.8095546e-05
4.545;0.00073581166;2.6982458e-05;2.6196387e-05;4.813921e-05
4.55;0.0007373092;2.7007663e-05;2.618438e-05;4.8182847e-05
4.555;0.00073880877;2.7032887e-05;2.617237e-05;4.822647e-05
4.56;0.00074030866;2.7058064e-05;2.6160411e-05;4.827007e-05
4.565;0.00074180966;2.708323e-05;2.6148417e-05;4.831365e-05
4.57;0.00074331247;2.7108405e-05;2.613647e-05;4.835721e-05
4.575;0.00074481603;2.7133554e-05;2.6124546e-05;4.840075e-05
4.58;0.00074632175;2.7158725e-05;2.6112568e-05;4.844427e-05
4.585;0.0007478276;2.7183843e-05;2.6100666e-05;4.8487775e-05
4.59;0.0007493351;2.7208971e-05;2.6088723e-05;4.8531256e-05
4.595;0.00075084367;2.7234084e-05;2.6076805e-05;4.8574715e-05
4.6;0.00075235416;2.7259208e-05;2.6064872e-05;4.8618156e-05
4.605;0.00075386604;2.728433e-05;2.6053001e-05;4.866158e-05
4.61;0.0007553772;2.730937e-05;2.6041103e-05;4.870498e-05
4.615;0.0007568915;2.7334474e-05;2.6029224e-05;4.8748363e-05
4.62;0.00075840636;2.7359538e-05;2.601735e-05;4.8791724e-05
4.625;0.0007599218;2.7384569e-05;2.6005462e-05;4.8835067e-05
4.63;0.0007614394;2.7409626e-05;2.599361e-05;4.887839e-05
4.635;0.0007629582;2.743467e-05;2.598172e-05;4.8921695e-05
4.64;0.00076447724;2.7459671e-05;2.5969877e-05;4.8964976e-05
4.645;0.00076599856;2.7484699e-05;2.5958001e-05;4.900824e-05
4.65;0.0007675202;2.7509685e-05;2.5946147e-05;4.9051483e-05
4.655;0.00076904387;2.7534688e-05;2.5934318e-05;4.9094706e-05
4.66;0.00077056827;2.7559667e-05;2.5922462e-05;4.913791e-05
4.665;0.00077209406;2.758464e-05;2.5910602e-05;4.9181097e-05
4.67;0.0007736215;2.7609616e-05;2.589877e-05;4.922426e-05
4.675;0.000775149;2.7634544e-05;2.5886928e-05;4.9267404e-05
4.68;0.00077667815;2.765948e-05;2.5875128e-05;4.931053e-05
4.685;0.0007782093;2.7684431e-05;2.5863295e-05;4.9353635e-05
4.69;0.00077974075;2.7709339e-05;2.5851497e-05;4.9396724e-05
4.695;0.00078127324;2.773423e-05;2.5839696e-05;4.9439786e-05
4.7;0.00078280724;2.7759123e-05;2.5827863e-05;4.9482835e-05
4.705;0.00078434363;2.7784048e-05;2.5816105e-05;4.952586e-05
4.71;0.0007858799;2.7808914e-05;2.5804327e-05;4.956887e-05
4.715;0.0007874178;2.7833785e-05;2.5792591e-05;4.9611856e-05
4.72;0.00078895665;2.7858641e-05;2.5780817e-05;4.9654824e-05
4.725;0.00079049665;2.7883481e-05;2.5769104e-05;4.9697774e-05
4.73;0.00079203764;2.7908303e-05;2.5757385e-05;4.97407e-05
4.735;0.00079358043;2.7933136e-05;2.5745667e-05;4.978361e-05
4.74;0.0007951241;2.795795e-05;2.5733942e-05;4.98265e-05
4.745;0.0007966686;2.7982738e-05;2.5722255e-05;4.986937e-05
4.75;0.00079821487;2.8007538e-05;2.5710577e-05;4.991222e-05
4.755;0.0007997626;2.8032338e-05;2.569888e-05;4.9955055e-05
4.76;0.0008013114;2.8057122e-05;2.5687248e-05;4.9997867e-05
4.765;0.00080286077;2.8081875e-05;2.5675585e-05;5.004066e-05
4.77;0.000804412;2.810664e-05;2.5663956e-05;5.0083432e-05
4.775;0.000805964;2.8131379e-05;2.5652356e-05;5.0126186e-05
4.78;0.00080751785;2.8156132e-05;2.5640737e-05;5.016892e-05
4.785;0.00080907176;2.8180835e-05;2.562916e-05;5.0211635e-05
4.79;0.00081062777;2.8205559e-05;2.5617563e-05;5.0254333e-05
4.795;0.0008121844;2.8230254e-05;2.5606016e-05;5.0297007e-05
4.8;0.00081374263;2.8254952e-05;2.5594465e-05;5.0339666e-05
4.805;0.000815303;2.8279675e-05;2.5582938e-05;5.0382303e-05
4.81;0.0008168626;2.830432e-05;2.5571435e-05;5.0424922e-05
4.815;0.00081842527;2.8329016e-05;2.5559899e-05;5.0467523e-05
4.82;0.0008199889;2.8353696e-05;2.5548392e-05;5.0510105e-05
4.825;0.0008215522;2.8378314e-05;2.553691e-05;5.0552666e-05
4.83;0.00082311715;2.8402937e-05;2.5525413e-05;5.059521e-05
4.835;0.00082468387;2.842757e-05;2.5513911e-05;5.063773e-05
4.84;0.00082625117;2.8452174e-05;2.5502448e-05;5.0680235e-05
4.845;0.00082782004;2.8476783e-05;2.549101e-05;5.072272e-05
4.85;0.0008293894;2.8501354e-05;2.547957e-05;5.0765186e-05
4.855;0.0008309622;2.8525996e-05;2.5468134e-05;5.0807634e-05
4.86;0.00083253405;2.8550548e-05;2.5456686e-05;5.085006e-05
4.865;0.00083410804;2.8575132e-05;2.544528e-05;5.0892468e-05
4.87;0.0008356824;2.8599672e-05;2.5433843e-05;5.0934857e-05
4.875;0.00083725795;2.8624203e-05;2.542246e-05;5.097723e-05
4.88;0.0008388353;2.8648745e-05;2.541106e-05;5.1019582e-05
4.885;0.00084041344;2.8673265e-05;2.5399691e-05;5.1061914e-05
4.89;0.00084199395;2.8697817e-05;2.5388308e-05;5.1104227e-05
4.895;0.0008435736;2.8722288e-05;2.5376934e-05;5.1146522e-05
4.9;0.00084515644;2.8746817e-05;2.5365578e-05;5.11888e-05
4.905;0.0008467392;2.8771296e-05;2.5354217e-05;5.1231054e-05
4.91;0.0008483233;2.8795766e-05;2.5342859e-05;5.1273295e-05
4.915;0.00084990874;2.8820235e-05;2.5331554e-05;5.1315514e-05
4.92;0.0008514957;2.8844705e-05;2.53202e-05;5.1357714e-05
4.925;0.00085308374;2.886916e-05;2.5308877e-05;5.1399897e-05
4.93;0.0008546729;2.8893608e-05;2.5297519e-05;5.1442057e-05
4.935;0.0008562627;2.8918023e-05;2.528621e-05;5.1484203e-05
4.94;0.000857854;2.8942442e-05;2.5274901e-05;5.1526327e-05
4.945;0.00085944694;2.8966864e-05;2.5263584e-05;5.1568433e-05
4.95;0.0008610405;2.8991264e-05;2.5252255e-05;5.161052e-05
4.955;0.0008626349;2.9015639e-05;2.5240925e-05;5.1652587e-05
4.96;0.00086423167;2.9040042e-05;2.5229623e-05;5.169464e-05
4.965;0.00086582854;2.90644e-05;2.521829e-05;5.1736668e-05
4.97;0.0008674269;2.9088764e-05;2.5206999e-05;5.177868e-05
4.975;0.00086902647;2.9113115e-05;2.5195708e-05;5.1820673e-05
4.98;0.00087062747;2.9137467e-05;2.5184421e-05;5.1862648e-05
4.985;0.0008722295;2.9161802e-05;2.5173109e-05;5.19046e-05
4.99;0.00087383285;2.9186136e-05;2.5161833e-05;5.1946536e-05
4.995;0.00087543664;2.9210432e-05;2.515057e-05;5.1988456e-05
5.0;0.00087704265;2.9234754e-05;2.5139294e-05;5.2030355e-05
