time;temperature;pressure;kinetic_energy;potential_energy;total_energy;virial;msd;diffusion;volume
1815.005;0.5742741;-0.22990322;1179.8704;-7106.999;-5927.129;-3627.6104;0.0;0.0;1838.2656
1815.01;0.5743985;-0.22824065;1180.5265;-7105.8877;-5925.3613;-3619.754;0.0;0.0;1838.2656
1815.015;0.57460964;-0.22796008;1181.5105;-7105.9517;-5924.4414;-3620.1746;0.0;0.0;1838.2656
1815.02;0.5748826;-0.2291124;1182.6665;-7107.229;-5924.5625;-3628.8413;0.0;0.0;1838.2656
1815.025;0.5751604;-0.2316189;1183.7225;-7109.521;-5925.7983;-3644.7764;0.0;0.0;1838.2656
1815.03;0.5753671;-0.23528415;1184.4019;-7112.7173;-5928.3154;-3666.348;0.0;0.0;1838.2656
1815.035;0.5754512;-0.23929672;1184.5404;-7116.009;-5931.4683;-3688.7537;0.0;0.0;1838.2656
1815.04;0.5753957;-0.24300931;1184.154;-7118.956;-5934.802;-3708.455;0.0;0.0;1838.2656
1815.045;0.5752331;-0.24577422;1183.4053;-7120.9346;-5937.5293;-3722.2056;0.0;0.0;1838.2656
1815.05;0.5750136;-0.24754895;1182.5042;-7122.211;-5939.707;-3730.1904;0.0;0.0;1838.2656
1815.055;0.5747883;-0.24820241;1181.6372;-7122.552;-5940.9146;-3732.0603;0.0;0.0;1838.2656
1815.06;0.5745931;-0.24780472;1180.9237;-7122.149;-5941.225;-3728.44;0.0;0.0;1838.2656
1815.065;0.57444686;-0.24673313;1180.4078;-7121.3;-5940.892;-3721.4988;0.0;0.0;1838.2656
1815.07;0.5743495;-0.24527182;1180.0875;-7120.447;-5940.3594;-3712.7993;0.0;0.0;1838.2656
1815.075;0.5742995;-0.24349563;1179.9504;-7119.2964;-5939.3457;-3702.7297;0.0;0.0;1838.2656
1815.08;0.5742913;-0.24157949;1179.98;-7117.926;-5937.946;-3692.2217;0.0;0.0;1838.2656
1815.085;0.57432276;-0.24012838;1180.1609;-7117.092;-5936.9307;-3684.581;0.0;0.0;1838.2656
1815.09;0.5743878;-0.23899965;1180.4763;-7116.578;-5936.1016;-3678.987;0.0;0.0;1838.2656
1815.095;0.5744839;-0.23850405;1180.9128;-7116.619;-5935.706;-3677.1272;0.0;0.0;1838.2656
1815.1;0.5746057;-0.23842782;1181.4248;-7116.8237;-5935.399;-3677.7305;0.0;0.0;1838.2656
1815.105;0.574735;-0.23916864;1181.9406;-7117.8364;-5935.896;-3682.8477;0.0;0.0;1838.2656
1815.11;0.5748527;-0.2402286;1182.3606;-7118.9233;-5936.5625;-3689.533;0.0;0.0;1838.2656
1815.115;0.5749286;-0.24164397;1182.5586;-7120.2754;-5937.717;-3697.7346;0.0;0.0;1838.2656
1815.12;0.57493347;-0.24277802;1182.4429;-7121.2207;-5938.778;-3703.757;0.0;0.0;1838.2656
1815.125;0.57485646;-0.24355315;1182.0089;-7122.05;-5940.041;-3707.164;0.0;0.0;1838.2656
1815.13;0.5747122;-0.24351074;1181.3617;-7122.1807;-5940.819;-3705.6357;0.0;0.0;1838.2656
1815.135;0.57453996;-0.24263999;1180.6625;-7121.998;-5941.3354;-3699.435;0.0;0.0;1838.2656
1815.14;0.57437795;-0.24064058;1180.0466;-7120.8438;-5940.797;-3687.1772;0.0;0.0;1838.2656
1815.145;0.5742502;-0.23778546;1179.5732;-7119.0244;-5939.451;-3670.4849;0.0;0.0;1838.2656
1815.15;0.5741578;-0.23475012;1179.238;-7117.5205;-5938.282;-3653.0754;0.0;0.0;1838.2656
1815.155;0.57409716;-0.23096718;1179.0411;-7115.3154;-5936.2744;-3631.8193;0.0;0.0;1838.2656
1815.16;0.57407355;-0.2268319;1179.0145;-7112.716;-5933.701;-3608.961;0.0;0.0;1838.2656
1815.165;0.57409793;-0.22291957;1179.1991;-7110.6074;-5931.408;-3587.7544;0.0;0.0;1838.2656
1815.17;0.5741777;-0.21971713;1179.6143;-7109.409;-5929.795;-3570.9238;0.0;0.0;1838.2656
1815.175;0.57431;-0.21689628;1180.2095;-7108.3965;-5928.187;-3556.5579;0.0;0.0;1838.2656
1815.18;0.57447034;-0.21492891;1180.877;-7108.3223;-5927.4453;-3547.0432;0.0;0.0;1838.2656
1815.185;0.57462895;-0.21375321;1181.4767;-7108.916;-5927.4395;-3541.7588;0.0;0.0;1838.2656
1815.19;0.5747486;-0.21316715;1181.8827;-7109.9883;-5928.1055;-3539.3389;0.0;0.0;1838.2656
1815.195;0.5748087;-0.21251401;1182.0303;-7110.698;-5928.668;-3536.0322;0.0;0.0;1838.2656
1815.2;0.5748016;-0.2119542;1181.9067;-7111.531;-5929.624;-3532.6978;0.0;0.0;1838.2656
1815.205;0.5747317;-0.2108494;1181.54;-7111.635;-5930.0947;-3525.8718;0.0;0.0;1838.2656
1815.21;0.5746108;-0.20934217;1181.0067;-7111.5967;-5930.59;-3516.493;0.0;0.0;1838.2656
1815.215;0.5744662;-0.20729579;1180.417;-7111.2666;-5930.8496;-3504.028;0.0;0.0;1838.2656
1815.22;0.5743258;-0.20451483;1179.8915;-7110.1;-5930.2085;-3487.6406;0.0;0.0;1838.2656
1815.225;0.57421935;-0.20143363;1179.5472;-7108.707;-5929.1597;-3469.96;0.0;0.0;1838.2656
1815.23;0.5741712;-0.19801243;1179.4595;-7106.824;-5927.3647;-3450.9172;0.0;0.0;1838.2656
1815.235;0.5741892;-0.19498242;1179.6187;-7105.4307;-5925.812;-3434.526;0.0;0.0;1838.2656
1815.24;0.57425684;-0.19227596;1179.947;-7104.0215;-5924.074;-3420.2568;0.0;0.0;1838.2656
1815.245;0.5743508;-0.19030043;1180.3536;-7103.1475;-5922.794;-3410.1755;0.0;0.0;1838.2656
1815.25;0.574451;-0.18895179;1180.7651;-7102.603;-5921.838;-3403.561;0.0;0.0;1838.2656
1815.255;0.5745433;-0.18829617;1181.1204;-7102.5186;-5921.3984;-3400.6558;0.0;0.0;1838.2656
1815.26;0.5746132;-0.18827128;1181.398;-7102.909;-5921.511;-3401.0737;0.0;0.0;1838.2656
1815.265;0.57466555;-0.18873858;1181.5908;-7103.662;-5922.0713;-3404.0366;0.0;0.0;1838.2656
1815.27;0.5746928;-0.18907478;1181.687;-7103.8105;-5922.1235;-3406.083;0.0;0.0;1838.2656
1815.275;0.5746979;-0.18988971;1181.6935;-7104.683;-5922.9897;-3410.59;0.0;0.0;1838.2656
1815.28;0.574682;-0.19065714;1181.6144;-7105.18;-5923.566;-3414.664;0.0;0.0;1838.2656
1815.285;0.5746473;-0.19131772;1181.4692;-7105.6045;-5924.1353;-3418.0168;0.0;0.0;1838.2656
1815.29;0.5746025;-0.19175637;1181.3081;-7105.7173;-5924.409;-3420.1135;0.0;0.0;1838.2656
1815.295;0.57456434;-0.19220509;1181.2017;-7105.963;-5924.761;-3422.3752;0.0;0.0;1838.2656
1815.3;0.5745507;-0.19258125;1181.2153;-7105.9673;-5924.752;-3424.477;0.0;0.0;1838.2656
1815.305;0.57457346;-0.19319423;1181.3877;-7106.1953;-5924.8076;-3428.2024;0.0;0.0;1838.2656
1815.31;0.5746378;-0.19422583;1181.7136;-7106.866;-5925.1523;-3434.5432;0.0;0.0;1838.2656
1815.315;0.57473284;-0.19586243;1182.1448;-7108.004;-5925.8594;-3444.431;0.0;0.0;1838.2656
1815.32;0.5748439;-0.19802642;1182.5972;-7109.55;-5926.9526;-3457.2698;0.0;0.0;1838.2656
1815.325;0.57494396;-0.20094708;1182.9575;-7111.8345;-5928.877;-3474.0974;0.0;0.0;1838.2656
1815.33;0.57500464;-0.20426124;1183.1234;-7114.4976;-5931.374;-3492.706;0.0;0.0;1838.2656
1815.335;0.5750067;-0.20723431;1183.0356;-7116.454;-5933.4185;-3508.9265;0.0;0.0;1838.2656
1815.34;0.5749451;-0.2100135;1182.7095;-7118.205;-5935.4956;-3523.6008;0.0;0.0;1838.2656
1815.345;0.5748359;-0.21211137;1182.2305;-7119.295;-5937.0645;-3534.2122;0.0;0.0;1838.2656
1815.35;0.57470703;-0.21369661;1181.7313;-7120.1123;-5938.381;-3541.956;0.0;0.0;1838.2656
1815.355;0.5745942;-0.21477121;1181.3374;-7120.4043;-5939.067;-3547.0945;0.0;0.0;1838.2656
1815.36;0.5745203;-0.21536602;1181.1074;-7120.3457;-5939.2383;-3549.9148;0.0;0.0;1838.2656
1815.365;0.5744888;-0.2160016;1181.0563;-7120.478;-5939.422;-3553.3176;0.0;0.0;1838.2656
1815.37;0.5745006;-0.21660565;1181.1672;-7120.4385;-5939.2715;-3556.8706;0.0;0.0;1838.2656
1815.375;0.5745466;-0.21749893;1181.4106;-7120.633;-5939.222;-3562.2837;0.0;0.0;1838.2656
1815.38;0.5746208;-0.21891834;1181.7532;-7121.3433;-5939.59;-3570.7966;0.0;0.0;1838.2656
1815.385;0.5747134;-0.22102927;1182.1687;-7122.753;-5940.584;-3583.269;0.0;0.0;1838.2656
1815.39;0.5748207;-0.22355948;1182.6277;-7124.2183;-5941.591;-3598.1404;0.0;0.0;1838.2656
1815.395;0.5749304;-0.22676282;1183.0701;-7126.3374;-5943.2676;-3616.691;0.0;0.0;1838.2656
1815.4;0.57502496;-0.23057228;1183.408;-7129.026;-5945.618;-3638.3752;0.0;0.0;1838.2656
1815.405;0.5750788;-0.2345647;1183.5499;-7131.709;-5948.159;-3660.6765;0.0;0.0;1838.2656
1815.41;0.5750752;-0.2384855;1183.4438;-7134.3726;-5950.9287;-3682.0867;0.0;0.0;1838.2656
1815.415;0.57500833;-0.24203764;1183.0786;-7136.7744;-5953.696;-3700.9456;0.0;0.0;1838.2656
1815.42;0.5748814;-0.2446393;1182.4915;-7138.328;-5955.837;-3714.119;0.0;0.0;1838.2656
1815.425;0.574711;-0.24632101;1181.7446;-7139.1025;-5957.358;-3721.8997;0.0;0.0;1838.2656
1815.43;0.5745111;-0.24688268;1180.9038;-7139.1904;-5958.2866;-3723.3154;0.0;0.0;1838.2656
1815.435;0.5743006;-0.24634166;1180.0496;-7138.5166;-5958.467;-3718.6233;0.0;0.0;1838.2656
1815.44;0.57409865;-0.24461888;1179.2605;-7136.8955;-5957.635;-3707.5444;0.0;0.0;1838.2656
1815.445;0.5739237;-0.24164638;1178.5896;-7134.3623;-5955.7725;-3689.8098;0.0;0.0;1838.2656
1815.45;0.5737829;-0.23792617;1178.0804;-7131.205;-5953.1245;-3668.2754;0.0;0.0;1838.2656
1815.455;0.5736876;-0.23384327;1177.7537;-7128.1846;-5950.4307;-3645.1055;0.0;0.0;1838.2656
1815.46;0.57363605;-0.22933467;1177.5997;-7124.701;-5947.1016;-3619.9336;0.0;0.0;1838.2656
1815.465;0.5736225;-0.22478065;1177.5886;-7121.217;-5943.628;-3594.7969;0.0;0.0;1838.2656
1815.47;0.5736381;-0.22044273;1177.6809;-7118.099;-5940.418;-3571.0586;0.0;0.0;1838.2656
1815.475;0.5736725;-0.21647233;1177.8418;-7115.311;-5937.469;-3549.4846;0.0;0.0;1838.2656
1815.48;0.57371956;-0.21253993;1178.0486;-7112.214;-5934.165;-3528.2117;0.0;0.0;1838.2656
1815.485;0.57377577;-0.20901126;1178.3048;-7109.413;-5931.1084;-3509.2642;0.0;0.0;1838.2656
1815.49;0.57384694;-0.20634924;1178.6318;-7107.4175;-5928.7856;-3495.2378;0.0;0.0;1838.2656
1815.495;0.573937;-0.20432645;1179.0286;-7105.8066;-5926.7783;-3484.876;0.0;0.0;1838.2656
1815.5;0.57404023;-0.20282528;1179.478;-7104.2695;-5924.7915;-3477.4963;0.0;0.0;1838.2656
1815.505;0.5741537;-0.20228924;1179.9495;-7103.496;-5923.547;-3475.483;0.0;0.0;1838.2656
1815.51;0.5742656;-0.20265661;1180.417;-7103.421;-5923.004;-3478.444;0.0;0.0;1838.2656
1815.515;0.5743758;-0.20357606;1180.8632;-7103.288;-5922.425;-3484.407;0.0;0.0;1838.2656
1815.52;0.57447624;-0.20513041;1181.2725;-7103.5703;-5922.298;-3493.7976;0.0;0.0;1838.2656
1815.525;0.5745676;-0.20754704;1181.6274;-7104.5586;-5922.931;-3507.8347;0.0;0.0;1838.2656
1815.53;0.57464;-0.2103831;1181.8912;-7105.5557;-5923.6646;-3524.0024;0.0;0.0;1838.2656
1815.535;0.57468545;-0.21346828;1182.0366;-7106.623;-5924.5864;-3541.3074;0.0;0.0;1838.2656
1815.54;0.5746984;-0.21689011;1182.0221;-7108.0786;-5926.0566;-3560.1492;0.0;0.0;1838.2656
1815.545;0.57466453;-0.21998909;1181.7954;-7109.0635;-5927.268;-3576.786;0.0;0.0;1838.2656
1815.55;0.5745743;-0.22267854;1181.3398;-7109.6885;-5928.3486;-3590.7065;0.0;0.0;1838.2656
1815.555;0.57443225;-0.22477165;1180.6936;-7109.9707;-5929.2773;-3600.9573;0.0;0.0;1838.2656
1815.56;0.5742557;-0.22567742;1179.9497;-7109.0527;-5929.103;-3604.4646;0.0;0.0;1838.2656
1815.565;0.5740746;-0.22557683;1179.2478;-7107.4346;-5928.1865;-3602.506;0.0;0.0;1838.2656
1815.57;0.5739267;-0.22448103;1178.7208;-7104.909;-5926.1885;-3595.409;0.0;0.0;1838.2656
1815.575;0.5738359;-0.22312893;1178.4471;-7102.567;-5924.1196;-3587.405;0.0;0.0;1838.2656
1815.58;0.5738114;-0.22138228;1178.4203;-7099.985;-5921.5645;-3577.7188;0.0;0.0;1838.2656
1815.585;0.57383764;-0.21945669;1178.5662;-7097.2827;-5918.717;-3567.3914;0.0;0.0;1838.2656
1815.59;0.5738934;-0.21791814;1178.8148;-7095.013;-5916.198;-3559.4038;0.0;0.0;1838.2656
1815.595;0.5739675;-0.21692954;1179.1417;-7093.584;-5914.4424;-3554.6057;0.0;0.0;1838.2656
1815.6;0.57406247;-0.21633612;1179.5857;-7092.3687;-5912.783;-3552.2212;0.0;0.0;1838.2656
1815.605;0.5741948;-0.2165413;1180.1982;-7092.0244;-5911.826;-3554.578;0.0;0.0;1838.2656
1815.61;0.5743717;-0.2176541;1181.0022;-7092.3447;-5911.343;-3562.3225;0.0;0.0;1838.2656
1815.615;0.5745931;-0.2199392;1181.9606;-7093.6323;-5911.672;-3576.8413;0.0;0.0;1838.2656
1815.62;0.574837;-0.22345461;1182.9557;-7095.9756;-5913.02;-3598.2183;0.0;0.0;1838.2656
1815.625;0.5750664;-0.22830755;1183.831;-7099.361;-5915.53;-3626.732;0.0;0.0;1838.2656
1815.63;0.5752431;-0.23384608;1184.4532;-7102.9766;-5918.5234;-3658.52;0.0;0.0;1838.2656
1815.635;0.5753441;-0.23998691;1184.7491;-7107.1636;-5922.4146;-3692.9773;0.0;0.0;1838.2656
1815.64;0.5753617;-0.24586049;1184.7261;-7110.7783;-5926.0522;-3725.3228;0.0;0.0;1838.2656
1815.645;0.5753106;-0.2516089;1184.4507;-7114.3535;-5929.903;-3756.4734;0.0;0.0;1838.2656
1815.65;0.575211;-0.2568218;1184.033;-7117.5093;-5933.4766;-3784.386;0.0;0.0;1838.2656
1815.655;0.5750964;-0.26146072;1183.5938;-7120.2646;-5936.671;-3809.0903;0.0;0.0;1838.2656
1815.66;0.5749921;-0.26563814;1183.2345;-7122.91;-5939.676;-3831.4094;0.0;0.0;1838.2656
1815.665;0.57491994;-0.26911914;1183.0195;-7124.9814;-5941.962;-3850.1765;0.0;0.0;1838.2656
1815.67;0.5748859;-0.27255702;1182.9436;-7127.3486;-5944.4053;-3868.984;0.0;0.0;1838.2656
1815.675;0.57487726;-0.27575338;1182.9208;-7129.62;-5946.699;-3886.5654;0.0;0.0;1838.2656
1815.68;0.57486373;-0.27847737;1182.8163;-7131.5044;-5948.688;-3901.3787;0.0;0.0;1838.2656
1815.685;0.57481;-0.28092778;1182.4978;-7133.4463;-5950.948;-3914.2551;0.0;0.0;1838.2656
1815.69;0.57469004;-0.28255752;1181.8962;-7134.8994;-5953.003;-3922.0398;0.0;0.0;1838.2656
1815.695;0.5745008;-0.2827123;1181.0055;-7134.8755;-5953.87;-3921.112;0.0;0.0;1838.2656
1815.7;0.57424563;-0.28149518;1179.8802;-7133.9575;-5954.077;-3912.1494;0.0;0.0;1838.2656
1815.705;0.5739512;-0.2785776;1178.6455;-7131.779;-5953.1333;-3893.5898;0.0;0.0;1838.2656
1815.71;0.5736524;-0.27406272;1177.4453;-7128.4297;-5950.9844;-3866.291;0.0;0.0;1838.2656
1815.715;0.5733837;-0.26802042;1176.4194;-7123.939;-5947.5195;-3830.917;0.0;0.0;1838.2656
1815.72;0.5731755;-0.26095226;1175.6586;-7118.839;-5943.18;-3790.416;0.0;0.0;1838.2656
1815.725;0.57303673;-0.25328672;1175.1593;-7113.4375;-5938.2783;-3747.1433;0.0;0.0;1838.2656
1815.73;0.5729512;-0.24510014;1174.8354;-7107.5005;-5932.665;-3701.3484;0.0;0.0;1838.2656
1815.735;0.5728919;-0.2366989;1174.5782;-7101.49;-5926.912;-3654.503;0.0;0.0;1838.2656
1815.74;0.57283574;-0.22812517;1174.3451;-7095.248;-5920.903;-3606.7542;0.0;0.0;1838.2656
1815.745;0.5727913;-0.21933012;1174.2058;-7088.368;-5914.162;-3557.9727;0.0;0.0;1838.2656
1815.75;0.57278776;-0.21112978;1174.3069;-7082.259;-5907.952;-3512.9517;0.0;0.0;1838.2656
1815.755;0.5728671;-0.20355894;1174.8098;-7076.5337;-5901.7236;-3472.2058;0.0;0.0;1838.2656
1815.76;0.5730619;-0.19733338;1175.7903;-7071.74;-5895.95;-3439.834;0.0;0.0;1838.2656
1815.765;0.57336915;-0.19287476;1177.1906;-7068.307;-5891.1167;-3418.0461;0.0;0.0;1838.2656
1815.77;0.5737587;-0.19063976;1178.864;-7066.4565;-5887.593;-3409.0676;0.0;0.0;1838.2656
1815.775;0.574185;-0.1909357;1180.5867;-7066.6016;-5886.0146;-3414.145;0.0;0.0;1838.2656
1815.78;0.5745853;-0.19325571;1182.14;-7068.021;-5885.881;-3430.046;0.0;0.0;1838.2656
1815.785;0.57491946;-0.19754316;1183.3748;-7070.954;-5887.579;-3456.16;0.0;0.0;1838.2656
1815.79;0.57515943;-0.20308067;1184.2137;-7074.4453;-5890.2314;-3488.3762;0.0;0.0;1838.2656
1815.795;0.5752991;-0.2093108;1184.6471;-7078.288;-5893.641;-3523.6008;0.0;0.0;1838.2656
1815.8;0.5753436;-0.21594363;1184.7135;-7082.4727;-5897.7593;-3560.3123;0.0;0.0;1838.2656
1815.805;0.57530814;-0.22235002;1184.4828;-7086.3506;-5901.8677;-3595.181;0.0;0.0;1838.2656
1815.81;0.5752127;-0.2283414;1184.0414;-7089.936;-5905.8945;-3627.339;0.0;0.0;1838.2656
1815.815;0.5750805;-0.23348773;1183.4933;-7092.6494;-5909.1562;-3654.624;0.0;0.0;1838.2656
1815.82;0.57493836;-0.23783363;1182.9421;-7094.9033;-5911.961;-3677.4885;0.0;0.0;1838.2656
1815.825;0.5748088;-0.24144931;1182.457;-7096.6787;-5914.2217;-3696.458;0.0;0.0;1838.2656
1815.83;0.57469976;-0.24440826;1182.058;-7098.0576;-5915.9995;-3711.9778;0.0;0.0;1838.2656
1815.835;0.5746101;-0.2466814;1181.7056;-7098.9727;-5917.267;-3723.809;0.0;0.0;1838.2656
1815.84;0.5745215;-0.24878745;1181.3295;-7100.129;-5918.7993;-3734.6711;0.0;0.0;1838.2656
1815.845;0.5744184;-0.24997255;1180.8809;-7100.501;-5919.62;-3740.3096;0.0;0.0;1838.2656
1815.85;0.5742956;-0.2506268;1180.3625;-7100.6147;-5920.252;-3742.881;0.0;0.0;1838.2656
1815.855;0.5741629;-0.25031948;1179.8291;-7099.9214;-5920.0923;-3740.1191;0.0;0.0;1838.2656
1815.86;0.57403845;-0.24921246;1179.3655;-7098.502;-5919.1367;-3733.0872;0.0;0.0;1838.2656
1815.865;0.5739454;-0.2476261;1179.0613;-7096.8486;-5917.787;-3723.7302;0.0;0.0;1838.2656
1815.87;0.5739018;-0.24573733;1178.9713;-7095.0537;-5916.0825;-3713.134;0.0;0.0;1838.2656
1815.875;0.573914;-0.24376999;1179.1027;-7093.1816;-5914.079;-3702.5474;0.0;0.0;1838.2656
1815.88;0.5739752;-0.24239175;1179.4138;-7092.132;-5912.718;-3695.5688;0.0;0.0;1838.2656
1815.885;0.57407;-0.24140435;1179.8301;-7091.5234;-5911.6934;-3690.956;0.0;0.0;1838.2656
1815.89;0.5741767;-0.24109973;1180.27;-7091.542;-5911.272;-3690.156;0.0;0.0;1838.2656
1815.895;0.57427746;-0.24090989;1180.6566;-7091.458;-5910.8013;-3689.8823;0.0;0.0;1838.2656
1815.9;0.574353;-0.24139899;1180.9185;-7092.1147;-5911.1963;-3693.1033;0.0;0.0;1838.2656
1815.905;0.5743885;-0.24184537;1180.9944;-7092.6104;-5911.616;-3695.7168;0.0;0.0;1838.2656
1815.91;0.5743714;-0.24194343;1180.8549;-7092.5967;-5911.7417;-3695.9785;0.0;0.0;1838.2656
1815.915;0.5743039;-0.24191655;1180.529;-7092.562;-5912.033;-3695.1787;0.0;0.0;1838.2656
1815.92;0.57420194;-0.24136871;1180.1189;-7092.1377;-5912.0186;-3691.3372;0.0;0.0;1838.2656
1815.925;0.5741013;-0.24038787;1179.7544;-7091.497;-5911.7427;-3685.1992;0.0;0.0;1838.2656
1815.93;0.5740294;-0.23903614;1179.5564;-7090.6562;-5911.0996;-3677.3486;0.0;0.0;1838.2656
1815.935;0.5740152;-0.23766004;1179.5994;-7089.797;-5910.1973;-3669.8455;0.0;0.0;1838.2656
1815.94;0.5740611;-0.23641135;1179.8806;-7089.0894;-5909.209;-3663.5217;0.0;0.0;1838.2656
1815.945;0.5741599;-0.23574905;1180.3379;-7088.8823;-5908.5444;-3660.784;0.0;0.0;1838.2656
1815.95;0.5742849;-0.23574986;1180.8474;-7089.33;-5908.4824;-3661.8074;0.0;0.0;1838.2656
1815.955;0.5744037;-0.23627907;1181.2992;-7090.1035;-5908.804;-3665.6294;0.0;0.0;1838.2656
1815.96;0.57449716;-0.23736696;1181.6372;-7091.283;-5909.646;-3672.305;0.0;0.0;1838.2656
1815.965;0.5745613;-0.23851298;1181.8848;-7092.2744;-5910.3896;-3679.12;0.0;0.0;1838.2656
1815.97;0.5746135;-0.24031425;1182.1094;-7094.035;-5911.926;-3689.503;0.0;0.0;1838.2656
1815.975;0.5746694;-0.24235255;1182.3704;-7095.8057;-5913.4355;-3701.2659;0.0;0.0;1838.2656
1815.98;0.5747394;-0.24490029;1182.6821;-7098.21;-5915.528;-3715.9395;0.0;0.0;1838.2656
1815.985;0.574817;-0.24755245;1182.9899;-7100.4375;-5917.4478;-3731.1812;0.0;0.0;1838.2656
1815.99;0.5748793;-0.25019857;1183.1921;-7102.378;-5919.1855;-3746.1785;0.0;0.0;1838.2656
1815.995;0.57489973;-0.25317243;1183.1897;-7104.9463;-5921.757;-3762.574;0.0;0.0;1838.2656
1816.0;0.57485986;-0.25605756;1182.936;-7107.5845;-5924.6484;-3777.9775;0.0;0.0;1838.2656
1816.005;0.57475936;-0.25820068;1182.4546;-7109.4814;-5927.027;-3788.8335;0.0;0.0;1838.2656
1816.01;0.5746137;-0.25959498;1181.831;-7111.033;-5929.202;-3795.2756;0.0;0.0;1838.2656
1816.015;0.57445;-0.25982916;1181.1736;-7111.496;-5930.3223;-3795.2522;0.0;0.0;1838.2656
1816.02;0.57429194;-0.25916585;1180.5514;-7111.471;-5930.92;-3790.3499;0.0;0.0;1838.2656
1816.025;0.5741469;-0.25749534;1179.9729;-7110.636;-5930.663;-3779.9802;0.0;0.0;1838.2656
1816.03;0.5740101;-0.25522527;1179.4028;-7109.768;-5930.365;-3766.3213;0.0;0.0;1838.2656
1816.035;0.5738695;-0.25212693;1178.8207;-7108.383;-5929.562;-3748.07;0.0;0.0;1838.2656
1816.04;0.57372886;-0.2481098;1178.2559;-7106.4004;-5928.1445;-3724.7869;0.0;0.0;1838.2656
1816.045;0.5736018;-0.2429753;1177.765;-7103.159;-5925.394;-3695.4895;0.0;0.0;1838.2656
1816.05;0.5735027;-0.23773398;1177.4338;-7100.3745;-5922.9404;-3665.9224;0.0;0.0;1838.2656
1816.055;0.57345796;-0.23205099;1177.3495;-7097.1816;-5919.832;-3634.413;0.0;0.0;1838.2656
1816.06;0.5734809;-0.22658989;1177.5425;-7094.2935;-5916.751;-3604.6821;0.0;0.0;1838.2656
1816.065;0.573569;-0.22155976;1177.981;-7091.799;-5913.818;-3577.819;0.0;0.0;1838.2656
1816.07;0.573707;-0.21728268;1178.581;-7089.778;-5911.197;-3555.432;0.0;0.0;1838.2656
1816.075;0.5738673;-0.21397188;1179.239;-7088.6;-5909.3613;-3538.4895;0.0;0.0;1838.2656
1816.08;0.5740276;-0.21179225;1179.8682;-7088.284;-5908.416;-3527.7275;0.0;0.0;1838.2656
1816.085;0.57417005;-0.21025471;1180.406;-7088.036;-5907.63;-3520.324;0.0;0.0;1838.2656
1816.09;0.5742845;-0.20983385;1180.8333;-7088.7764;-5907.9434;-3518.8577;0.0;0.0;1838.2656
1816.095;0.574374;-0.20971812;1181.1698;-7089.2256;-5908.0557;-3518.8926;0.0;0.0;1838.2656
1816.1;0.57444614;-0.2103497;1181.4541;-7090.224;-5908.77;-3522.944;0.0;0.0;1838.2656
1816.105;0.5745125;-0.21174294;1181.7148;-7091.909;-5910.1943;-3531.149;0.0;0.0;1838.2656
1816.11;0.5745731;-0.21358854;1181.9584;-7093.6035;-5911.645;-3541.8142;0.0;0.0;1838.2656
1816.115;0.5746292;-0.2155961;1182.1611;-7095.087;-5912.926;-3553.291;0.0;0.0;1838.2656
1816.12;0.5746664;-0.21824735;1182.2661;-7097.2734;-5915.0073;-3568.122;0.0;0.0;1838.2656
1816.125;0.57467127;-0.22088802;1182.2129;-7099.1973;-5916.9844;-3582.5784;0.0;0.0;1838.2656
1816.13;0.5746299;-0.22346924;1181.9819;-7100.867;-5918.8853;-3596.3513;0.0;0.0;1838.2656
1816.135;0.57454884;-0.22569199;1181.6052;-7102.13;-5920.5244;-3607.856;0.0;0.0;1838.2656
1816.14;0.5744401;-0.22751662;1181.1473;-7103.111;-5921.9634;-3617.0027;0.0;0.0;1838.2656
1816.145;0.5743235;-0.22885703;1180.6904;-7103.6523;-5922.962;-3623.481;0.0;0.0;1838.2656
1816.15;0.5742198;-0.23002172;1180.3215;-7104.3486;-5924.0273;-3629.166;0.0;0.0;1838.2656
1816.155;0.5741494;-0.23048906;1180.117;-7104.0625;-5923.9453;-3631.3342;0.0;0.0;1838.2656
1816.16;0.5741276;-0.23089145;1180.1221;-7103.765;-5923.643;-3633.5637;0.0;0.0;1838.2656
1816.165;0.5741572;-0.23158239;1180.3154;-7103.779;-5923.4634;-3637.7607;0.0;0.0;1838.2656
1816.17;0.5742196;-0.23258658;1180.5852;-7104.0933;-5923.508;-3643.8381;0.0;0.0;1838.2656
1816.175;0.57427627;-0.23383492;1180.7667;-7104.588;-5923.8213;-3651.0854;0.0;0.0;1838.2656
1816.18;0.57428783;-0.23530096;1180.7229;-7105.45;-5924.7275;-3659.0828;0.0;0.0;1838.2656
1816.185;0.57423216;-0.2362698;1180.4098;-7105.6597;-5925.25;-3663.7996;0.0;0.0;1838.2656
1816.19;0.5741153;-0.23645626;1179.8823;-7105.064;-5925.1816;-3663.773;0.0;0.0;1838.2656
1816.195;0.57396203;-0.2357615;1179.256;-7103.7;-5924.4443;-3658.6887;0.0;0.0;1838.2656
1816.2;0.5738058;-0.23430471;1178.6807;-7101.864;-5923.183;-3649.5042;0.0;0.0;1838.2656
1816.205;0.5736853;-0.23240145;1178.2911;-7099.918;-5921.627;-3638.229;0.0;0.0;1838.2656
1816.21;0.57362396;-0.23012704;1178.1516;-7097.8555;-5919.704;-3625.4072;0.0;0.0;1838.2656
1816.215;0.5736264;-0.2279386;1178.2498;-7095.9473;-5917.6973;-3613.5347;0.0;0.0;1838.2656
1816.22;0.57367766;-0.22590631;1178.4958;-7094.4077;-5915.912;-3602.819;0.0;0.0;1838.2656
1816.225;0.5737485;-0.22395092;1178.7822;-7092.7666;-5913.9844;-3592.6082;0.0;0.0;1838.2656
1816.23;0.573816;-0.2220905;1179.0195;-7090.985;-5911.9653;-3582.823;0.0;0.0;1838.2656
1816.235;0.5738607;-0.22044347;1179.1409;-7089.656;-5910.5146;-3573.9827;0.0;0.0;1838.2656
1816.24;0.57387245;-0.21896482;1179.1248;-7088.6377;-5909.5127;-3565.796;0.0;0.0;1838.2656
1816.245;0.5738523;-0.2170582;1178.987;-7087.1113;-5908.124;-3555.006;0.0;0.0;1838.2656
1816.25;0.57380736;-0.21482651;1178.7537;-7085.392;-5906.6387;-3542.232;0.0;0.0;1838.2656
1816.255;0.5737424;-0.21214268;1178.4346;-7083.373;-5904.9385;-3526.793;0.0;0.0;1838.2656
1816.26;0.57365733;-0.20906292;1178.0261;-7081.2183;-5903.1924;-3508.9917;0.0;0.0;1838.2656
1816.265;0.57355124;-0.2052952;1177.5498;-7078.6055;-5901.0557;-3487.261;0.0;0.0;1838.2656
1816.27;0.5734377;-0.20065443;1177.0786;-7075.151;-5898.0723;-3460.7256;0.0;0.0;1838.2656
1816.275;0.57334024;-0.19565207;1176.7117;-7071.7266;-5895.0146;-3432.4048;0.0;0.0;1838.2656
1816.28;0.57328284;-0.1900803;1176.5408;-7067.7734;-5891.2324;-3401.336;0.0;0.0;1838.2656
1816.285;0.5732838;-0.18473217;1176.6409;-7064.143;-5887.502;-3372.0422;0.0;0.0;1838.2656
1816.29;0.5733579;-0.17983322;1177.0424;-7061.2256;-5884.183;-3345.8284;0.0;0.0;1838.2656
1816.295;0.5735024;-0.17556977;1177.7224;-7058.758;-5881.035;-3323.6765;0.0;0.0;1838.2656
1816.3;0.5737036;-0.17209806;1178.5934;-7056.745;-5878.152;-3306.2727;0.0;0.0;1838.2656
1816.305;0.5739278;-0.16990997;1179.503;-7055.9365;-5876.4336;-3296.0251;0.0;0.0;1838.2656
1816.31;0.57413423;-0.16869763;1180.2815;-7055.8887;-5875.6074;-3290.8962;0.0;0.0;1838.2656
1816.315;0.5742846;-0.16856864;1180.8037;-7056.792;-5875.9883;-3291.2292;0.0;0.0;1838.2656
1816.32;0.5743613;-0.16873883;1181.0248;-7057.829;-5876.804;-3292.6099;0.0;0.0;1838.2656
1816.325;0.5743657;-0.16934381;1180.9645;-7059.3115;-5878.347;-3295.8257;0.0;0.0;1838.2656
1816.33;0.5743108;-0.16930282;1180.7205;-7059.833;-5879.1123;-3295.1116;0.0;0.0;1838.2656
1816.335;0.5742354;-0.16889773;1180.4485;-7059.8438;-5879.3955;-3292.3337;0.0;0.0;1838.2656
1816.34;0.5741764;-0.16859306;1180.295;-7060.0776;-5879.7827;-3290.3467;0.0;0.0;1838.2656
1816.345;0.5741656;-0.16836314;1180.363;-7060.504;-5880.1406;-3289.2146;0.0;0.0;1838.2656
1816.35;0.57421714;-0.16833557;1180.6843;-7060.659;-5879.9746;-3289.705;0.0;0.0;1838.2656
1816.355;0.5743274;-0.1691355;1181.2021;-7061.6553;-5880.453;-3295.152;0.0;0.0;1838.2656
1816.36;0.5744697;-0.17070138;1181.8125;-7063.131;-5881.3184;-3305.0085;0.0;0.0;1838.2656
1816.365;0.57461816;-0.17330165;1182.4127;-7065.4736;-5883.061;-3320.5488;0.0;0.0;1838.2656
1816.37;0.5747495;-0.1765416;1182.8945;-7068.1157;-5885.221;-3339.3801;0.0;0.0;1838.2656
1816.375;0.57483506;-0.18055029;1183.1704;-7071.3853;-5888.215;-3362.039;0.0;0.0;1838.2656
1816.38;0.574863;-0.1846105;1183.198;-7074.516;-5891.3184;-3384.4854;0.0;0.0;1838.2656
1816.385;0.57482827;-0.18836354;1182.9766;-7077.1826;-5894.206;-3404.7397;0.0;0.0;1838.2656
1816.39;0.5747386;-0.19182533;1182.5728;-7079.567;-5896.994;-3423.0232;0.0;0.0;1838.2656
1816.395;0.57462066;-0.19475551;1182.0859;-7081.579;-5899.493;-3438.209;0.0;0.0;1838.2656
1816.4;0.57449704;-0.19720209;1181.6149;-7083.286;-5901.6714;-3450.7593;0.0;0.0;1838.2656
1816.405;0.57439196;-0.19900984;1181.2368;-7084.451;-5903.2144;-3459.9724;0.0;0.0;1838.2656
1816.41;0.5743151;-0.20033781;1180.9736;-7085.2666;-5904.293;-3466.7695;0.0;0.0;1838.2656
1816.415;0.5742651;-0.20158717;1180.7942;-7086.135;-5905.341;-3473.3005;0.0;0.0;1838.2656
1816.42;0.5742272;-0.20256;1180.6592;-7086.912;-5906.253;-3478.3955;0.0;0.0;1838.2656
1816.425;0.5741991;-0.20341629;1180.5634;-7087.5786;-5907.015;-3482.9263;0.0;0.0;1838.2656
1816.43;0.5741805;-0.20411119;1180.517;-7088.042;-5907.525;-3486.6658;0.0;0.0;1838.2656
1816.435;0.5741758;-0.20475699;1180.5042;-7088.537;-5908.033;-3490.2014;0.0;0.0;1838.2656
1816.44;0.5741705;-0.205286;1180.4607;-7088.755;-5908.294;-3493.032;0.0;0.0;1838.2656
1816.445;0.57414705;-0.20598419;1180.3146;-7089.3027;-5908.9883;-3496.59;0.0;0.0;1838.2656
1816.45;0.5740906;-0.20626602;1180.0299;-7089.324;-5909.2944;-3497.575;0.0;0.0;1838.2656
1816.455;0.5740041;-0.20584239;1179.6545;-7088.389;-5908.7344;-3494.488;0.0;0.0;1838.2656
1816.46;0.5739115;-0.20521297;1179.3047;-7087.4453;-5908.1406;-3490.3171;0.0;0.0;1838.2656
1816.465;0.5738468;-0.20436344;1179.1346;-7086.2188;-5907.084;-3485.2922;0.0;0.0;1838.2656
1816.47;0.57385063;-0.20384584;1179.3005;-7085.4414;-5906.1406;-3482.7695;0.0;0.0;1838.2656
1816.475;0.57395375;-0.20391187;1179.8982;-7085.201;-5905.3027;-3484.3289;0.0;0.0;1838.2656
1816.48;0.5741645;-0.20523722;1180.9119;-7085.977;-5905.0654;-3493.6653;0.0;0.0;1838.2656
1816.485;0.5744572;-0.2079486;1182.1729;-7087.889;-5905.7163;-3511.14;0.0;0.0;1838.2656
1816.49;0.5747693;-0.21225268;1183.4072;-7091.121;-5907.714;-3537.345;0.0;0.0;1838.2656
1816.495;0.5750306;-0.2178718;1184.3496;-7095.457;-5911.1074;-3570.218;0.0;0.0;1838.2656
1816.5;0.57518774;-0.2242286;1184.8196;-7100.3003;-5915.4805;-3606.2144;0.0;0.0;1838.2656
1816.505;0.5752138;-0.23043579;1184.7502;-7104.961;-5920.211;-3640.3071;0.0;0.0;1838.2656
1816.51;0.5751094;-0.23602445;1184.1682;-7109.245;-5925.077;-3669.9634;0.0;0.0;1838.2656
1816.515;0.5748914;-0.24027482;1183.1575;-7112.466;-5929.3086;-3691.3818;0.0;0.0;1838.2656
1816.52;0.57458717;-0.242655;1181.837;-7114.2393;-5932.4023;-3701.8672;0.0;0.0;1838.2656
1816.525;0.5742298;-0.24297017;1180.3647;-7114.492;-5934.1274;-3700.6606;0.0;0.0;1838.2656
1816.53;0.5738636;-0.24113671;1178.9053;-7113.1924;-5934.287;-3687.6306;0.0;0.0;1838.2656
1816.535;0.57352376;-0.23726591;1177.5945;-7110.339;-5932.744;-3663.6624;0.0;0.0;1838.2656
1816.54;0.5732384;-0.2319349;1176.5245;-7106.801;-5930.2764;-3632.123;0.0;0.0;1838.2656
1816.545;0.57302237;-0.22539555;1175.7389;-7102.418;-5926.679;-3594.4885;0.0;0.0;1838.2656
1816.55;0.5728785;-0.21822941;1175.252;-7098.0107;-5922.759;-3553.9949;0.0;0.0;1838.2656
1816.555;0.57281;-0.21039495;1175.0499;-7092.952;-5917.9023;-3510.3853;0.0;0.0;1838.2656
1816.56;0.5728057;-0.20258138;1175.1094;-7088.006;-5912.8965;-3467.4138;0.0;0.0;1838.2656
1816.565;0.57286423;-0.19509079;1175.4231;-7083.3066;-5907.884;-3426.7322;0.0;0.0;1838.2656
1816.57;0.57298154;-0.18845971;1175.9504;-7079.49;-5903.54;-3391.2178;0.0;0.0;1838.2656
1816.575;0.5731401;-0.18255055;1176.6334;-7076.0806;-5899.4473;-3359.996;0.0;0.0;1838.2656
1816.58;0.57332754;-0.17790648;1177.4027;-7073.6543;-5896.2515;-3335.9236;0.0;0.0;1838.2656
1816.585;0.5735205;-0.17421399;1178.1536;-7071.777;-5893.623;-3317.062;0.0;0.0;1838.2656
1816.59;0.57369226;-0.17155226;1178.7904;-7070.6714;-5891.881;-3303.6567;0.0;0.0;1838.2656
1816.595;0.5738249;-0.17001711;1179.2466;-7070.353;-5891.1064;-3296.103;0.0;0.0;1838.2656
1816.6;0.57390606;-0.16870219;1179.4895;-7069.76;-5890.2705;-3289.3374;0.0;0.0;1838.2656
1816.605;0.5739351;-0.16795357;1179.5347;-7069.707;-5890.1724;-3285.299;0.0;0.0;1838.2656
1816.61;0.5739236;-0.16698273;1179.4531;-7068.777;-5889.3237;-3279.782;0.0;0.0;1838.2656
1816.615;0.57389605;-0.16602895;1179.3477;-7067.7812;-5888.4336;-3274.3113;0.0;0.0;1838.2656
1816.62;0.57387924;-0.16563815;1179.3344;-7067.466;-5888.1313;-3272.1294;0.0;0.0;1838.2656
1816.625;0.57389975;-0.16536604;1179.4869;-7066.791;-5887.304;-3270.934;0.0;0.0;1838.2656
1816.63;0.57396275;-0.16559276;1179.8105;-7066.541;-5886.7305;-3272.8315;0.0;0.0;1838.2656
1816.635;0.5740641;-0.16667648;1180.2769;-7066.924;-5886.647;-3279.7407;0.0;0.0;1838.2656
1816.64;0.5741917;-0.16862218;1180.8339;-7067.9844;-5887.1504;-3291.5847;0.0;0.0;1838.2656
1816.645;0.5743329;-0.1715974;1181.422;-7069.7715;-5888.3496;-3309.169;0.0;0.0;1838.2656
1816.65;0.57447046;-0.17525889;1181.9731;-7072.0137;-5890.0405;-3330.4636;0.0;0.0;1838.2656
1816.655;0.5745879;-0.17948262;1182.3922;-7074.318;-5891.926;-3354.5947;0.0;0.0;1838.2656
1816.66;0.5746555;-0.18410785;1182.5867;-7076.873;-5894.286;-3380.4907;0.0;0.0;1838.2656
1816.665;0.5746608;-0.18866552;1182.5009;-7079.3374;-5896.8364;-3405.4536;0.0;0.0;1838.2656
1816.67;0.57459337;-0.19307958;1182.1349;-7081.579;-5899.4443;-3429.0645;0.0;0.0;1838.2656
1816.675;0.57446694;-0.19693857;1181.5609;-7083.551;-5901.9897;-3449.198;0.0;0.0;1838.2656
1816.68;0.5743056;-0.19978248;1180.8965;-7084.5664;-5903.67;-3463.5527;0.0;0.0;1838.2656
1816.685;0.57414275;-0.20191139;1180.2644;-7085.12;-5904.8555;-3474.029;0.0;0.0;1838.2656
1816.69;0.57400393;-0.2030854;1179.7861;-7084.717;-5904.9307;-3479.5469;0.0;0.0;1838.2656
1816.695;0.573921;-0.20393384;1179.5466;-7084.3823;-5904.836;-3483.7468;0.0;0.0;1838.2656
1816.7;0.5739004;-0.20482552;1179.5789;-7084.339;-5904.76;-3488.7288;0.0;0.0;1838.2656
1816.705;0.57394826;-0.2059158;1179.8737;-7084.5684;-5904.695;-3495.331;0.0;0.0;1838.2656
1816.71;0.57405084;-0.20735674;1180.3594;-7085.0146;-5904.6553;-3504.249;0.0;0.0;1838.2656
1816.715;0.5741851;-0.20942883;1180.9382;-7086.0312;-5905.093;-3516.834;0.0;0.0;1838.2656
1816.72;0.5743265;-0.2122387;1181.5067;-7087.648;-5906.141;-3533.4668;0.0;0.0;1838.2656
1816.725;0.57445043;-0.21542282;1181.9877;-7089.4746;-5907.487;-3551.9885;0.0;0.0;1838.2656
1816.73;0.5745466;-0.21931629;1182.3351;-7092.039;-5909.704;-3574.155;0.0;0.0;1838.2656
1816.735;0.5746043;-0.2235348;1182.5261;-7094.901;-5912.375;-3597.8013;0.0;0.0;1838.2656
1816.74;0.5746253;-0.2275852;1182.5791;-7097.462;-5914.883;-3620.2444;0.0;0.0;1838.2656
1816.745;0.5746181;-0.2318264;1182.5358;-7100.34;-5917.804;-3643.5469;0.0;0.0;1838.2656
1816.75;0.57459533;-0.23594123;1182.4548;-7103.1377;-5920.6826;-3666.0776;0.0;0.0;1838.2656
1816.755;0.57457244;-0.23970768;1182.3875;-7105.569;-5923.1816;-3686.714;0.0;0.0;1838.2656
1816.76;0.57455724;-0.24349004;1182.338;-7108.1987;-5925.861;-3707.474;0.0;0.0;1838.2656
1816.765;0.57454133;-0.24703552;1182.2639;-7110.4297;-5928.166;-3726.8787;0.0;0.0;1838.2656
1816.77;0.5745108;-0.2503716;1182.107;-7112.583;-5930.476;-3744.9626;0.0;0.0;1838.2656
1816.775;0.5744521;-0.25316694;1181.8037;-7114.158;-5932.3545;-3759.7717;0.0;0.0;1838.2656
1816.78;0.57434845;-0.25560027;1181.2913;-7115.7056;-5934.414;-3772.166;0.0;0.0;1838.2656
1816.785;0.5741885;-0.25713688;1180.5415;-7116.539;-5935.9976;-3779.1406;0.0;0.0;1838.2656
1816.79;0.57397205;-0.2574869;1179.5659;-7116.4414;-5936.8755;-3779.1199;0.0;0.0;1838.2656
1816.795;0.5737079;-0.25643617;1178.4299;-7115.208;-5936.7783;-3771.0532;0.0;0.0;1838.2656
1816.8;0.57342154;-0.2537377;1177.2537;-7112.5312;-5935.2773;-3753.819;0.0;0.0;1838.2656
1816.805;0.57314706;-0.24958254;1176.1814;-7108.7256;-5932.544;-3728.7598;0.0;0.0;1838.2656
1816.81;0.5729197;-0.24426779;1175.3574;-7104.1323;-5928.775;-3697.802;0.0;0.0;1838.2656
1816.815;0.57277125;-0.2381336;1174.8691;-7098.9395;-5924.0703;-3662.9968;0.0;0.0;1838.2656
1816.82;0.57270825;-0.23187631;1174.7239;-7093.9126;-5919.1885;-3628.1985;0.0;0.0;1838.2656
1816.825;0.5727241;-0.22554381;1174.8901;-7088.903;-5914.0127;-3593.6086;0.0;0.0;1838.2656
1816.83;0.57280916;-0.2195341;1175.3167;-7084.2305;-5908.914;-3561.3193;0.0;0.0;1838.2656
1816.835;0.5729474;-0.21414492;1175.9453;-7080.0444;-5904.099;-3532.8562;0.0;0.0;1838.2656
1816.84;0.5731256;-0.20965931;1176.719;-7076.743;-5900.0244;-3509.6665;0.0;0.0;1838.2656
1816.845;0.57332647;-0.20616089;1177.5334;-7074.468;-5896.9346;-3492.0024;0.0;0.0;1838.2656
1816.85;0.57351434;-0.20333971;1178.2224;-7072.7236;-5894.501;-3477.822;0.0;0.0;1838.2656
1816.855;0.5736441;-0.20108368;1178.6185;-7071.446;-5892.827;-3466.1726;0.0;0.0;1838.2656
1816.86;0.5736841;-0.19897781;1178.6526;-7070.3447;-5891.6924;-3454.6274;0.0;0.0;1838.2656
1816.865;0.57363987;-0.19657356;1178.3824;-7069.0474;-5890.665;-3440.8281;0.0;0.0;1838.2656
1816.87;0.57354134;-0.19354342;1177.9678;-7067.3076;-5889.34;-3423.288;0.0;0.0;1838.2656
1816.875;0.57343847;-0.18994866;1177.6138;-7065.131;-5887.517;-3402.7559;0.0;0.0;1838.2656
1816.88;0.57337844;-0.18608688;1177.479;-7062.7456;-5885.2666;-3381.1895;0.0;0.0;1838.2656
1816.885;0.5733866;-0.18210477;1177.6299;-7060.2935;-5882.6636;-3359.5305;0.0;0.0;1838.2656
1816.89;0.573465;-0.17879395;1178.0391;-7058.755;-5880.716;-3342.0906;0.0;0.0;1838.2656
1816.895;0.5735955;-0.1760517;1178.6328;-7057.472;-5878.8394;-3328.155;0.0;0.0;1838.2656
1816.9;0.5737579;-0.17418784;1179.314;-7056.872;-5877.558;-3319.2385;0.0;0.0;1838.2656
1816.905;0.57392466;-0.17344536;1179.9755;-7057.3003;-5877.3247;-3316.4668;0.0;0.0;1838.2656
1816.91;0.574072;-0.17341784;1180.5347;-7057.978;-5877.4434;-3317.4336;0.0;0.0;1838.2656
1816.915;0.57418585;-0.17402263;1180.956;-7058.911;-5877.955;-3321.6116;0.0;0.0;1838.2656
1816.92;0.5742661;-0.17544861;1181.259;-7060.761;-5879.502;-3330.0815;0.0;0.0;1838.2656
1816.925;0.57432497;-0.17734922;1181.5027;-7062.6455;-5881.1426;-3341.0503;0.0;0.0;1838.2656
1816.93;0.57437855;-0.17961629;1181.7517;-7064.703;-5882.951;-3354.0508;0.0;0.0;1838.2656
1816.935;0.5744412;-0.1822996;1182.0469;-7067.1167;-5885.07;-3369.439;0.0;0.0;1838.2656
1816.94;0.5745158;-0.18558885;1182.3677;-7069.8057;-5887.438;-3388.2202;0.0;0.0;1838.2656
1816.945;0.57458675;-0.18919316;1182.6418;-7072.746;-5890.1045;-3408.6455;0.0;0.0;1838.2656
1816.95;0.5746339;-0.19330995;1182.7749;-7076.2954;-5893.5205;-3431.615;0.0;0.0;1838.2656
1816.955;0.57463133;-0.19717254;1182.6724;-7079.412;-5896.7397;-3452.7112;0.0;0.0;1838.2656
1816.96;0.5745611;-0.20055285;1182.2605;-7082.05;-5899.789;-3470.5293;0.0;0.0;1838.2656
1816.965;0.5744083;-0.20289584;1181.5028;-7083.6777;-5902.175;-3481.9348;0.0;0.0;1838.2656
1816.97;0.57417345;-0.20390102;1180.4287;-7084.13;-5903.701;-3485.33;0.0;0.0;1838.2656
1816.975;0.5738747;-0.20347464;1179.144;-7083.631;-5904.487;-3480.4094;0.0;0.0;1838.2656
1816.98;0.5735492;-0.20133393;1177.8291;-7081.6846;-5903.8555;-3465.9739;0.0;0.0;1838.2656
1816.985;0.57324886;-0.19770516;1176.7002;-7078.67;-5901.9697;-3443.704;0.0;0.0;1838.2656
1816.99;0.5730267;-0.1930204;1175.9592;-7074.9404;-5898.9814;-3416.3867;0.0;0.0;1838.2656
1816.995;0.5729229;-0.1880767;1175.7524;-7071.3076;-5895.555;-3388.7097;0.0;0.0;1838.2656
1817.0;0.572962;-0.18332005;1176.1138;-7067.834;-5891.72;-3363.2004;0.0;0.0;1838.2656
1817.005;0.57312757;-0.17963701;1176.9302;-7065.3535;-5888.4233;-3344.522;0.0;0.0;1838.2656
1817.01;0.5733747;-0.17718688;1177.9991;-7063.6455;-5885.6465;-3333.148;0.0;0.0;1838.2656
1817.015;0.573648;-0.17627929;1179.094;-7063.0938;-5884.0;-3330.3325;0.0;0.0;1838.2656
1817.02;0.57389534;-0.17685874;1180.0513;-7063.518;-5883.467;-3335.4426;0.0;0.0;1838.2656
1817.025;0.57409483;-0.17859207;1180.8015;-7064.6123;-5883.8105;-3346.502;0.0;0.0;1838.2656
1817.03;0.57424057;-0.18137343;1181.3755;-7066.351;-5884.9756;-3362.9885;0.0;0.0;1838.2656
1817.035;0.57435554;-0.1849678;1181.8488;-7068.5327;-5886.684;-3383.7573;0.0;0.0;1838.2656
1817.04;0.5744535;-0.18914147;1182.271;-7070.925;-5888.654;-3407.619;0.0;0.0;1838.2656
1817.045;0.57454246;-0.19430792;1182.6433;-7074.2456;-5891.6025;-3436.8555;0.0;0.0;1838.2656
1817.05;0.5746135;-0.19959189;1182.9196;-7077.298;-5894.3784;-3466.5479;0.0;0.0;1838.2656
1817.055;0.5746534;-0.20528115;1183.0583;-7080.626;-5897.5674;-3498.2004;0.0;0.0;1838.2656
1817.06;0.5746578;-0.21112625;1183.0486;-7084.127;-5901.078;-3530.4155;0.0;0.0;1838.2656
1817.065;0.57462585;-0.21678913;1182.8823;-7087.425;-5904.5425;-3561.3127;0.0;0.0;1838.2656
1817.07;0.5745544;-0.2221287;1182.542;-7090.484;-5907.942;-3590.0786;0.0;0.0;1838.2656
1817.075;0.5744374;-0.22671512;1181.98;-7092.992;-5911.012;-3614.2478;0.0;0.0;1838.2656
1817.08;0.5742597;-0.23022506;1181.1676;-7094.502;-5913.3345;-3631.9797;0.0;0.0;1838.2656
1817.085;0.57402635;-0.23233812;1180.1553;-7094.9204;-5914.765;-3641.608;0.0;0.0;1838.2656
1817.09;0.5737613;-0.23331799;1179.0598;-7094.7124;-5915.6523;-3644.8208;0.0;0.0;1838.2656
1817.095;0.57349974;-0.23293623;1178.0613;-7093.481;-5915.42;-3640.7185;0.0;0.0;1838.2656
1817.1;0.57329464;-0.23147771;1177.3566;-7091.4688;-5914.1123;-3631.2656;0.0;0.0;1838.2656
1817.105;0.573186;-0.22941807;1177.0979;-7089.0312;-5911.9336;-3619.39;0.0;0.0;1838.2656
1817.11;0.5732021;-0.22756672;1177.3599;-7086.9697;-5909.61;-3609.7039;0.0;0.0;1838.2656
1817.115;0.5733436;-0.22637618;1178.0872;-7085.4326;-5907.3457;-3604.593;0.0;0.0;1838.2656
1817.12;0.57357484;-0.22635981;1179.1055;-7084.8423;-5905.737;-3606.5393;0.0;0.0;1838.2656
1817.125;0.57384175;-0.22778192;1180.1588;-7085.3926;-5905.234;-3616.4885;0.0;0.0;1838.2656
1817.13;0.57407296;-0.2303442;1180.9634;-7086.7603;-5905.797;-3632.2283;0.0;0.0;1838.2656
1817.135;0.574207;-0.23350121;1181.3203;-7088.4453;-5907.125;-3650.3523;0.0;0.0;1838.2656
1817.14;0.57421577;-0.23700722;1181.1553;-7090.5713;-5909.416;-3669.3572;0.0;0.0;1838.2656
1817.145;0.5740996;-0.23962204;1180.5205;-7091.6465;-5911.126;-3682.5078;0.0;0.0;1838.2656
1817.15;0.5738896;-0.24117224;1179.5857;-7091.7373;-5912.1514;-3689.1873;0.0;0.0;1838.2656
1817.155;0.5736397;-0.24130078;1178.5503;-7090.7886;-5912.2383;-3687.8252;0.0;0.0;1838.2656
1817.16;0.57339466;-0.24012078;1177.6273;-7088.8794;-5911.252;-3679.472;0.0;0.0;1838.2656
1817.165;0.573211;-0.23803315;1177.0205;-7086.256;-5909.2354;-3666.7456;0.0;0.0;1838.2656
1817.17;0.5731266;-0.23549591;1176.8502;-7083.6743;-5906.824;-3652.4126;0.0;0.0;1838.2656
1817.175;0.57315713;-0.23308669;1177.1351;-7081.3555;-5904.22;-3639.696;0.0;0.0;1838.2656
1817.18;0.5732888;-0.23106915;1177.7964;-7079.4033;-5901.607;-3629.892;0.0;0.0;1838.2656
1817.185;0.5734926;-0.2303768;1178.6865;-7078.876;-5900.1895;-3627.8542;0.0;0.0;1838.2656
1817.19;0.5737245;-0.23053169;1179.6411;-7079.0103;-5899.369;-3630.6177;0.0;0.0;1838.2656
1817.195;0.5739506;-0.23162194;1180.5388;-7079.8105;-5899.2715;-3638.4255;0.0;0.0;1838.2656
1817.2;0.5741476;-0.2337323;1181.2949;-7081.514;-5900.219;-3651.576;0.0;0.0;1838.2656
1817.205;0.5742978;-0.236583;1181.8262;-7084.118;-5902.292;-3668.3596;0.0;0.0;1838.2656
1817.21;0.5743801;-0.23977275;1182.0607;-7086.878;-5904.8174;-3686.4194;0.0;0.0;1838.2656
1817.215;0.5743841;-0.24282922;1181.9795;-7089.507;-5907.5273;-3703.1128;0.0;0.0;1838.2656
1817.22;0.57431614;-0.2452991;1181.6401;-7091.731;-5910.091;-3716.055;0.0;0.0;1838.2656
1817.225;0.574202;-0.2470978;1181.1536;-7093.416;-5912.2627;-3725.0012;0.0;0.0;1838.2656
1817.23;0.5740697;-0.24811214;1180.632;-7094.509;-5913.877;-3729.552;0.0;0.0;1838.2656
1817.235;0.57394403;-0.24840933;1180.1544;-7095.169;-5915.0146;-3730.2358;0.0;0.0;1838.2656
1817.24;0.5738356;-0.24809782;1179.7485;-7095.4814;-5915.733;-3727.706;0.0;0.0;1838.2656
1817.245;0.5737448;-0.2472457;1179.3916;-7095.491;-5916.0996;-3722.293;0.0;0.0;1838.2656
1817.25;0.57365936;-0.2458679;1179.0502;-7095.0605;-5916.0103;-3714.012;0.0;0.0;1838.2656
1817.255;0.5735767;-0.24386011;1178.7302;-7094.226;-5915.496;-3702.2993;0.0;0.0;1838.2656
1817.26;0.5735032;-0.24172948;1178.4565;-7093.419;-5914.9624;-3690.002;0.0;0.0;1838.2656
1817.265;0.57344514;-0.23921938;1178.2559;-7092.425;-5914.169;-3675.758;0.0;0.0;1838.2656
1817.27;0.57340944;-0.236613;1178.1592;-7091.414;-5913.255;-3661.1912;0.0;0.0;1838.2656
1817.275;0.5734036;-0.2338433;1178.1893;-7090.1475;-5911.958;-3645.9768;0.0;0.0;1838.2656
1817.28;0.57342947;-0.23130625;1178.3342;-7089.183;-5910.8486;-3632.2754;0.0;0.0;1838.2656
1817.285;0.5734783;-0.22911207;1178.5533;-7088.511;-5909.958;-3620.6133;0.0;0.0;1838.2656
1817.29;0.57353747;-0.22719339;1178.7925;-7087.923;-5909.1304;-3610.5103;0.0;0.0;1838.2656
1817.295;0.5735925;-0.22535603;1178.9856;-7087.2544;-5908.2686;-3600.764;0.0;0.0;1838.2656
1817.3;0.57362574;-0.22387347;1179.0615;-7086.8447;-5907.783;-3592.7397;0.0;0.0;1838.2656
1817.305;0.57362235;-0.22235365;1178.9926;-7086.2695;-5907.277;-3584.2202;0.0;0.0;1838.2656
1817.31;0.5735874;-0.22105588;1178.8281;-7085.9287;-5907.1006;-3576.7346;0.0;0.0;1838.2656
1817.315;0.57354456;-0.21939789;1178.6968;-7085.1094;-5906.4126;-3567.3284;0.0;0.0;1838.2656
1817.32;0.5735332;-0.21787071;1178.74;-7084.387;-5905.6475;-3558.9927;0.0;0.0;1838.2656
1817.325;0.5735791;-0.21684904;1179.0275;-7084.1304;-5905.103;-3553.9333;0.0;0.0;1838.2656
1817.33;0.5736843;-0.2162015;1179.5332;-7083.865;-5904.332;-3551.3738;0.0;0.0;1838.2656
1817.335;0.5738294;-0.21647823;1180.1414;-7084.41;-5904.2686;-3554.1162;0.0;0.0;1838.2656
1817.34;0.5739761;-0.2176579;1180.7017;-7085.658;-5904.9565;-3561.7424;0.0;0.0;1838.2656
1817.345;0.574091;-0.21956493;1181.1047;-7087.411;-5906.3066;-3573.0654;0.0;0.0;1838.2656
1817.35;0.5741584;-0.22196923;1181.3152;-7089.3916;-5908.076;-3586.7456;0.0;0.0;1838.2656
1817.355;0.5741802;-0.22454914;1181.358;-7091.422;-5910.064;-3601.059;0.0;0.0;1838.2656
1817.36;0.5741682;-0.2270154;1181.2871;-7093.222;-5911.935;-3614.518;0.0;0.0;1838.2656
1817.365;0.57413715;-0.22947825;1181.1572;-7095.002;-5913.8447;-3627.8403;0.0;0.0;1838.2656
1817.37;0.5740968;-0.23182489;1180.986;-7096.747;-5915.761;-3640.4392;0.0;0.0;1838.2656
1817.375;0.57404375;-0.23394741;1180.746;-7098.504;-5917.758;-3651.6643;0.0;0.0;1838.2656
1817.38;0.5739686;-0.23556952;1180.4038;-7099.7744;-5919.3706;-3659.9258;0.0;0.0;1838.2656
1817.385;0.573865;-0.23633371;1179.9426;-7100.141;-5920.198;-3663.2178;0.0;0.0;1838.2656
1817.39;0.5737325;-0.2365463;1179.3634;-7100.3164;-5920.953;-3663.2314;0.0;0.0;1838.2656
1817.395;0.5735735;-0.23563509;1178.6937;-7099.4814;-5920.7876;-3656.8672;0.0;0.0;1838.2656
1817.4;0.5734002;-0.23359638;1177.9731;-7097.8066;-5919.8335;-3644.1829;0.0;0.0;1838.2656
1817.405;0.57322013;-0.23099001;1177.2473;-7096.049;-5918.802;-3628.3577;0.0;0.0;1838.2656
1817.41;0.573048;-0.22715117;1176.5676;-7093.2036;-5916.6357;-3605.828;0.0;0.0;1838.2656
1817.415;0.5728954;-0.22268951;1175.9934;-7090.1333;-5914.1396;-3580.0742;0.0;0.0;1838.2656
1817.42;0.57277936;-0.21753384;1175.5886;-7086.536;-5910.9473;-3550.8323;0.0;0.0;1838.2656
1817.425;0.5727141;-0.21214166;1175.4221;-7082.938;-5907.5156;-3520.7625;0.0;0.0;1838.2656
1817.43;0.572718;-0.20660964;1175.5486;-7079.0;-5903.451;-3490.5073;0.0;0.0;1838.2656
1817.435;0.57279694;-0.20139481;1175.9863;-7075.4043;-5899.418;-3462.624;0.0;0.0;1838.2656
1817.44;0.5729516;-0.19719192;1176.7155;-7072.6914;-5895.976;-3440.9043;0.0;0.0;1838.2656
1817.445;0.5731674;-0.19411772;1177.6608;-7070.9834;-5893.3228;-3425.8413;0.0;0.0;1838.2656
1817.45;0.57341874;-0.19237506;1178.6848;-7070.2246;-5891.54;-3418.279;0.0;0.0;1838.2656
1817.455;0.5736614;-0.19182171;1179.5995;-7070.464;-5890.8643;-3417.057;0.0;0.0;1838.2656
1817.46;0.57384896;-0.19222727;1180.2307;-7071.3213;-5891.091;-3420.556;0.0;0.0;1838.2656
1817.465;0.57394624;-0.19302125;1180.4567;-7072.319;-5891.8623;-3425.3865;0.0;0.0;1838.2656
1817.47;0.5739354;-0.19364099;1180.2568;-7073.004;-5892.747;-3428.4045;0.0;0.0;1838.2656
1817.475;0.5738308;-0.19412331;1179.7219;-7073.7417;-5894.0195;-3429.9946;0.0;0.0;1838.2656
1817.48;0.5736651;-0.19362982;1179.0107;-7073.733;-5894.722;-3425.8506;0.0;0.0;1838.2656
1817.485;0.5734848;-0.19202246;1178.2793;-7072.631;-5894.3516;-3415.5234;0.0;0.0;1838.2656
1817.49;0.57331705;-0.18964647;1177.6311;-7071.0703;-5893.4395;-3401.124;0.0;0.0;1838.2656
1817.495;0.57318217;-0.18666539;1177.1381;-7069.249;-5892.111;-3383.6978;0.0;0.0;1838.2656
1817.5;0.5730931;-0.18302336;1176.8353;-7066.6567;-5889.8213;-3363.0073;0.0;0.0;1838.2656
1817.505;0.57305336;-0.17953382;1176.7593;-7064.671;-5887.9116;-3343.611;0.0;0.0;1838.2656
1817.51;0.57307696;-0.17575543;1176.9575;-7062.022;-5885.0645;-3323.1704;0.0;0.0;1838.2656
1817.515;0.57317054;-0.17290892;1177.448;-7060.4062;-5882.958;-3308.4536;0.0;0.0;1838.2656
1817.52;0.573332;-0.17089058;1178.1958;-7059.318;-5881.122;-3298.8184;0.0;0.0;1838.2656
1817.525;0.5735413;-0.16975228;1179.0898;-7058.627;-5879.537;-3294.329;0.0;0.0;1838.2656
1817.53;0.5737628;-0.17015758;1179.9846;-7059.2773;-5879.293;-3298.3538;0.0;0.0;1838.2656
1817.535;0.57396346;-0.17180388;1180.7699;-7060.621;-5879.851;-3309.0032;0.0;0.0;1838.2656
1817.54;0.57412577;-0.17451999;1181.3958;-7062.8535;-5881.458;-3325.2336;0.0;0.0;1838.2656
1817.545;0.57424676;-0.17810474;1181.8433;-7065.505;-5883.6616;-3345.898;0.0;0.0;1838.2656
1817.55;0.5743199;-0.18233207;1182.0999;-7068.4893;-5886.3896;-3369.724;0.0;0.0;1838.2656
1817.555;0.57434726;-0.18669699;1182.1592;-7071.3945;-5889.2354;-3393.9143;0.0;0.0;1838.2656
1817.56;0.574325;-0.19116703;1182.0342;-7074.246;-5892.212;-3418.3157;0.0;0.0;1838.2656
1817.565;0.574265;-0.19550133;1181.7515;-7076.96;-5895.2085;-3441.653;0.0;0.0;1838.2656
1817.57;0.57416934;-0.19944344;1181.3467;-7079.177;-5897.83;-3462.5835;0.0;0.0;1838.2656
1817.575;0.574054;-0.20293774;1180.8806;-7081.024;-5900.1436;-3480.9216;0.0;0.0;1838.2656
1817.58;0.5739323;-0.20585614;1180.4016;-7082.627;-5902.2256;-3496.058;0.0;0.0;1838.2656
1817.585;0.5738147;-0.20816518;1179.9536;-7083.505;-5903.5513;-3507.896;0.0;0.0;1838.2656
1817.59;0.57371056;-0.2100044;1179.565;-7084.1606;-5904.5957;-3517.2615;0.0;0.0;1838.2656
1817.595;0.57362396;-0.2113119;1179.2512;-7084.52;-5905.2686;-3523.8447;0.0;0.0;1838.2656
1817.6;0.573557;-0.21222122;1179.0164;-7084.443;-5905.427;-3528.3896;0.0;0.0;1838.2656
1817.605;0.5735074;-0.21266325;1178.832;-7084.056;-5905.224;-3530.4587;0.0;0.0;1838.2656
1817.61;0.5734637;-0.21288382;1178.6514;-7083.5645;-5904.913;-3531.3137;0.0;0.0;1838.2656
1817.615;0.57341474;-0.21289845;1178.441;-7083.1064;-5904.6655;-3530.9739;0.0;0.0;1838.2656
1817.62;0.57335824;-0.21252935;1178.2302;-7082.3936;-5904.163;-3528.5166;0.0;0.0;1838.2656
1817.625;0.57331395;-0.21184935;1178.0854;-7081.5176;-5903.432;-3524.477;0.0;0.0;1838.2656
1817.63;0.5732949;-0.2108874;1178.0818;-7080.2905;-5902.209;-3519.1648;0.0;0.0;1838.2656
1817.635;0.5733225;-0.21035452;1178.2717;-7079.911;-5901.6396;-3516.606;0.0;0.0;1838.2656
1817.64;0.5733968;-0.2098093;1178.6357;-7079.12;-5900.4844;-3514.3271;0.0;0.0;1838.2656
1817.645;0.5735047;-0.20986088;1179.0963;-7079.203;-5900.107;-3515.5327;0.0;0.0;1838.2656
1817.65;0.57362;-0.21042061;1179.5457;-7079.701;-5900.1553;-3519.5183;0.0;0.0;1838.2656
1817.655;0.5737168;-0.21150269;1179.8962;-7080.6074;-5900.711;-3526.1868;0.0;0.0;1838.2656
1817.66;0.5737815;-0.2129265;1180.1202;-7081.888;-5901.768;-3534.4868;0.0;0.0;1838.2656
1817.665;0.5738173;-0.21424755;1180.2352;-7082.923;-5902.6875;-3542.0022;0.0;0.0;1838.2656
1817.67;0.57382977;-0.2156516;1180.2563;-7084.1074;-5903.851;-3549.7874;0.0;0.0;1838.2656
1817.675;0.5738198;-0.21694602;1180.1741;-7085.075;-5904.9014;-3556.7615;0.0;0.0;1838.2656
1817.68;0.57378066;-0.21804945;1179.9608;-7086.1123;-5906.1514;-3562.4202;0.0;0.0;1838.2656
1817.685;0.57370764;-0.21861356;1179.6156;-7086.416;-5906.8003;-3564.8406;0.0;0.0;1838.2656
1817.69;0.5736062;-0.21864566;1179.1635;-7086.542;-5907.3784;-3564.1133;0.0;0.0;1838.2656
1817.695;0.5734854;-0.21798685;1178.6648;-7086.0303;-5907.365;-3559.483;0.0;0.0;1838.2656
1817.7;0.57336605;-0.21666771;1178.2097;-7084.9175;-5906.708;-3551.2979;0.0;0.0;1838.2656
1817.705;0.5732713;-0.21499404;1177.8909;-7083.827;-5905.9365;-3541.4302;0.0;0.0;1838.2656
1817.71;0.5732219;-0.21312948;1177.7751;-7082.5938;-5904.8184;-3530.916;0.0;0.0;1838.2656
1817.715;0.5732271;-0.21116573;1177.883;-7081.291;-5903.408;-3520.3022;0.0;0.0;1838.2656
1817.72;0.5732846;-0.20958945;1178.1776;-7080.5127;-5902.335;-3512.1985;0.0;0.0;1838.2656
1817.725;0.5733751;-0.20834114;1178.5547;-7079.8115;-5901.257;-3506.0684;0.0;0.0;1838.2656
1817.73;0.5734652;-0.20781252;1178.8782;-7079.9146;-5901.036;-3503.8003;0.0;0.0;1838.2656
1817.735;0.57352364;-0.20725496;1179.029;-7079.7397;-5900.711;-3501.027;0.0;0.0;1838.2656
1817.74;0.57352656;-0.2068394;1178.947;-7079.609;-5900.662;-3498.5713;0.0;0.0;1838.2656
1817.745;0.57347244;-0.20588522;1178.6396;-7078.8364;-5900.197;-3492.6946;0.0;0.0;1838.2656
1817.75;0.57337195;-0.20483388;1178.1909;-7078.0493;-5899.8584;-3485.999;0.0;0.0;1838.2656
1817.755;0.57325715;-0.20324002;1177.7493;-7076.8486;-5899.0996;-3476.326;0.0;0.0;1838.2656
1817.76;0.5731703;-0.20135011;1177.4775;-7075.343;-5897.865;-3465.36;0.0;0.0;1838.2656
1817.765;0.5731445;-0.19957562;1177.481;-7074.104;-5896.623;-3455.5808;0.0;0.0;1838.2656
1817.77;0.5731913;-0.1981078;1177.7559;-7072.958;-5895.202;-3448.036;0.0;0.0;1838.2656
1817.775;0.57329106;-0.19719608;1178.1711;-7072.0195;-5893.8486;-3443.8386;0.0;0.0;1838.2656
1817.78;0.57339686;-0.19709185;1178.5635;-7071.922;-5893.3584;-3444.0483;0.0;0.0;1838.2656
1817.785;0.57348067;-0.19750565;1178.8643;-7071.914;-5893.05;-3446.9321;0.0;0.0;1838.2656
1817.79;0.57354254;-0.19853652;1179.1152;-7072.332;-5893.217;-3453.1191;0.0;0.0;1838.2656
1817.795;0.5736062;-0.19991848;1179.4286;-7072.6133;-5893.1846;-3461.367;0.0;0.0;1838.2656
1817.8;0.57370067;-0.20203426;1179.884;-7073.4375;-5893.5537;-3473.946;0.0;0.0;1838.2656
1817.805;0.5738302;-0.20506874;1180.455;-7075.083;-5894.628;-3491.8223;0.0;0.0;1838.2656
1817.81;0.57397205;-0.20891024;1181.0066;-7077.117;-5896.1104;-3514.1108;0.0;0.0;1838.2656
1817.815;0.5740827;-0.21354094;1181.3749;-7079.8403;-5898.4653;-3540.3848;0.0;0.0;1838.2656
1817.82;0.57413036;-0.21816427;1181.4722;-7082.252;-5900.78;-3566.076;0.0;0.0;1838.2656
1817.825;0.5741101;-0.22283387;1181.3092;-7084.494;-5903.185;-3591.502;0.0;0.0;1838.2656
1817.83;0.57403636;-0.22687593;1180.9691;-7085.964;-5904.9946;-3613.1128;0.0;0.0;1838.2656
1817.835;0.57393736;-0.23071255;1180.5702;-7087.431;-5906.861;-3633.4731;0.0;0.0;1838.2656
1817.84;0.57384115;-0.23429304;1180.2101;-7088.877;-5908.667;-3652.4988;0.0;0.0;1838.2656
1817.845;0.573764;-0.23706374;1179.9312;-7089.421;-5909.4897;-3667.2207;0.0;0.0;1838.2656
1817.85;0.57370913;-0.23983704;1179.7412;-7090.2197;-5910.4785;-3682.135;0.0;0.0;1838.2656
1817.855;0.5736748;-0.24221778;1179.6299;-7090.7583;-5911.1284;-3695.0415;0.0;0.0;1838.2656
1817.86;0.5736581;-0.24449542;1179.5948;-7091.3433;-5911.7485;-3707.5322;0.0;0.0;1838.2656
1817.865;0.5736596;-0.24703875;1179.6206;-7092.456;-5912.8354;-3721.6099;0.0;0.0;1838.2656
1817.87;0.57367045;-0.24924254;1179.6836;-7093.2056;-5913.522;-3733.8892;0.0;0.0;1838.2656
1817.875;0.5736875;-0.25133732;1179.7549;-7093.929;-5914.1743;-3745.584;0.0;0.0;1838.2656
1817.88;0.5736992;-0.25361198;1179.7847;-7095.0605;-5915.276;-3758.188;0.0;0.0;1838.2656
1817.885;0.57369274;-0.25547487;1179.7288;-7095.79;-5916.0615;-3768.3496;0.0;0.0;1838.2656
1817.89;0.5736599;-0.25694254;1179.5549;-7096.2314;-5916.677;-3776.096;0.0;0.0;1838.2656
1817.895;0.5735938;-0.2580311;1179.2241;-7096.681;-5917.457;-3781.4375;0.0;0.0;1838.2656
1817.9;0.5734832;-0.25830895;1178.7064;-7096.548;-5917.8413;-3781.9343;0.0;0.0;1838.2656
1817.905;0.5733272;-0.25770885;1178.0125;-7095.664;-5917.6514;-3777.2368;0.0;0.0;1838.2656
1817.91;0.5731347;-0.25607443;1177.2056;-7094.1763;-5916.9707;-3766.6096;0.0;0.0;1838.2656
1817.915;0.5729308;-0.25328;1176.4019;-7091.749;-5915.347;-3749.5916;0.0;0.0;1838.2656
1817.92;0.5727481;-0.24963218;1175.7423;-7088.776;-5913.0337;-3728.1553;0.0;0.0;1838.2656
1817.925;0.57262176;-0.24521156;1175.3447;-7085.079;-5909.7344;-3702.9814;0.0;0.0;1838.2656
1817.93;0.5725711;-0.24071045;1175.2756;-7081.5127;-5906.2373;-3678.0205;0.0;0.0;1838.2656
1817.935;0.57260597;-0.23639637;1175.55;-7078.077;-5902.5273;-3654.778;0.0;0.0;1838.2656
1817.94;0.5727202;-0.23281193;1176.1266;-7075.154;-5899.0273;-3636.1638;0.0;0.0;1838.2656
1817.945;0.5728971;-0.23037815;1176.9216;-7073.173;-5896.251;-3624.332;0.0;0.0;1838.2656
1817.95;0.5731116;-0.22903684;1177.8392;-7071.9277;-5894.0884;-3618.77;0.0;0.0;1838.2656
1817.955;0.57334244;-0.22929293;1178.7968;-7071.9746;-5893.1777;-3622.0974;0.0;0.0;1838.2656
1817.96;0.5735712;-0.23077534;1179.7184;-7072.8086;-5893.0903;-3632.116;0.0;0.0;1838.2656
1817.965;0.5737798;-0.23355113;1180.5332;-7074.57;-5894.0366;-3649.0535;0.0;0.0;1838.2656
1817.97;0.57395095;-0.23738755;1181.1571;-7077.206;-5896.049;-3671.4583;0.0;0.0;1838.2656
1817.975;0.5740623;-0.24175271;1181.5059;-7079.917;-5898.411;-3696.2288;0.0;0.0;1838.2656
1817.98;0.57409644;-0.24628659;1181.5222;-7082.6025;-5901.08;-3721.265;0.0;0.0;1838.2656
1817.985;0.57404625;-0.2504409;1181.199;-7084.798;-5903.5986;-3743.5286;0.0;0.0;1838.2656
1817.99;0.57391924;-0.2539047;1180.5928;-7086.381;-5905.788;-3761.4185;0.0;0.0;1838.2656
1817.995;0.57373834;-0.25662255;1179.8145;-7087.5483;-5907.734;-3774.85;0.0;0.0;1838.2656
1818.0;0.5735357;-0.2581702;1178.9929;-7087.7817;-5908.789;-3781.742;0.0;0.0;1838.2656
1818.005;0.5733408;-0.2586949;1178.2346;-7087.3936;-5909.159;-3783.1191;0.0;0.0;1838.2656
1818.01;0.5731723;-0.25815552;1177.597;-7086.2725;-5908.6753;-3778.8694;0.0;0.0;1838.2656
1818.015;0.5730371;-0.25685817;1177.0854;-7084.567;-5907.4814;-3770.6917;0.0;0.0;1838.2656
1818.02;0.5729294;-0.25456476;1176.6842;-7082.0522;-5905.368;-3757.2412;0.0;0.0;1838.2656
1818.025;0.57284844;-0.25202602;1176.397;-7079.6377;-5903.2407;-3742.6663;0.0;0.0;1838.2656
1818.03;0.5727968;-0.2490603;1176.2452;-7077.003;-5900.758;-3726.0073;0.0;0.0;1838.2656
1818.035;0.5727828;-0.24585924;1176.2534;-7074.246;-5897.9927;-3708.3706;0.0;0.0;1838.2656
1818.04;0.5728087;-0.2426029;1176.4178;-7071.2646;-5894.8467;-3690.7415;0.0;0.0;1838.2656
1818.045;0.5728691;-0.23977555;1176.7096;-7068.922;-5892.2124;-3675.7327;0.0;0.0;1838.2656
1818.05;0.5729543;-0.23762198;1177.0836;-7067.446;-5890.3623;-3664.6042;0.0;0.0;1838.2656
1818.055;0.57305175;-0.23590255;1177.4761;-7066.2676;-5888.7915;-3655.9067;0.0;0.0;1838.2656
1818.06;0.5731424;-0.23465559;1177.8138;-7065.545;-5887.731;-3649.7056;0.0;0.0;1838.2656
1818.065;0.57320946;-0.23365879;1178.0231;-7064.915;-5886.892;-3644.627;0.0;0.0;1838.2656
1818.07;0.5732356;-0.23287241;1178.0409;-7064.628;-5886.587;-3640.326;0.0;0.0;1838.2656
1818.075;0.5732085;-0.23158976;1177.8173;-7063.544;-5885.7266;-3632.805;0.0;0.0;1838.2656
1818.08;0.573118;-0.23013793;1177.3446;-7062.623;-5885.2783;-3623.853;0.0;0.0;1838.2656
1818.085;0.572974;-0.22751282;1176.6711;-7060.369;-5883.698;-3608.0293;0.0;0.0;1838.2656
1818.09;0.572794;-0.22403255;1175.905;-7057.6465;-5881.741;-3587.304;0.0;0.0;1838.2656
1818.095;0.5726158;-0.2196318;1175.2181;-7054.211;-5878.9927;-3561.6611;0.0;0.0;1838.2656
1818.1;0.57248497;-0.21451505;1174.7933;-7050.2334;-5875.44;-3532.5935;0.0;0.0;1838.2656
1818.105;0.5724418;-0.20919473;1174.7483;-7046.1196;-5871.371;-3503.163;0.0;0.0;1838.2656
1818.11;0.57249826;-0.20409065;1175.1252;-7042.264;-5867.1387;-3475.769;0.0;0.0;1838.2656
1818.115;0.5726589;-0.20009111;1175.9197;-7039.522;-5863.6025;-3455.3013;0.0;0.0;1838.2656
1818.12;0.5729145;-0.19740681;1177.0874;-7037.812;-5860.7246;-3442.8333;0.0;0.0;1838.2656
1818.125;0.57325053;-0.19649205;1178.5771;-7037.5913;-5859.014;-3440.768;0.0;0.0;1838.2656
1818.13;0.5736537;-0.19758315;1180.3103;-7038.8096;-5858.499;-3450.2515;0.0;0.0;1838.2656
1818.135;0.57409346;-0.20107067;1182.0969;-7042.051;-5859.954;-3473.0576;0.0;0.0;1838.2656
1818.14;0.5745037;-0.20653638;1183.6757;-7046.857;-5863.181;-3506.3574;0.0;0.0;1838.2656
1818.145;0.57482374;-0.21352375;1184.7869;-7052.605;-5867.8184;-3547.1138;0.0;0.0;1838.2656
1818.15;0.5749929;-0.221307;1185.2332;-7058.894;-5873.661;-3590.9294;0.0;0.0;1838.2656
1818.155;0.5749847;-0.22911894;1184.9451;-7065.2227;-5880.2773;-3633.4346;0.0;0.0;1838.2656
1818.16;0.5748016;-0.23571448;1184.0009;-7070.5283;-5886.5273;-3667.9192;0.0;0.0;1838.2656
1818.165;0.5744864;-0.24081564;1182.5952;-7074.798;-5892.2026;-3693.2397;0.0;0.0;1838.2656
1818.17;0.5740934;-0.24358039;1180.9387;-7077.039;-5896.1006;-3705.1738;0.0;0.0;1838.2656
1818.175;0.57366997;-0.24402632;1179.22;-7077.6313;-5898.411;-3704.1956;0.0;0.0;1838.2656
1818.18;0.57325906;-0.24246335;1177.6005;-7076.9062;-5899.3057;-3692.3372;0.0;0.0;1838.2656
1818.185;0.5728947;-0.23887372;1176.2133;-7074.4844;-5898.271;-3669.7666;0.0;0.0;1838.2656
1818.19;0.57260585;-0.23385748;1175.1704;-7071.1353;-5895.965;-3640.0173;0.0;0.0;1838.2656
1818.195;0.5724174;-0.22811663;1174.584;-7067.383;-5892.799;-3607.1848;0.0;0.0;1838.2656
1818.2;0.572355;-0.22194572;1174.5328;-7063.1514;-5888.6187;-3573.0513;0.0;0.0;1838.2656
1818.205;0.57242644;-0.21649802;1175.0181;-7059.4673;-5884.449;-3543.9788;0.0;0.0;1838.2656
1818.21;0.5726184;-0.21238442;1175.9619;-7057.1074;-5881.1455;-3523.1807;0.0;0.0;1838.2656
1818.215;0.57290137;-0.20982102;1177.2089;-7055.622;-5878.413;-3511.538;0.0;0.0;1838.2656
1818.22;0.57322496;-0.20885958;1178.5312;-7055.0938;-5876.5625;-3508.8806;0.0;0.0;1838.2656
1818.225;0.5735281;-0.21002334;1179.667;-7056.165;-5876.498;-3517.57;0.0;0.0;1838.2656
1818.23;0.5737464;-0.21253337;1180.3994;-7058.2173;-5877.818;-3532.8772;0.0;0.0;1838.2656
1818.235;0.57384694;-0.21538284;1180.6367;-7059.824;-5879.1875;-3549.0662;0.0;0.0;1838.2656
1818.24;0.5738264;-0.21867757;1180.404;-7061.9683;-5881.5645;-3566.7705;0.0;0.0;1838.2656
1818.245;0.5737076;-0.22138335;1179.8442;-7063.439;-5883.5947;-3580.5728;0.0;0.0;1838.2656
1818.25;0.5735412;-0.22327156;1179.1721;-7063.9463;-5884.7744;-3589.6416;0.0;0.0;1838.2656
1818.255;0.5733797;-0.22423622;1178.5767;-7063.511;-5884.9346;-3593.7705;0.0;0.0;1838.2656
1818.26;0.57325846;-0.22501007;1178.1692;-7063.4277;-5885.259;-3597.2231;0.0;0.0;1838.2656
1818.265;0.57318985;-0.22540034;1177.9702;-7062.8184;-5884.848;-3598.9775;0.0;0.0;1838.2656
1818.27;0.57316715;-0.22555998;1177.9272;-7062.1523;-5884.225;-3599.772;0.0;0.0;1838.2656
1818.275;0.57317245;-0.22584903;1178.0032;-7061.5957;-5883.593;-3601.5178;0.0;0.0;1838.2656
1818.28;0.5732081;-0.2265413;1178.2212;-7061.482;-5883.2607;-3605.7717;0.0;0.0;1838.2656
1818.285;0.5732855;-0.22760525;1178.6515;-7061.585;-5882.9336;-3612.4998;0.0;0.0;1838.2656
1818.29;0.5734251;-0.22960252;1179.3341;-7062.584;-5883.25;-3624.8794;0.0;0.0;1838.2656
1818.295;0.57362163;-0.23254107;1180.2205;-7064.2534;-5884.033;-3642.8577;0.0;0.0;1838.2656
1818.3;0.57385266;-0.23659076;1181.1838;-7066.663;-5885.4795;-3667.1177;0.0;0.0;1838.2656
1818.305;0.5740773;-0.24180697;1182.06;-7070.2275;-5888.1675;-3697.6365;0.0;0.0;1838.2656
1818.31;0.5742584;-0.24780942;1182.7134;-7074.245;-5891.5317;-3732.0454;0.0;0.0;1838.2656
1818.315;0.5743685;-0.25411597;1183.0347;-7078.4346;-5895.4;-3767.4673;0.0;0.0;1838.2656
1818.32;0.57438505;-0.26056442;1182.9515;-7082.9756;-5900.024;-3802.863;0.0;0.0;1838.2656
1818.325;0.57429856;-0.26617676;1182.4319;-7086.659;-5904.2275;-3832.7747;0.0;0.0;1838.2656
1818.33;0.5741065;-0.2707054;1181.5049;-7089.7295;-5908.2246;-3855.895;0.0;0.0;1838.2656
1818.335;0.57382965;-0.273399;1180.2833;-7091.252;-5910.9688;-3868.3066;0.0;0.0;1838.2656
1818.34;0.57350504;-0.27459058;1178.9324;-7092.1226;-5913.1904;-3872.176;0.0;0.0;1838.2656
1818.345;0.5731768;-0.2735575;1177.6421;-7091.165;-5913.523;-3863.8984;0.0;0.0;1838.2656
1818.35;0.57289207;-0.27094966;1176.5801;-7089.3315;-5912.7515;-3847.3926;0.0;0.0;1838.2656
1818.355;0.57268;-0.26681605;1175.8372;-7086.5264;-5910.6895;-3823.1106;0.0;0.0;1838.2656
1818.36;0.5725499;-0.26180848;1175.3997;-7083.321;-5907.921;-3794.6199;0.0;0.0;1838.2656
1818.365;0.5724817;-0.25610378;1175.1573;-7079.6665;-5904.5093;-3762.675;0.0;0.0;1838.2656
1818.37;0.5724418;-0.24991407;1174.9972;-7075.9473;-5900.95;-3728.2197;0.0;0.0;1838.2656
1818.375;0.57241094;-0.24358451;1174.8542;-7072.474;-5897.62;-3693.0276;0.0;0.0;1838.2656
1818.38;0.57238;-0.2368688;1174.7034;-7068.7344;-5894.0312;-3655.69;0.0;0.0;1838.2656
1818.385;0.5723482;-0.22983417;1174.574;-7064.803;-5890.2295;-3616.6367;0.0;0.0;1838.2656
1818.39;0.5723316;-0.22241198;1174.5178;-7060.4785;-5885.961;-3575.5925;0.0;0.0;1838.2656
1818.395;0.5723366;-0.21521981;1174.551;-7056.5254;-5881.9746;-3535.9956;0.0;0.0;1838.2656
1818.4;0.57236147;-0.20808999;1174.6561;-7052.4946;-5877.8384;-3496.8862;0.0;0.0;1838.2656
1818.405;0.57240003;-0.201488;1174.8267;-7049.083;-5874.2563;-3460.8188;0.0;0.0;1838.2656
1818.41;0.5724585;-0.19536558;1175.1162;-7045.79;-5870.674;-3427.634;0.0;0.0;1838.2656
1818.415;0.5725584;-0.18996379;1175.6229;-7042.9883;-5867.365;-3398.8577;0.0;0.0;1838.2656
1818.42;0.57272387;-0.18577272;1176.4128;-7040.996;-5864.583;-3377.3245;0.0;0.0;1838.2656
1818.425;0.57295966;-0.18310443;1177.4968;-7039.9746;-5862.4775;-3364.7773;0.0;0.0;1838.2656
1818.43;0.5732638;-0.18240753;1178.8427;-7040.3184;-5861.4756;-3363.6257;0.0;0.0;1838.2656
1818.435;0.5736217;-0.18379445;1180.4084;-7042.0576;-5861.6494;-3374.406;0.0;0.0;1838.2656
1818.44;0.5740251;-0.1878752;1182.1255;-7045.9487;-5863.823;-3400.3445;0.0;0.0;1838.2656
1818.445;0.574446;-0.19429561;1183.855;-7051.3594;-5867.5044;-3439.211;0.0;0.0;1838.2656
1818.45;0.57484215;-0.20319341;1185.4081;-7058.591;-5873.1826;-3491.3865;0.0;0.0;1838.2656
1818.455;0.57516474;-0.21378255;1186.5881;-7066.8867;-5880.299;-3552.1436;0.0;0.0;1838.2656
1818.46;0.57536983;-0.22558895;1187.2418;-7075.949;-5888.7075;-3618.5608;0.0;0.0;1838.2656
1818.465;0.5754325;-0.2375385;1187.3018;-7084.6987;-5897.397;-3684.58;0.0;0.0;1838.2656
1818.47;0.5753514;-0.24921446;1186.7838;-7093.253;-5906.469;-3747.9348;0.0;0.0;1838.2656
1818.475;0.5751392;-0.25955278;1185.7585;-7100.4424;-5914.6836;-3802.898;0.0;0.0;1838.2656
1818.48;0.57482076;-0.26823184;1184.3384;-7106.568;-5922.2295;-3847.921;0.0;0.0;1838.2656
1818.485;0.5744286;-0.27455735;1182.6713;-7110.624;-5927.9526;-3879.4707;0.0;0.0;1838.2656
1818.49;0.57400227;-0.2785011;1180.9163;-7112.948;-5932.032;-3897.7095;0.0;0.0;1838.2656
1818.495;0.57357997;-0.2804367;1179.241;-7114.253;-5935.0117;-3905.0334;0.0;0.0;1838.2656
1818.5;0.5732017;-0.2798876;1177.7681;-7113.501;-5935.733;-3899.0593;0.0;0.0;1838.2656
1818.505;0.5728826;-0.27761433;1176.5438;-7111.7754;-5935.2314;-3884.0742;0.0;0.0;1838.2656
1818.51;0.57262516;-0.27378;1175.5471;-7109.0;-5933.453;-3860.9353;0.0;0.0;1838.2656
1818.515;0.57241553;-0.2687335;1174.7332;-7105.35;-5930.617;-3831.4768;0.0;0.0;1838.2656
1818.52;0.5722455;-0.26256394;1174.0773;-7100.8135;-5926.7363;-3796.1414;0.0;0.0;1838.2656
1818.525;0.57211304;-0.2556181;1173.5917;-7095.767;-5922.1753;-3756.8652;0.0;0.0;1838.2656
1818.53;0.5720273;-0.2486353;1173.3065;-7091.0957;-5917.789;-3717.7861;0.0;0.0;1838.2656
1818.535;0.5719935;-0.24118198;1173.2477;-7085.7773;-5912.53;-3676.565;0.0;0.0;1838.2656
1818.54;0.5720184;-0.23408043;1173.4451;-7080.8076;-5907.3623;-3637.7961;0.0;0.0;1838.2656
1818.545;0.5721088;-0.22756957;1173.9229;-7076.143;-5902.22;-3602.8457;0.0;0.0;1838.2656
1818.55;0.5722699;-0.22225057;1174.7078;-7072.5527;-5897.8447;-3575.0823;0.0;0.0;1838.2656
1818.555;0.5725076;-0.21838187;1175.8118;-7070.1143;-5894.3027;-3555.955;0.0;0.0;1838.2656
1818.56;0.5728191;-0.21651031;1177.193;-7069.236;-5892.043;-3548.3962;0.0;0.0;1838.2656
1818.565;0.5731824;-0.2163378;1178.7305;-7069.1816;-5890.451;-3550.52;0.0;0.0;1838.2656
1818.57;0.5735575;-0.21837841;1180.2433;-7070.9385;-5890.6953;-3564.799;0.0;0.0;1838.2656
1818.575;0.57389617;-0.22245453;1181.5413;-7074.0254;-5892.4844;-3589.874;0.0;0.0;1838.2656
1818.58;0.574157;-0.2280196;1182.4769;-7078.077;-5895.6;-3622.4355;0.0;0.0;1838.2656
1818.585;0.5743153;-0.2346152;1182.981;-7082.744;-5899.763;-3659.8171;0.0;0.0;1838.2656
1818.59;0.5743675;-0.24167639;1183.074;-7087.6987;-5904.625;-3698.944;0.0;0.0;1838.2656
1818.595;0.5743317;-0.24847807;1182.8569;-7091.991;-5909.1343;-3736.02;0.0;0.0;1838.2656
1818.6;0.574241;-0.2549415;1182.4681;-7096.071;-5913.6025;-3770.8867;0.0;0.0;1838.2656
1818.605;0.5741291;-0.260978;1182.0161;-7099.8438;-5917.8276;-3803.273;0.0;0.0;1838.2656
1818.61;0.5740115;-0.26626703;1181.5398;-7102.9385;-5921.3984;-3831.488;0.0;0.0;1838.2656
1818.615;0.57388836;-0.27079415;1181.019;-7105.678;-5924.659;-3855.4128;0.0;0.0;1838.2656
1818.62;0.573749;-0.27434778;1180.408;-7107.494;-5927.086;-3873.7883;0.0;0.0;1838.2656
1818.625;0.5735823;-0.27703297;1179.6826;-7109.126;-5929.4434;-3887.1458;0.0;0.0;1838.2656
1818.63;0.5733917;-0.27841255;1178.8799;-7109.645;-5930.765;-3893.1484;0.0;0.0;1838.2656
1818.635;0.57319343;-0.27834153;1178.0867;-7109.238;-5931.1514;-3891.1704;0.0;0.0;1838.2656
1818.64;0.57301384;-0.27698302;1177.3959;-7107.838;-5930.442;-3882.2969;0.0;0.0;1838.2656
1818.645;0.5728699;-0.2749147;1176.8651;-7106.3926;-5929.5273;-3869.829;0.0;0.0;1838.2656
1818.65;0.5727696;-0.27210048;1176.5083;-7104.791;-5928.2827;-3853.5955;0.0;0.0;1838.2656
1818.655;0.5727095;-0.26855186;1176.2954;-7102.6626;-5926.367;-3833.5999;0.0;0.0;1838.2656
1818.66;0.57267654;-0.26459643;1176.1682;-7100.4966;-5924.328;-3811.532;0.0;0.0;1838.2656
1818.665;0.5726555;-0.26006976;1176.0693;-7097.9062;-5921.837;-3786.3706;0.0;0.0;1838.2656
1818.67;0.57263565;-0.25546986;1175.9854;-7095.5874;-5919.602;-3760.835;0.0;0.0;1838.2656
1818.675;0.57262164;-0.25067598;1175.9319;-7093.2344;-5917.3027;-3734.2908;0.0;0.0;1838.2656
1818.68;0.5726169;-0.24571836;1175.9218;-7091.006;-5915.084;-3706.9304;0.0;0.0;1838.2656
1818.685;0.57262427;-0.24078663;1175.9747;-7088.75;-5912.7754;-3679.8389;0.0;0.0;1838.2656
1818.69;0.57264936;-0.23593727;1176.1113;-7086.805;-5910.694;-3653.3687;0.0;0.0;1838.2656
1818.695;0.5726983;-0.23119392;1176.3533;-7084.7925;-5908.4395;-3627.694;0.0;0.0;1838.2656
1818.7;0.57277405;-0.22686432;1176.719;-7083.208;-5906.4893;-3604.5486;0.0;0.0;1838.2656
1818.705;0.57288235;-0.2231159;1177.2098;-7082.2095;-5904.9995;-3584.8586;0.0;0.0;1838.2656
1818.71;0.5730161;-0.22026315;1177.7812;-7081.966;-5904.1846;-3570.269;0.0;0.0;1838.2656
1818.715;0.57315814;-0.21784404;1178.345;-7081.9517;-5903.6064;-3558.0557;0.0;0.0;1838.2656
1818.72;0.57328314;-0.21623996;1178.8059;-7082.6714;-5903.865;-3550.1313;0.0;0.0;1838.2656
1818.725;0.57337135;-0.21503507;1179.0989;-7083.7383;-5904.6396;-3544.0725;0.0;0.0;1838.2656
1818.73;0.57341456;-0.21377061;1179.2206;-7084.4688;-5905.248;-3537.3428;0.0;0.0;1838.2656
1818.735;0.573421;-0.21259214;1179.194;-7085.4814;-5906.2876;-3530.7903;0.0;0.0;1838.2656
1818.74;0.5733944;-0.21132933;1179.0403;-7086.412;-5907.372;-3523.5188;0.0;0.0;1838.2656
1818.745;0.57333934;-0.20982432;1178.7662;-7087.2866;-5908.5205;-3514.671;0.0;0.0;1838.2656
1818.75;0.5732525;-0.20767424;1178.3367;-7087.628;-5909.291;-3501.9546;0.0;0.0;1838.2656
1818.755;0.5731219;-0.20452854;1177.7281;-7086.7695;-5909.0415;-3483.3896;0.0;0.0;1838.2656
1818.76;0.5729519;-0.2006532;1176.998;-7085.588;-5908.59;-3460.5576;0.0;0.0;1838.2656
1818.765;0.57277066;-0.19579367;1176.291;-7083.427;-5907.1357;-3432.3442;0.0;0.0;1838.2656
1818.77;0.57262224;-0.19048128;1175.7742;-7081.167;-5905.3926;-3402.014;0.0;0.0;1838.2656
1818.775;0.5725412;-0.18470827;1175.5634;-7078.369;-5902.8057;-3369.7554;0.0;0.0;1838.2656
1818.78;0.5725451;-0.17943043;1175.708;-7076.3027;-5900.5947;-3340.9382;0.0;0.0;1838.2656
1818.785;0.5726365;-0.17457004;1176.1941;-7074.2246;-5898.0303;-3315.1064;0.0;0.0;1838.2656
1818.79;0.5728025;-0.17084923;1176.96;-7073.078;-5896.118;-3296.1187;0.0;0.0;1838.2656
1818.795;0.5730231;-0.16847755;1177.9138;-7072.925;-5895.0107;-3284.947;0.0;0.0;1838.2656
1818.8;0.57327205;-0.16769575;1178.9419;-7073.9243;-5894.9824;-3282.6917;0.0;0.0;1838.2656
1818.805;0.573518;-0.16834949;1179.9039;-7075.8643;-5895.9604;-3288.2212;0.0;0.0;1838.2656
1818.81;0.5737243;-0.16996568;1180.6499;-7078.094;-5897.4443;-3298.626;0.0;0.0;1838.2656
1818.815;0.573858;-0.17262053;1181.0618;-7081.053;-5899.991;-3314.0908;0.0;0.0;1838.2656
1818.82;0.57389903;-0.17575756;1181.1025;-7084.1875;-5903.085;-3331.4724;0.0;0.0;1838.2656
1818.825;0.5738549;-0.17878972;1180.8309;-7086.911;-5906.08;-3347.651;0.0;0.0;1838.2656
1818.83;0.57375014;-0.18154365;1180.352;-7089.28;-5908.9277;-3361.8804;0.0;0.0;1838.2656
1818.835;0.57361287;-0.18335472;1179.7911;-7090.499;-5910.708;-3370.7463;0.0;0.0;1838.2656
1818.84;0.5734748;-0.18493108;1179.2551;-7091.453;-5912.198;-3378.3677;0.0;0.0;1838.2656
1818.845;0.5733529;-0.18612479;1178.7944;-7092.163;-5913.3687;-3384.0293;0.0;0.0;1838.2656
1818.85;0.57325286;-0.18681177;1178.4177;-7092.3853;-5913.968;-3387.0645;0.0;0.0;1838.2656
1818.855;0.5731716;-0.1875172;1178.1177;-7092.75;-5914.6323;-3390.3545;0.0;0.0;1838.2656
1818.86;0.57311016;-0.1877648;1177.9192;-7092.324;-5914.4053;-3391.323;0.0;0.0;1838.2656
1818.865;0.5730829;-0.18812636;1177.9094;-7092.062;-5914.1523;-3393.2974;0.0;0.0;1838.2656
1818.87;0.5731191;-0.18892425;1178.1958;-7092.1406;-5913.945;-3398.2705;0.0;0.0;1838.2656
1818.875;0.5732392;-0.19051193;1178.8433;-7092.7256;-5913.8823;-3408.321;0.0;0.0;1838.2656
1818.88;0.57344866;-0.19349761;1179.8408;-7094.7085;-5914.8677;-3426.7817;0.0;0.0;1838.2656
1818.885;0.57373065;-0.1978271;1181.0609;-7097.609;-5916.548;-3453.0981;0.0;0.0;1838.2656
1818.89;0.57403433;-0.20380297;1182.2787;-7101.8145;-5919.5356;-3488.4895;0.0;0.0;1838.2656
1818.895;0.57429945;-0.21097021;1183.2385;-7106.697;-5923.458;-3529.9348;0.0;0.0;1838.2656
1818.9;0.5744647;-0.21916771;1183.7212;-7112.4863;-5928.765;-3576.1077;0.0;0.0;1838.2656
1818.905;0.5744907;-0.22712271;1183.6149;-7117.8613;-5934.2466;-3619.7654;0.0;0.0;1838.2656
1818.91;0.57437044;-0.23443201;1182.9287;-7122.713;-5939.784;-3658.7024;0.0;0.0;1838.2656
1818.915;0.5741216;-0.24050172;1181.7761;-7126.5283;-5944.752;-3689.8704;0.0;0.0;1838.2656
1818.92;0.5737857;-0.2445756;1180.3472;-7128.8164;-5948.469;-3709.479;0.0;0.0;1838.2656
1818.925;0.5734172;-0.24671984;1178.893;-7129.474;-5950.581;-3718.3958;0.0;0.0;1838.2656
1818.93;0.5730824;-0.24699704;1177.6504;-7128.742;-5951.092;-3717.4392;0.0;0.0;1838.2656
1818.935;0.5728269;-0.24617508;1176.781;-7127.574;-5950.793;-3711.1675;0.0;0.0;1838.2656
1818.94;0.57267696;-0.24456502;1176.3324;-7125.926;-5949.5933;-3701.3914;0.0;0.0;1838.2656
1818.945;0.57262355;-0.24261664;1176.239;-7124.075;-5947.836;-3690.4595;0.0;0.0;1838.2656
1818.95;0.5726399;-0.24107659;1176.3876;-7122.756;-5946.368;-3682.2637;0.0;0.0;1838.2656
1818.955;0.57269686;-0.23969461;1176.6394;-7121.4805;-5944.841;-3675.146;0.0;0.0;1838.2656
1818.96;0.5727587;-0.23872758;1176.9021;-7120.4326;-5943.5303;-3670.3384;0.0;0.0;1838.2656
1818.965;0.57281905;-0.23838279;1177.1534;-7119.8574;-5942.704;-3668.9395;0.0;0.0;1838.2656
1818.97;0.57287484;-0.2382991;1177.3943;-7119.228;-5941.834;-3668.9597;0.0;0.0;1838.2656
1818.975;0.57293177;-0.23889604;1177.6589;-7119.0938;-5941.4346;-3672.781;0.0;0.0;1838.2656
1818.98;0.57300115;-0.23981921;1177.9878;-7119.0254;-5941.0376;-3678.5298;0.0;0.0;1838.2656
1818.985;0.57309246;-0.24188593;1178.4312;-7119.9688;-5941.5376;-3690.8142;0.0;0.0;1838.2656
1818.99;0.5732186;-0.2444302;1179.0115;-7120.952;-5941.9404;-3706.0059;0.0;0.0;1838.2656
1818.995;0.5733778;-0.24801056;1179.7255;-7122.6294;-5942.904;-3727.1787;0.0;0.0;1838.2656
1819.0;0.573567;-0.25270075;1180.5522;-7125.0938;-5944.5415;-3754.6978;0.0;0.0;1838.2656
1819.005;0.5737775;-0.25886837;1181.428;-7128.9673;-5947.539;-3790.4624;0.0;0.0;1838.2656
1819.01;0.5739848;-0.26589057;1182.2507;-7133.26;-5951.009;-3830.834;0.0;0.0;1838.2656
1819.015;0.57416314;-0.27405018;1182.917;-7138.5576;-5955.6406;-3877.165;0.0;0.0;1838.2656
1819.02;0.57428735;-0.28264955;1183.3223;-7144.1465;-5960.824;-3925.3994;0.0;0.0;1838.2656
1819.025;0.5743345;-0.2913586;1183.4065;-7149.6963;-5966.29;-3973.5964;0.0;0.0;1838.2656
1819.03;0.57430124;-0.29975364;1183.1719;-7155.036;-5971.8643;-4019.424;0.0;0.0;1838.2656
1819.035;0.57419586;-0.30718088;1182.6736;-7159.485;-5976.8115;-4059.3875;0.0;0.0;1838.2656
1819.04;0.57403916;-0.31398144;1181.9982;-7163.988;-5981.9897;-4095.5403;0.0;0.0;1838.2656
1819.045;0.5738522;-0.3192831;1181.219;-7167.289;-5986.0703;-4123.2197;0.0;0.0;1838.2656
1819.05;0.573649;-0.32301244;1180.3777;-7169.211;-5988.833;-4142.1035;0.0;0.0;1838.2656
1819.055;0.57343495;-0.32537752;1179.4839;-7170.4707;-5990.987;-4153.359;0.0;0.0;1838.2656
1819.06;0.57320887;-0.3263891;1178.54;-7171.06;-5992.52;-4157.05;0.0;0.0;1838.2656
1819.065;0.572974;-0.32580456;1177.551;-7170.6777;-5993.127;-4151.848;0.0;0.0;1838.2656
1819.07;0.5727309;-0.3237902;1176.5427;-7169.532;-5992.9893;-4138.7227;0.0;0.0;1838.2656
1819.075;0.5724926;-0.3200515;1175.5806;-7167.122;-5991.5415;-4116.18;0.0;0.0;1838.2656
1819.08;0.57227916;-0.31510502;1174.7623;-7164.2188;-5989.4565;-4087.265;0.0;0.0;1838.2656
1819.085;0.5721179;-0.30901808;1174.1946;-7160.631;-5986.4365;-4052.561;0.0;0.0;1838.2656
1819.09;0.5720311;-0.30217436;1173.9491;-7156.619;-5982.67;-4014.3284;0.0;0.0;1838.2656
1819.095;0.57202613;-0.29503524;1174.0305;-7152.4224;-5978.3916;-3975.1204;0.0;0.0;1838.2656
1819.1;0.5720911;-0.288293;1174.3438;-7149.1064;-5974.7627;-3938.565;0.0;0.0;1838.2656
1819.105;0.5721885;-0.28182793;1174.7332;-7145.9165;-5971.1836;-3903.6902;0.0;0.0;1838.2656
1819.11;0.57228136;-0.27582043;1175.0604;-7143.26;-5968.199;-3871.2146;0.0;0.0;1838.2656
1819.115;0.5723442;-0.26987663;1175.2692;-7140.3066;-5965.0376;-3838.853;0.0;0.0;1838.2656
1819.12;0.57237893;-0.26425493;1175.3848;-7137.8145;-5962.4297;-3808.0818;0.0;0.0;1838.2656
1819.125;0.57240033;-0.25903776;1175.4867;-7135.585;-5960.098;-3779.514;0.0;0.0;1838.2656
1819.13;0.5724325;-0.2541647;1175.6667;-7133.525;-5957.8584;-3753.0;0.0;0.0;1838.2656
1819.135;0.5724964;-0.24979445;1176.0186;-7131.7295;-5955.711;-3729.6028;0.0;0.0;1838.2656
1819.14;0.57261544;-0.2461372;1176.6113;-7130.327;-5953.716;-3710.6194;0.0;0.0;1838.2656
1819.145;0.5727959;-0.243666;1177.4514;-7129.835;-5952.384;-3698.6714;0.0;0.0;1838.2656
1819.15;0.57302856;-0.24255992;1178.4526;-7130.187;-5951.7344;-3694.574;0.0;0.0;1838.2656
1819.155;0.57327604;-0.24311063;1179.4324;-7132.0786;-5952.6465;-3699.5706;0.0;0.0;1838.2656
1819.16;0.5734853;-0.24476658;1180.1783;-7134.4824;-5954.304;-3710.1946;0.0;0.0;1838.2656
1819.165;0.5736085;-0.24691868;1180.5248;-7136.928;-5956.4033;-3722.7559;0.0;0.0;1838.2656
1819.17;0.5736203;-0.24937272;1180.4043;-7139.3633;-5958.959;-3736.0483;0.0;0.0;1838.2656
1819.175;0.5735188;-0.2512484;1179.861;-7141.1133;-5961.2524;-3745.3057;0.0;0.0;1838.2656
1819.18;0.5733332;-0.25247994;1179.0137;-7142.442;-5963.428;-3750.403;0.0;0.0;1838.2656
1819.185;0.5730935;-0.2525862;1178.0088;-7142.771;-5964.762;-3748.9792;0.0;0.0;1838.2656
1819.19;0.5728423;-0.25143486;1177.004;-7141.9844;-5964.9805;-3740.6204;0.0;0.0;1838.2656
1819.195;0.57261336;-0.24922691;1176.1396;-7140.4634;-5964.3237;-3726.715;0.0;0.0;1838.2656
1819.2;0.57243943;-0.24602912;1175.5433;-7138.0107;-5962.4673;-3707.8875;0.0;0.0;1838.2656
1819.205;0.5723472;-0.24268565;1175.2917;-7135.6455;-5960.3535;-3688.9456;0.0;0.0;1838.2656
1819.21;0.5723425;-0.23917766;1175.388;-7133.1035;-5957.716;-3669.792;0.0;0.0;1838.2656
1819.215;0.57241726;-0.23642123;1175.7758;-7131.414;-5955.638;-3655.3665;0.0;0.0;1838.2656
1819.22;0.57254857;-0.23429587;1176.3496;-7130.0957;-5953.746;-3644.7935;0.0;0.0;1838.2656
1819.225;0.57270664;-0.23299855;1176.9937;-7129.3584;-5952.3647;-3638.927;0.0;0.0;1838.2656
1819.23;0.57286596;-0.23257828;1177.6226;-7129.169;-5951.5464;-3637.8672;0.0;0.0;1838.2656
1819.235;0.57301193;-0.23290013;1178.1816;-7129.314;-5951.1323;-3640.7603;0.0;0.0;1838.2656
1819.24;0.57313484;-0.2341153;1178.6626;-7130.2246;-5951.562;-3648.4236;0.0;0.0;1838.2656
1819.245;0.5732414;-0.23601407;1179.0889;-7131.4424;-5952.3535;-3659.7473;0.0;0.0;1838.2656
1819.25;0.57333696;-0.23831382;1179.488;-7132.824;-5953.336;-3673.2285;0.0;0.0;1838.2656
1819.255;0.5734295;-0.24132703;1179.8835;-7134.649;-5954.7656;-3690.6367;0.0;0.0;1838.2656
1819.26;0.57352024;-0.2448422;1180.2617;-7137.035;-5956.7734;-3710.7783;0.0;0.0;1838.2656
1819.265;0.57360035;-0.24897106;1180.5808;-7139.9844;-5959.4033;-3734.1865;0.0;0.0;1838.2656
1819.27;0.5736578;-0.2534041;1180.7908;-7143.0986;-5962.3076;-3759.0537;0.0;0.0;1838.2656
1819.275;0.57368076;-0.257658;1180.8464;-7145.8564;-5965.01;-3782.6243;0.0;0.0;1838.2656
1819.28;0.5736603;-0.26194215;1180.71;-7148.898;-5968.188;-3805.9775;0.0;0.0;1838.2656
1819.285;0.5735885;-0.26584643;1180.3527;-7151.704;-5971.3516;-3826.7944;0.0;0.0;1838.2656
1819.29;0.57345986;-0.26883012;1179.7493;-7153.942;-5974.1924;-3842.042;0.0;0.0;1838.2656
1819.295;0.5732695;-0.27060857;1178.8953;-7155.0547;-5976.159;-3850.1418;0.0;0.0;1838.2656
1819.3;0.57302284;-0.270957;1177.8352;-7155.0215;-5977.1865;-3849.9434;0.0;0.0;1838.2656
1819.305;0.57273906;-0.26966578;1176.6649;-7153.798;-5977.133;-3840.482;0.0;0.0;1838.2656
1819.31;0.57244855;-0.266689;1175.5308;-7151.207;-5975.6763;-3821.797;0.0;0.0;1838.2656
1819.315;0.57219243;-0.26263854;1174.5879;-7148.243;-5973.6553;-3797.574;0.0;0.0;1838.2656
1819.32;0.5720039;-0.2578273;1173.9683;-7144.872;-5970.904;-3769.8018;0.0;0.0;1838.2656
1819.325;0.571909;-0.25217968;1173.7224;-7140.7764;-5967.0537;-3738.1646;0.0;0.0;1838.2656
1819.33;0.57190263;-0.24635611;1173.806;-7136.5024;-5962.6963;-3706.216;0.0;0.0;1838.2656
1819.335;0.5719642;-0.2411768;1174.1267;-7133.1025;-5958.9756;-3678.2944;0.0;0.0;1838.2656
1819.34;0.57206744;-0.23641619;1174.5691;-7129.8066;-5955.2373;-3652.9255;0.0;0.0;1838.2656
1819.345;0.57218343;-0.2326241;1175.0281;-7127.5693;-5952.541;-3632.931;0.0;0.0;1838.2656
1819.35;0.5722917;-0.22913831;1175.4412;-7125.166;-5949.7246;-3614.5337;0.0;0.0;1838.2656
1819.355;0.5723832;-0.22644508;1175.7849;-7123.4224;-5947.6377;-3600.3684;0.0;0.0;1838.2656
1819.36;0.57245684;-0.2239514;1176.0465;-7121.4595;-5945.413;-3587.1394;0.0;0.0;1838.2656
1819.365;0.5725083;-0.22196141;1176.2319;-7119.9707;-5943.739;-3576.536;0.0;0.0;1838.2656
1819.37;0.57254505;-0.22023374;1176.3572;-7118.47;-5942.1133;-3567.2588;0.0;0.0;1838.2656
1819.375;0.5725681;-0.21880181;1176.4429;-7117.1523;-5940.7095;-3559.5332;0.0;0.0;1838.2656
1819.38;0.5725868;-0.21761051;1176.5176;-7116.214;-5939.6963;-3553.1128;0.0;0.0;1838.2656
1819.385;0.57260585;-0.2165032;1176.6079;-7115.044;-5938.436;-3547.187;0.0;0.0;1838.2656
1819.39;0.57263196;-0.21555263;1176.7203;-7114.135;-5937.4146;-3542.1697;0.0;0.0;1838.2656
1819.395;0.5726609;-0.2145623;1176.8318;-7112.8076;-5935.9756;-3536.9312;0.0;0.0;1838.2656
1819.4;0.57268476;-0.2136849;1176.9048;-7111.7207;-5934.816;-3532.2383;0.0;0.0;1838.2656
1819.405;0.5726945;-0.21302047;1176.9237;-7110.87;-5933.9463;-3528.612;0.0;0.0;1838.2656
1819.41;0.57269293;-0.2123315;1176.9011;-7109.963;-5933.0615;-3524.7673;0.0;0.0;1838.2656
1819.415;0.5726855;-0.21167992;1176.883;-7109.107;-5932.2236;-3521.138;0.0;0.0;1838.2656
1819.42;0.5726904;-0.21111885;1176.9618;-7108.323;-5931.3613;-3518.2012;0.0;0.0;1838.2656
1819.425;0.57273406;-0.21088098;1177.2214;-7107.811;-5930.59;-3517.4087;0.0;0.0;1838.2656
1819.43;0.5728282;-0.21139486;1177.6995;-7108.126;-5930.427;-3521.1987;0.0;0.0;1838.2656
1819.435;0.57297355;-0.21242753;1178.3629;-7108.359;-5929.996;-3528.2205;0.0;0.0;1838.2656
1819.44;0.57314956;-0.21470977;1179.0981;-7109.7812;-5930.683;-3542.277;0.0;0.0;1838.2656
1819.445;0.57331914;-0.21809216;1179.7461;-7112.0977;-5932.3516;-3562.226;0.0;0.0;1838.2656
1819.45;0.57344455;-0.2220665;1180.1763;-7114.5737;-5934.3975;-3585.0042;0.0;0.0;1838.2656
1819.455;0.57350403;-0.22672087;1180.3359;-7117.547;-5937.211;-3610.9915;0.0;0.0;1838.2656
1819.46;0.57349855;-0.23135833;1180.2429;-7120.14;-5939.8975;-3636.3801;0.0;0.0;1838.2656
1819.465;0.57343924;-0.23579186;1179.9729;-7122.3857;-5942.413;-3660.29;0.0;0.0;1838.2656
1819.47;0.57335424;-0.23998487;1179.6415;-7124.405;-5944.763;-3682.7507;0.0;0.0;1838.2656
1819.475;0.5732714;-0.24368283;1179.3595;-7125.791;-5946.4316;-3702.5803;0.0;0.0;1838.2656
1819.48;0.5732148;-0.24735504;1179.1975;-7127.249;-5948.052;-3722.5078;0.0;0.0;1838.2656
1819.485;0.57319033;-0.25108925;1179.1511;-7128.932;-5949.7812;-3743.0083;0.0;0.0;1838.2656
1819.49;0.57318753;-0.25474906;1179.1703;-7130.542;-5951.3716;-3763.23;0.0;0.0;1838.2656
1819.495;0.5731901;-0.2583598;1179.1716;-7132.1367;-5952.965;-3783.145;0.0;0.0;1838.2656
1819.5;0.5731768;-0.2617895;1179.1108;-7133.593;-5954.482;-3801.9375;0.0;0.0;1838.2656
1819.505;0.5731498;-0.2648287;1178.9974;-7134.635;-5955.637;-3818.4714;0.0;0.0;1838.2656
1819.51;0.57311386;-0.26754707;1178.8749;-7135.625;-5956.75;-3833.2175;0.0;0.0;1838.2656
1819.515;0.5730851;-0.2701414;1178.7844;-7136.665;-5957.881;-3847.3438;0.0;0.0;1838.2656
1819.52;0.5730644;-0.27249962;1178.7026;-7137.8223;-5959.1196;-3860.1853;0.0;0.0;1838.2656
1819.525;0.57303685;-0.27445468;1178.5432;-7138.7935;-5960.25;-3870.6482;0.0;0.0;1838.2656
1819.53;0.5729753;-0.27580023;1178.1997;-7139.408;-5961.2085;-3877.3816;0.0;0.0;1838.2656
1819.535;0.5728577;-0.2763035;1177.6206;-7139.537;-5961.9165;-3878.9988;0.0;0.0;1838.2656
1819.54;0.57268536;-0.2754238;1176.8458;-7138.5557;-5961.71;-3872.598;0.0;0.0;1838.2656
1819.545;0.57248026;-0.27355742;1175.9806;-7137.0376;-5961.057;-3860.5747;0.0;0.0;1838.2656
1819.55;0.57227284;-0.27013853;1175.1565;-7134.467;-5959.3105;-3840.072;0.0;0.0;1838.2656
1819.555;0.5720948;-0.26567453;1174.4752;-7131.163;-5956.688;-3814.0916;0.0;0.0;1838.2656
1819.56;0.57195944;-0.26039702;1173.961;-7127.5713;-5953.6104;-3783.9587;0.0;0.0;1838.2656
1819.565;0.57186127;-0.25441098;1173.5719;-7123.55;-5949.978;-3750.1687;0.0;0.0;1838.2656
1819.57;0.5717834;-0.24786894;1173.2322;-7119.327;-5946.0947;-3713.4111;0.0;0.0;1838.2656
1819.575;0.5717082;-0.24084479;1172.8989;-7114.7603;-5941.8613;-3674.0078;0.0;0.0;1838.2656
1819.58;0.5716355;-0.23349506;1172.6067;-7110.126;-5937.5195;-3632.891;0.0;0.0;1838.2656
1819.585;0.571586;-0.2258412;1172.4475;-7105.26;-5932.8125;-3590.3633;0.0;0.0;1838.2656
1819.59;0.57158446;-0.21830674;1172.5334;-7100.6094;-5928.076;-3548.9841;0.0;0.0;1838.2656
1819.595;0.5716593;-0.2110477;1172.9641;-7096.045;-5923.081;-3509.8135;0.0;0.0;1838.2656
1819.6;0.5718279;-0.2045454;1173.7861;-7091.996;-5918.21;-3475.5986;0.0;0.0;1838.2656
1819.605;0.57208985;-0.19977628;1174.9639;-7089.5903;-5914.6265;-3451.6533;0.0;0.0;1838.2656
1819.61;0.5724221;-0.19678997;1176.3528;-7088.637;-5912.284;-3437.9622;0.0;0.0;1838.2656
1819.615;0.5727704;-0.19570746;1177.6973;-7089.1084;-5911.411;-3434.6814;0.0;0.0;1838.2656
1819.62;0.5730632;-0.19593494;1178.7233;-7090.415;-5911.692;-3437.9878;0.0;0.0;1838.2656
1819.625;0.57324564;-0.1970688;1179.2697;-7092.209;-5912.9395;-3445.3337;0.0;0.0;1838.2656
1819.63;0.5733039;-0.1985292;1179.3583;-7094.0283;-5914.67;-3453.5647;0.0;0.0;1838.2656
1819.635;0.57327116;-0.20007746;1179.1641;-7095.837;-5916.673;-3461.7146;0.0;0.0;1838.2656
1819.64;0.57320124;-0.20124908;1178.9028;-7097.2383;-5918.3354;-3467.6533;0.0;0.0;1838.2656
1819.645;0.5731436;-0.20204741;1178.7455;-7098.17;-5919.4243;-3471.7415;0.0;0.0;1838.2656
1819.65;0.5731271;-0.20316796;1178.7776;-7099.669;-5920.8916;-3477.985;0.0;0.0;1838.2656
1819.655;0.5731588;-0.20418009;1178.9734;-7100.908;-5921.9346;-3483.9585;0.0;0.0;1838.2656
1819.66;0.5732149;-0.20556793;1179.2207;-7102.4346;-5923.214;-3492.1067;0.0;0.0;1838.2656
1819.665;0.57326317;-0.2073256;1179.3943;-7104.2837;-5924.8896;-3502.147;0.0;0.0;1838.2656
1819.67;0.5732779;-0.20922227;1179.4025;-7106.23;-5926.8276;-3512.6233;0.0;0.0;1838.2656
1819.675;0.57324475;-0.21112673;1179.2283;-7108.1274;-5928.8994;-3522.7776;0.0;0.0;1838.2656
1819.68;0.57317364;-0.21260601;1178.9238;-7109.5625;-5930.6387;-3530.3267;0.0;0.0;1838.2656
1819.685;0.5730831;-0.21389797;1178.5676;-7110.8223;-5932.255;-3536.739;0.0;0.0;1838.2656
1819.69;0.5729924;-0.21487476;1178.241;-7111.867;-5933.626;-3541.4727;0.0;0.0;1838.2656
1819.695;0.57292104;-0.21549492;1178.0007;-7112.5938;-5934.593;-3544.412;0.0;0.0;1838.2656
1819.7;0.57287425;-0.2160183;1177.8428;-7113.1953;-5935.3525;-3546.9827;0.0;0.0;1838.2656
1819.705;0.57284266;-0.21622786;1177.7292;-7113.298;-5935.5684;-3547.9111;0.0;0.0;1838.2656
1819.71;0.5728149;-0.2164521;1177.5935;-7113.5605;-5935.967;-3548.8765;0.0;0.0;1838.2656
1819.715;0.572769;-0.21631587;1177.3503;-7113.4404;-5936.09;-3547.6387;0.0;0.0;1838.2656
1819.72;0.5726868;-0.21565554;1176.9473;-7112.708;-5935.7607;-3543.191;0.0;0.0;1838.2656
1819.725;0.5725635;-0.21429034;1176.3809;-7111.47;-5935.0894;-3534.5293;0.0;0.0;1838.2656
1819.73;0.57240576;-0.21237345;1175.7148;-7109.931;-5934.2163;-3522.6262;0.0;0.0;1838.2656
1819.735;0.57224023;-0.20928428;1175.0587;-7107.377;-5932.3184;-3504.2776;0.0;0.0;1838.2656
1819.74;0.5720934;-0.20569563;1174.5088;-7104.5596;-5930.051;-3483.3872;0.0;0.0;1838.2656
1819.745;0.5719831;-0.20149828;1174.1152;-7101.497;-5927.382;-3459.4526;0.0;0.0;1838.2656
1819.75;0.5719132;-0.19690894;1173.8723;-7098.241;-5924.369;-3433.6575;0.0;0.0;1838.2656
1819.755;0.5718738;-0.19187205;1173.7305;-7094.456;-5920.7256;-3405.5964;0.0;0.0;1838.2656
1819.76;0.57185113;-0.18682705;1173.6488;-7090.8687;-5917.2197;-3377.6108;0.0;0.0;1838.2656
1819.765;0.5718413;-0.18190317;1173.6357;-7087.5815;-5913.946;-3350.4304;0.0;0.0;1838.2656
1819.77;0.5718528;-0.17673872;1173.7344;-7083.7954;-5910.061;-3322.147;0.0;0.0;1838.2656
1819.775;0.5718976;-0.17195189;1173.971;-7080.5625;-5906.592;-3296.2217;0.0;0.0;1838.2656
1819.78;0.57197416;-0.16778903;1174.334;-7077.807;-5903.473;-3273.9905;0.0;0.0;1838.2656
1819.785;0.57207596;-0.1638343;1174.7739;-7074.918;-5900.144;-3253.0608;0.0;0.0;1838.2656
1819.79;0.57218444;-0.16054703;1175.2053;-7072.6313;-5897.426;-3235.795;0.0;0.0;1838.2656
1819.795;0.5722764;-0.15795729;1175.5405;-7070.9917;-5895.451;-3222.1833;0.0;0.0;1838.2656
1819.8;0.5723342;-0.15548243;1175.7063;-7069.1523;-5893.4463;-3208.8667;0.0;0.0;1838.2656
1819.805;0.57234246;-0.1532865;1175.6611;-7067.7456;-5892.0845;-3196.6663;0.0;0.0;1838.2656
1819.81;0.57229924;-0.15075134;1175.4108;-7065.8413;-5890.4307;-3182.1846;0.0;0.0;1838.2656
1819.815;0.57221156;-0.14778899;1175.013;-7063.409;-5888.3965;-3165.052;0.0;0.0;1838.2656
1819.82;0.572103;-0.14443253;1174.5715;-7060.664;-5886.093;-3145.6592;0.0;0.0;1838.2656
1819.825;0.57200253;-0.14055733;1174.2134;-7057.53;-5883.3164;-3123.5718;0.0;0.0;1838.2656
1819.83;0.5719432;-0.13655832;1174.0806;-7054.2344;-5880.154;-3101.2524;0.0;0.0;1838.2656
1819.835;0.57195836;-0.1325396;1174.2928;-7050.8687;-5876.5757;-3079.5146;0.0;0.0;1838.2656
1819.84;0.57207084;-0.12949674;1174.9167;-7048.325;-5873.408;-3063.9817;0.0;0.0;1838.2656
1819.845;0.57228357;-0.12782228;1175.9487;-7047.219;-5871.2705;-3056.8113;0.0;0.0;1838.2656
1819.85;0.5725889;-0.12778659;1177.3142;-7047.317;-5870.003;-3059.3455;0.0;0.0;1838.2656
1819.855;0.5729536;-0.1297094;1178.8682;-7049.127;-5870.259;-3073.0574;0.0;0.0;1838.2656
1819.86;0.57333636;-0.13354304;1180.4194;-7052.374;-5871.9546;-3097.3015;0.0;0.0;1838.2656
1819.865;0.5736848;-0.13903672;1181.7327;-7056.7803;-5875.048;-3130.2246;0.0;0.0;1838.2656
1819.87;0.57393795;-0.14564028;1182.5898;-7062.088;-5879.498;-3168.3562;0.0;0.0;1838.2656
1819.875;0.57405585;-0.15274592;1182.856;-7067.6514;-5884.7954;-3208.0745;0.0;0.0;1838.2656
1819.88;0.5740204;-0.1596974;1182.5117;-7073.3223;-5890.8105;-3245.7222;0.0;0.0;1838.2656
1819.885;0.5738491;-0.16546817;1181.6724;-7077.9507;-5896.2783;-3275.8682;0.0;0.0;1838.2656
1819.89;0.57358587;-0.16949515;1180.5433;-7081.077;-5900.5337;-3295.818;0.0;0.0;1838.2656
1819.895;0.5732877;-0.17198978;1179.3464;-7083.3057;-5903.959;-3307.1816;0.0;0.0;1838.2656
1819.9;0.5730031;-0.17262761;1178.2427;-7083.9805;-5905.738;-3308.4915;0.0;0.0;1838.2656
1819.905;0.57275766;-0.17204219;1177.2937;-7084.187;-5906.8936;-3303.3652;0.0;0.0;1838.2656
1819.91;0.5725518;-0.1701919;1176.5022;-7083.5293;-5907.0273;-3291.5781;0.0;0.0;1838.2656
1819.915;0.5723851;-0.16720599;1175.8616;-7081.935;-5906.073;-3273.8303;0.0;0.0;1838.2656
1819.92;0.5722553;-0.16366182;1175.3816;-7080.202;-5904.8203;-3253.325;0.0;0.0;1838.2656
1819.925;0.5721701;-0.15960403;1175.103;-7077.9897;-5902.8867;-3230.39;0.0;0.0;1838.2656
1819.93;0.5721404;-0.15535808;1175.0652;-7075.7583;-5900.6934;-3206.8987;0.0;0.0;1838.2656
1819.935;0.57217145;-0.15169954;1175.2626;-7074.3027;-5899.04;-3187.1174;0.0;0.0;1838.2656
1819.94;0.5722515;-0.14831407;1175.6263;-7072.8687;-5897.242;-3169.1748;0.0;0.0;1838.2656
1819.945;0.5723572;-0.1455615;1176.0613;-7071.6973;-5895.6357;-3154.8647;0.0;0.0;1838.2656
1819.95;0.57246685;-0.14347476;1176.4965;-7071.174;-5894.6772;-3144.227;0.0;0.0;1838.2656
1819.955;0.5725707;-0.1421563;1176.9307;-7070.9014;-5893.9707;-3137.8245;0.0;0.0;1838.2656
1819.96;0.5726808;-0.1414011;1177.4146;-7070.8594;-5893.445;-3134.6274;0.0;0.0;1838.2656
1819.965;0.57281035;-0.14156389;1178.006;-7071.4155;-5893.4097;-3136.708;0.0;0.0;1838.2656
1819.97;0.57297194;-0.14293453;1178.7195;-7072.882;-5894.162;-3145.6938;0.0;0.0;1838.2656
1819.975;0.57315624;-0.14522909;1179.5092;-7074.9624;-5895.453;-3159.9272;0.0;0.0;1838.2656
1819.98;0.5733482;-0.14884292;1180.2711;-7077.9434;-5897.6724;-3181.3806;0.0;0.0;1838.2656
1819.985;0.5735111;-0.15346448;1180.8721;-7081.6704;-5900.7983;-3208.0696;0.0;0.0;1838.2656
1819.99;0.57361966;-0.1588395;1181.2292;-7085.9097;-5904.6807;-3238.426;0.0;0.0;1838.2656
1819.995;0.57366323;-0.1645249;1181.336;-7090.12;-5908.784;-3269.9937;0.0;0.0;1838.2656
1820.0;0.5736538;-0.17027535;1181.2695;-7094.2305;-5912.961;-3301.573;0.0;0.0;1838.2656
